Тип_имот,Тип_продавач,Локация-район,Площ_квм,Цена,Цена_кв.м,Телефон,Описание,Източник,Снимка_URL,Дата_обява,Спешност
апартамент,агенция,"Погребите, Варна",179,210000,1173.18,,"гр. Варна, многостаен-179 кв.м, ул. Хан Тервел. | Ексклузивно! Гр. Варна, ул. Хан Тервел. ново строителство, Акт 16 от 2024 г. Гледка към морето и града. Обща площ: 179 кв.м. / 5 стаи, 2 бани, 6 балкона, мезонет, състоящ се от: 1-ви етаж: Кухня-трапезария, 2 спални, баня с тоалетна, 3 балкона, коридор. 2-ри етаж: 3 стаи, баня с тоалетна, коридор, дрешник, 3 балкона. Удобно разположен с добре развита инфраструктура, на пешеходно разстояние от: Катедралата, Колхозния пазар, Читалището, Драматичния театър, детски градини, общообразователни и езикови училища, банки, аптеки, ресторанти, кафенета, б",https://www.alo.bg/gr-varna-mnogostaen-179-kv-m-ul-han-tervel-10895816,https://www.alo.bg/user_files/r/rosinvest7/10895816_142501477_medium.jpg,,NO
апартамент,частно лице,"Център, Варна",120,288500,2404.17,,"Многостаен апартамент, за продажба, Център | Открийте мястото, където ще се чувствате у дома от първия момент. Агенция за недвижими имоти Титан Пропъртис предлага на Вашето внимание Многостаен апартамент, за продажба, намиращ се в Център. Намира се в близост до спирки на градски транспорт, хранителни магазини, училища, детски градини и площадки, магазин, Била, Ботева градинка и др. Имота е ситуиран на 2-ри жилищен етаж и разполага с площ от 120 кв.м разгърнати в следното разпределение: кухня с трапезария, три отделни спални, като една от тях разполага със собствена тоалетна, коридор, две терас",https://www.alo.bg/mnogostaen-apartament-za-prodajba-centar-11303980,https://www.alo.bg/user_files/t/titanproperties_varna/11303980_145375317_medium.jpg,,NO
апартамент,агенция,"Виница, Варна",42,65000,1547.62,,"Едностаен апартамент в кв. Виница, гр. Варна | Агенция за недвижими имоти ”Апарт Естейт” ексклузивно продава едностаен апартамент със статут ”СКЛАД”. Площ - 42 кв.м. Етаж - 1 (жилищен). Продава се обзаведен Сграда се намира в тих и спокоен район на гр. Варна.",https://www.alo.bg/ednostaen-apartament-v-kv-vinica-gr-varna-11336749,https://www.alo.bg/user_files/a/apartestate/11336749_145597322_medium.jpg,,NO
апартамент,частно лице,"Бриз, Варна",92,250000,2717.39,,"Продава се тристаен апартамент в кв. Бриз, до Kaufland | Продава се тристаен апартамент в кв. Бриз, до Kaufland. Имотът предлага уникална панорамна гледка към морето, залива и почти цяла Варна. Към апартамента има мазе, включено в цената. Възможност за закупуване на подземно паркомясто срещу допълнително заплащане. Предпочитам първоначалният контакт да бъде чрез WhatsApp/Viber. Благодаря!",https://www.alo.bg/prodava-se-tristaen-apartament-v-kv-briz-do-kaufland-11253659,https://www.alo.bg/user_files/a/avrealty/11253659_145014928_medium.jpg,,NO
апартамент,частно лице,"Център, Варна",95,280000,2947.37,,"Апартамент с три спални до Градска болница, Варна | ID:5202 ЛД Пропъртис продава четиристаен апартамент в тухлена сграда, строителство 80-те години, в идеалния център на Варна. Сградата е на изключително комуникативно място в непосредствена близост до Градска болница, Централна поща, Катедралата, автобусни спирки, както и пешеходната зона на града. В района също така има учебни заведения, детска градина и ясла. Сградата има асансьор, който слиза до подземните етажи с избени помещения. На територията пред входа може да се паркира свободно. Апартаментът е на първи жилищен етаж, над гаражи. Състо",https://www.alo.bg/apartament-s-tri-spalni-do-gradska-bolnica-varna-11384697,https://www.alo.bg/user_files/l/ldproperties/11384697_145970958_medium.jpg,,NO
апартамент,частно лице,"Виница, Варна",95,190000,2000.0,,"Прекрасен дом! Тристаен апартамент Виница | Тристайно бижу с морска панорама във Виница. Мира Хоум предлага ексклузивно изключителен тристаен апартамент, разположен на последен етаж в тухлена кооперация ново строителство с асансьор, в кв. Виница, на ул. Светослав Обретенов. Апартамента се състои от дневен тракт с кухня и кът за отдих, две комфортни спални, две санитарни помещения, тераса с впечатляваща морска панорама. Създаден за живеене, не за инвестиция Напълно обзаведен и оборудван с внимание към всеки детайл - дом, който носи уют и усещане за качество. Спокойствие и чист въздух Тишина, зе",https://www.alo.bg/prekrasen-dom-tristaen-apartament-vinica-10931964,https://www.alo.bg/user_files/m/mirahome/10931964_142740109_medium.jpg,,NO
апартамент,частно лице,"Възраждане, Варна",90,175000,1944.44,,"ЕКСКЛУЗИВНО! Четиристаен обзаведен апатамент, район Възраждане 2 - гр. Варна | Само в Ера Лайф! Продава се четиристаен апартамент, разположен в един от предпочитаните райони на морския град - Възраждане 2. Имотът е с площ 89,34 кв.м, разположен на четвърти етаж в добре поддържан панелен блок. Имотът е със следното разпределение: коридор, кухня с трапезна зона с излаз на балкон, две самостоятелни спални, хол с излаз на тераса, баня и тоалетна в отделни помещения, килер и перално помешение, ведно с прилежащо избено помещение с площ 3,90 кв.м. Паркирането в района е свободно. Жилището е напълно о",https://www.alo.bg/ekskluzivno-chetiristaen-obzaveden-apatament-raion-vazrajdane-2-gr-varna-11390301,https://www.alo.bg/user_files/e/eralife/11390301_146024439_medium.jpg,,NO
апартамент,агенция,"Бриз, Варна",110,260000,2363.64,,"напълно обзаведен четири стаен | Реф. №: 24466 | Компас Недвижими Имоти предлага за продажба просторен четиристаен апартамент в един от най-предпочитаните райони на Варна - кв. Бриз, в непосредствена близост до Стадион Варна. Жилището се състои от: • светла и просторна дневна с излаз към тераса с нескриваема морска панорама • три самостоятелни спални, като едната е с излаз към тераса • отделна баня с тоалет • перално помещение с втора тоалетна • функционално разпределение и отлична осветеност Апартаментът се продава напълно обзаведен и оборудван, готов за нанасяне. Имотът е поддържан, с необхо",https://www.alo.bg/napalno-obzaveden-chetiri-staen-11162296,https://www.alo.bg/user_files/c/compassrealestate/11162296_144311088_medium.jpg,,NO
апартамент,частно лице,"Виница, Варна",209,245039,1172.44,,"Тристаен апартамент без комисионна за купувача, с АКТ 16 | БЕЗ КОМИСИОННА ЗА КУПУВАЧА!!! С АКТ 16!!! Представяме Ви 3-стаен апартамент на 2-ри жилищен етаж, изложение изток/запад в жилищен комплекс от затворен тип с голяма веранда от 71 кв., още една тераса от 25 кв. и паркомясто, включени в цената. Комплексът разполага с панорамна гледка към планината и морето, разположен в кв. Виница на гр. Варна, в близост до борова гора, Еко парк Златни пясъци и само на 3км от морския бряг. Жилищeният ĸoмплeĸc пpeдлaгa пpocтpaнcтвo, зeлeнинa, чиcт въздyx, мopcĸa пaнopaмa и спокойствие. Лoĸaциятa мy e мнoгo",https://www.alo.bg/tristaen-apartament-bez-komisionna-za-kupuvacha-s-akt-16-10963150,https://www.alo.bg/user_files/p/propertyportal/10963150_142944920_medium.jpg,,NO
апартамент,частно лице,"Виница, Варна",106,150000,1415.09,,"Двустаен апартамент без комисионна за купувача, с АКТ 16! | !!! БЕЗ КОМИСИОННА ЗА КУПУВАЧА!!! АКТ 16!!! Представяме Ви 2-стаен апартамент, на 2ри жилищен етаж, с голяма западна тераса от 34 кв. (терасата не е отбелязана на разпределението на имота, но са направени снимки), изба в подземния паркинг от 6 кв и паркомясто, включени в цената. Изложение изток-запад в жилищен комплекс от затворен тип с панорамна гледка към планината и морето, разположен в кв. Виница на гр. Варна, в близост до борова гора, Еко парк Златни пясъци и само на 3км от морския бряг. Жилищeният ĸoмплeĸc пpeдлaгa пpocтpaнcтвo",https://www.alo.bg/dvustaen-apartament-bez-komisionna-za-kupuvacha-s-akt-16-10963136,https://www.alo.bg/user_files/p/propertyportal/10963136_142944816_medium.jpg,,NO
апартамент,частно лице,"Аспарухово, Варна",167,169900,1017.37,,"Varna View - двустаен апартамент с впечатляваща тераса и гледка в затворен комплекс във Варна | За повече информация свържете се с нас и цитирайте референтния номер на имота. Моля, кажете, че сте видeли обявата в този сайт. Референтен номер: VAR-100921 Представяме не просто един първокласен морски апартамент, а панорамен имот тип пентхаус, с впечатляваща тераса от цели 89.58 кв.м, с гледка към морето и плажа. Жилището е част от уникален по рода си затворен комплекс с луксозни апартаменти, който предлага високо качество на живот, множество екстри и удобства, както и прекрасно местоположение в к",https://www.alo.bg/varna-view-dvustaen-apartament-s-vpechatlyavashta-terasa-i-gledka-v-zatvoren-kompleks-vav-varna-7829801,https://www.alo.bg/user_files/s/suprimmovarna/7829801_137862912_medium.jpg,,NO
апартамент,агенция,"Трошево, Варна",60,120000,2000.0,,"Тристаен апартамент 60 кв.м в Трошево, ЕПК - среден етаж, юг/изток, до Мол Варна ⭐ | PRESTIGE Имоти предлага за продажба светъл и функционален тристаен апартамент в кв. Трошево, в непосредствена близост до Мол Варна. Имотът е с площ 60 кв.м и се намира на среден етаж в ЕПК сграда. Отличава се с правилно разпределение и три отделни стаи, което го прави подходящ както за семейно жилище, така и за инвестиция. Апартаментът е с предпочитано изложение юг/изток - светъл и топъл, с приятна жилищна среда. Дограмата е подменена. Жилището е за ремонт, което дава възможност новите собственици да го преобр",https://www.alo.bg/tristaen-apartament-60-kv-m-v-troshevo-epk-sreden-etaj-yug-iztok-do-mol-varna-11314549,https://www.alo.bg/user_files/p/primmo.bg/11314549_145447928_medium.jpg,,NO
апартамент,частно лице,"Левски, Варна",110,335000,3045.45,,"Частен Собственик Продава 3ен Апартамент Варна! ТОП Локация! | ДИРЕКТНО ОТ СОБСТВЕНИКА! ТОП Локация! Продавам Чисто нов апартамент! В центъра на всички комуникации: ВМА, УМБАЛ Св. Марина, Технически Университет, детска градина, училище, Хранителни магазини, аптеки, салони за красота на метри разстояние!!! 2020г. Ново Строителство, Тристаен апартамент в модерна сграда с 2 асансьора, напълно обзаведен, Възможност за ПАРКОМЯСТО в сградата или свободно паркиране в близост на 100м. 2 супер мощни климатика! Голяма баня с тоалетна + 2-ра Тоалетна!",https://www.alo.bg/chasten-sobstvenik-prodava-3en-apartament-varna-top-lokaciya-11384439,https://www.alo.bg/user_files/k/kalchev_p/11384439_145968669_medium.jpg,,NO
апартамент,агенция,"Погребите, Варна",110,175000,1590.91,,"Тристаен апартамент на 10 мин от Катедралата | Реф. №: 24569 | САМО ОТ КОМПАС НЕДВИЖИМИ ИМОТИ! ПЕРЕФЕКТЕН ЗА КРЕДИТИРАНЕ! НА 10 МИН ОТ КАТЕДРАЛАТА! АКТ 16 ДО КРАЯ НА 2026г.! Компас недвижими имоти предлага за продажба апартамент с две спални в широкият център на морската ни столица. Апартаментът се състои от дневна, две спални, две панорамни тераси, баня, отделна тоалетна и килер. Жилището е разположено на пети етаж с изложение изток-запад. Възможност за придобиване на паркомясто. Жилищната сграда е пред въвеждане в експлоатация., което би следвало да се случи до края на тази година. Ако търси",https://www.alo.bg/tristaen-apartament-na-10-min-ot-katedralata-11378682,https://www.alo.bg/user_files/c/compassrealestate/11378682_145921729_medium.jpg,,NO
апартамент,агенция,"Бриз, Варна",60,160000,2666.67,,"Модерно обзаведен двустаен апартамент в сграда с Акт 16 | Реф. №: 24568 | МОДЕРНО ОБЗАВЕДЕН ДВУСТАЕН АПАРТАМЕНТ! СГРАДА С АКТ 16! ВЪЗМОЖНОСТ ЗА ПОДЗЕМНО ПАРКОМЯСТО! Компас недвижими имоти предлага за продажба апартамент с една спалня в един от най-предпочитаните райони на град Варна, а именно кв. Бриз. Апартаментът е разположен на втори жилищен етаж в пет етажна жилищна сграда. Състои се от входно антре, дневна, спалня, баня + WC и тераса. Към апартамента може да се закупи и подземно паркомясто с прилежащ склад към него. Имотът е напълно обзаведен и оборудван до най-малкия детайл. Без нужда от",https://www.alo.bg/moderno-obzaveden-dvustaen-apartament-v-sgrada-s-akt-16-11378634,https://www.alo.bg/user_files/c/compassrealestate/11378634_145921505_medium.jpg,,NO
къща,частно лице,"Аспарухово, Варна",60,225900,3765.0,,"Стара къща в комуникативен район | Продавам ъглов парцел с площ 330 кв.м. със стара къща. Имотът е подходящ за изграждане на нова жилищна сграда и разполага с действащ ПУП - ПЛАН - ИЗВАДКА - ПРЗ. Всички необходими комуникации ток, вода и канализация са налични в имота. Добра локация, удобен достъп и отличен потенциал за инвестиция или изграждане на собствен дом.",https://www.alo.bg/stara-kashta-v-komunikativen-raion-11386576,https://www.alo.bg/user_files/b/bdcgtmbfnn/11386576_145987799_medium.jpg,,NO
къща,частно лице,"Аспарухово, Варна",330,225900,684.55,,"Парцел за жилищно строителство | Продавам ъглов парцел с площ 330 кв.м. със стара къща. Имотът е подходящ за изграждане на нова жилищна сграда и разполага с действащ ПУП - ПЛАН - ИЗВАДКА - ПРЗ. Всички необходими комуникации ток, вода и канализация са налични в имота. Добра локация, удобен достъп и отличен потенциал за инвестиция или изграждане на собствен дом.",https://www.alo.bg/parcel-za-jilishtno-stroitelstvo-11300492,https://www.alo.bg/user_files/b/bdcgtmbfnn/11300492_145350546_medium.jpg,,NO
парцел,частно лице,"Владиславово, Варна",1001,80080,80.0,,"Крайезерен път Варна З. П. Зона | Крайезерен път З. П. Зона кв. Владиславово. Идентификатор 10135.4046.3 Парцела е със голямо лице на Крайезерния път. за Тир паркинг. Сервиз за гуми, Склад за Дървен материал... ЦЕНА та МОЖЕ ДА СЕ КОМЕНТИРА",https://www.alo.bg/kraiezeren-pat-varna-z-p-zona-11295044,https://www.alo.bg/user_files/c/chefoni/11295044_145313352_medium.jpg,,NO
апартамент,агенция,Аспарухово,30,55900,1863.33,0877815164,"Продава 1-СТАЕН, град Варна, Аспарухово | 30 кв.м, 8-ми ет. от 9, Въведен в експлоатация 1980 - 1989 г., *ЕКСКЛУЗИВНО! Едностаен апартамент тип боксониера с отличен потенциал за инвестиция* КЛЮЧ В ОФИСА ...",https://www.imot.bg/obiava-1a178280458010259-prodava-ednostaen-apartament-grad-varna-asparuhovo,https://imotstatic4.focus.bg/imot/photosimotbg/1/259/1a178280458010259_ft.jpg,,NO
апартамент,агенция,Виница,41,68000,1658.54,0896316898,"Продава 1-СТАЕН, град Варна, Виница | 41 кв.м, 1-ви ет. от 4, Ще бъде въведен в експлоатация 2027 г., БУТИКОВА СГРАДА 'ELLA' ! РАЗСРОЧЕНО ПЛАЩАНЕ!!! ИЗБОР НА АПАРТАМЕНТИ ! ВЪЗМОЖНОСТ ЗА ПАРКОМЯСТО! ДИРЕ ...",https://www.imot.bg/obiava-1a177365196206716-prodava-ednostaen-apartament-grad-varna-vinitsa,https://cdn3.focus.bg/imot/photosimotbg/1/716/1a177365196206716_nt.jpg,,NO
апартамент,агенция,Владислав Варненчик,26,45990,1768.85,0895008088,"Продава 1-СТАЕН, град Варна, Владислав Варненчик 1 | 26 кв.м, Караулницата, 1-ви ет. от 10, Ще бъде въведен в експлоатация 2028 г., Residential Park Varna - Нов модерен жилищен комплекс в кв. Владислав Варненчик 🏡 Студио & ...",https://www.imot.bg/obiava-1a175317375454745-prodava-ednostaen-apartament-grad-varna-vladislav-varnenchik-1-karaulnitsata,https://imotstatic2.focus.bg/imot/photosimotbg/1/745/1a175317375454745_k7.jpg,,NO
апартамент,агенция,Възраждане,40,88000,2200.0,0893449782,"Продава 1-СТАЕН, град Варна, Възраждане 1 | 40 кв.м, бул.Цар Освободител, 2-ри ет. от 5, Въведен в експлоатация 2014 г., Предлагаме Ви уютен и функционален ОБЗАВЕДЕН АПАРТАМЕНТ на реален втори етаж- жилището се състои от ...",https://www.imot.bg/obiava-1a178465535448386-prodava-ednostaen-apartament-grad-varna-vazrazhdane-1-bul-tsar-osvoboditel,https://imotstatic4.focus.bg/imot/photosimotbg/1/386/1a178465535448386_1m.jpg,,NO
апартамент,агенция,Възраждане,40,79500,1987.5,0889106881,"Продава 1-СТАЕН, град Варна, Възраждане 2 | 40 кв.м, 2-ри ет. от 8, Не е въведен в експлоатация, Само в ЕРА Лайф! Едностаен имот с площ 40,01 кв.м. /застроена площ 33,85 кв.м./ разположен на втори ...",https://www.imot.bg/obiava-1a177278133032215-prodava-ednostaen-apartament-grad-varna-vazrazhdane-2,https://imotstatic3.focus.bg/imot/photosimotbg/1/215/1a177278133032215_dx.jpg,,NO
апартамент,агенция,Възраждане,58,96990,1672.24,0897067701,"Продава 1-СТАЕН, град Варна, Възраждане 3 | 58 кв.м, 2-ри ет. от 5, Въведен в експлоатация 2026 г., Реф. номер: A176340 ПАНОРАМНА ГЛЕДКА !!! ЮГ - ЗАПАД ДО КЛЮЧ !!! ЕКСКЛУЗИВНО !!! РЕПУБЛИК НЕДВИЖИМИ И ...",https://www.imot.bg/obiava-1a178781782553321-prodava-ednostaen-apartament-grad-varna-vazrazhdane-3,https://imotstatic4.focus.bg/imot/photosimotbg/1/321/1a178781782553321_Dy.jpg,,NO
апартамент,агенция,Галата,30,69990,2333.0,0875363330,"Продава 1-СТАЕН, град Варна, Галата | 30 кв.м, 3-ти ет. от 4, Въведен в експлоатация 2010 г., !!СЛЕД РЕМОНТ!!СРЕДЕН ЕТАЖ!!ТУХЛА!! Представяме Ви едностаен апартамент в тухлена кооперация в кв. ...",https://www.imot.bg/obiava-1a178117457647197-prodava-ednostaen-apartament-grad-varna-galata,https://imotstatic2.focus.bg/imot/photosimotbg/1/197/1a178117457647197_SB.jpg,,NO
апартамент,агенция,к.к. Златни пясъци,38,31000,815.79,0876081309,"Продава 1-СТАЕН, град Варна, к.к. Златни пясъци | 38 кв.м, 3-ти ет. от 6, Въведен в експлоатация 2000 г., Агенция Столица Инвест представя: уютно, напълно обзаведено студио в престижния комплекс Берлин Г ...",https://www.imot.bg/obiava-1a178421126952001-prodava-ednostaen-apartament-grad-varna-k-k-zlatni-pyasatsi,https://imotstatic2.focus.bg/imot/photosimotbg/1/001/1a178421126952001_Pr.jpg,,NO
апартамент,агенция,к.к. Златни пясъци,41,72900,1778.05,0988170827,"Продава 1-СТАЕН, град Варна, к.к. Златни пясъци | 41 кв.м, 6-ти ет. от 11, Въведен в експлоатация, LUXIMMO FINEST ESTATES: www.luximmo.bg Представяме едностаен апартамент в комплекс тип апарт хотел, ...",https://www.imot.bg/obiava-1a177978613397737-prodava-ednostaen-apartament-grad-varna-k-k-zlatni-pyasatsi,https://imotstatic2.focus.bg/imot/photosimotbg/1/737/1a177978613397737_U6.jpg,,NO
апартамент,агенция,к.к. Златни пясъци,40,75000,1875.0,0895720748,"Продава 1-СТАЕН, град Варна, к.к. Златни пясъци | 40 кв.м, 3-ти ет. от 7, Въведен в експлоатация 2008 г., Студио с панорама гора в комплекс Бендита маре.Напълно обзаведено! За повече информация на посочения ...",https://www.imot.bg/obiava-1a177583517631951-prodava-ednostaen-apartament-grad-varna-k-k-zlatni-pyasatsi,https://cdn3.focus.bg/imot/photosimotbg/1/951/1a177583517631951_Ii.jpg,,NO
апартамент,агенция,к.к. Златни пясъци,48,134680,2805.83,0899005477,"Продава 1-СТАЕН, град Варна, к.к. Златни пясъци | 48 кв.м, 2-ри ет. от 6, Въведен в експлоатация 2016 г., Продавам едностаен апартамент в затворен комплекс на един от най-престижните курорти в България - Зл ...",https://www.imot.bg/obiava-1a178661464827320-prodava-ednostaen-apartament-grad-varna-k-k-zlatni-pyasatsi,https://imotstatic2.focus.bg/imot/photosimotbg/1/320/1a178661464827320_eI.jpg,,NO
апартамент,агенция,Кайсиева градина,35,78000,2228.57,0887878833,"Продава 1-СТАЕН, град Варна, Кайсиева градина | 35 кв.м, 4-ти ет. от 4, Въведен в експлоатация 2023 г., САМО ЗА КЛИЕНТИ НА БУЛИМОТ!!! Обзаведен, тухлен апартамент в сграда с акт 16!!! Статут на апартам ...",https://www.imot.bg/obiava-1a178757840919697-prodava-ednostaen-apartament-grad-varna-kaysieva-gradina,https://imotstatic3.focus.bg/imot/photosimotbg/1/697/1a178757840919697_1Y.jpg,,NO
апартамент,агенция,Колхозен пазар,26,58950,2267.31,0896380276,"Продава 1-СТАЕН, град Варна, Колхозен пазар | 26 кв.м, Партер от 5, Въведен в експлоатация 2017 г., Империум Груп недвижими имоти предлага ЕКСКЛУЗИВНО : Код на офертата: 25343 Едностаен напълно обза ...",https://www.imot.bg/obiava-1a178056887562200-prodava-ednostaen-apartament-grad-varna-kolhozen-pazar,https://imotstatic1.focus.bg/imot/photosimotbg/1/200/1a178056887562200_rn.jpg,,NO
апартамент,агенция,Лятно кино Тракия,30,92500,3083.33,0897885152,"Продава 1-СТАЕН, град Варна, Лятно кино Тракия | 30 кв.м, 1-ви ет. от 6, Въведен в експлоатация 2021 г., САМО ЗА КЛИЕНТИ НА БУЛ ИМОТ! ЕКСКЛУЗИВНО! СТАТУТ АПАРТАМЕНТ! КЛЮЧ В ОФИСА! БУЛ ИМОТ предлага за пр ...",https://www.imot.bg/obiava-1a178479704187309-prodava-ednostaen-apartament-grad-varna-lyatno-kino-trakiya,https://imotstatic3.focus.bg/imot/photosimotbg/1/309/1a178479704187309_cD.jpg,,NO
апартамент,агенция,Младост,41,94900,2314.63,0889106881,"Продава 1-СТАЕН, град Варна, Младост 1 | 41 кв.м, 7-ми ет. от 8, Въведен в експлоатация 1980 - 1989 г., Само в ЕРА Лайф! Обявеният за продажба апартамент (тип гарсониера) с обща площ 40,73 кв.м е разполож ...",https://www.imot.bg/obiava-1a178369026664063-prodava-ednostaen-apartament-grad-varna-mladost-1,https://imotstatic3.focus.bg/imot/photosimotbg/1/063/1b178369026664063_NG.jpg,,NO
апартамент,агенция,Трошево,35,85000,2428.57,0879590043,"Продава 1-СТАЕН, град Варна, Трошево | 35 кв.м, 2-ри ет. от 7, Въведен в експлоатация 2026 г., 🔥 ТОП ОФЕРТА! 🏡 ЕДНОСТАЕН АПАРТАМЕНТ 🏗️ НОВА СГРАДА ✨ ЗАВЪРШВ ...",https://www.imot.bg/obiava-1a178755568483471-prodava-ednostaen-apartament-grad-varna-troshevo,https://imotstatic1.focus.bg/imot/photosimotbg/1/471/1a178755568483471_Xr.jpg,,NO
апартамент,агенция,Трошево,45,96000,2133.33,0885922999,"Продава 1-СТАЕН, град Варна, Трошево | 45 кв.м, 5-ти ет. от 5, Въведен в експлоатация 2022 г., ЕКСКЛУЗИВНА ОФЕРТА! ОБЗАВЕДЕН ЕДНОСТАЕН С ВЪЗМОЖНОСТ ЗА ДВУСТАЕН! ПЕРФЕКТНА ИНВЕСТИЦИЯ! 🏡 ...",https://www.imot.bg/obiava-1a178601842195366-prodava-ednostaen-apartament-grad-varna-troshevo,https://cdn3.focus.bg/imot/photosimotbg/1/366/1a178601842195366_qI.jpg,,NO
апартамент,агенция,ХЕИ,33,63990,1939.09,0897842525,"Продава 1-СТАЕН, град Варна, ХЕИ | 33 кв.м, 1-ви ет. от 8, Въведен в експлоатация 2026 г., Най-добрата ЦЕНА!!! Готов за Нанасяне / Супер Изгоден за Живеене или Бизнес Инвестиция / Извън Синя ...",https://www.imot.bg/obiava-1a173589667131989-prodava-ednostaen-apartament-grad-varna-hei,https://imotstatic1.focus.bg/imot/photosimotbg/1/989/1a173589667131989_zK.jpg,,NO
апартамент,агенция,ХЕИ,40,79000,1975.0,0897885152,"Продава 1-СТАЕН, град Варна, ХЕИ | 40 кв.м, 6-ти ет. от 6, Ще бъде въведен в експлоатация 2028 г., САМО ЗА КЛИЕНТИ НА БУЛИМОТ!!! Предлагаме за продажба едностаен апартамент в новострояща се модерна ж ...",https://www.imot.bg/obiava-1a178471025581458-prodava-ednostaen-apartament-grad-varna-hei,https://imotstatic2.focus.bg/imot/photosimotbg/1/458/1a178471025581458_Z5.jpg,,NO
апартамент,агенция,Център,15,49900,3326.67,0875363330,"Продава 1-СТАЕН, град Варна, Център | 15 кв.м, 1-ви ет. от 6, Въведен в експлоатация 1997 г., ! ПЕРФЕКТНА ИНВЕСТИЦИЯ ! НАЙ-ДОБРА ЦЕНА ЗА РАЙОНА ! ЦЕНТЪР ! ОБЗАВЕДЕН! ТУХЛА ! Предлагаме за прод ...",https://www.imot.bg/obiava-1a178679160702214-prodava-ednostaen-apartament-grad-varna-tsentar,https://cdn3.focus.bg/imot/photosimotbg/1/214/1a178679160702214_XU.jpg,,NO
апартамент,агенция,Център,22,89900,4086.36,0897885152,"Продава 1-СТАЕН, град Варна, Център | 22 кв.м, Общината, 1-ви ет. от 5, Въведен в експлоатация, Стилен едностаен апартамент в идеалния център на град Варна! Напълно обзаведен в тухлена сграда, ра ...",https://www.imot.bg/obiava-1a178696797724143-prodava-ednostaen-apartament-grad-varna-tsentar-obshtinata,https://imotstatic1.focus.bg/imot/photosimotbg/1/143/1a178696797724143_a1.jpg,,NO
апартамент,агенция,Център,67,185000,2761.19,0886700187,"Продава 1-СТАЕН, град Варна, Център | 67 кв.м, ул. Никола Даскалов 6, 2-ри ет. от 6, Въведен в експлоатация 2026 г., Инвестиционна компания Крес Инвест 2007 ЕООД представя на Вашето внимание за продажба уютно обзаве ...",https://www.imot.bg/obiava-1a178654128621284-prodava-ednostaen-apartament-grad-varna-tsentar-ul-nikola-daskalov-6,https://imotstatic2.focus.bg/imot/photosimotbg/1/284/1a178654128621284_hu.jpg,,NO
апартамент,агенция,Аспарухово,60,76900,1281.67,0897885152,"Продава 2-СТАЕН, град Варна, Аспарухово | 60 кв.м, 3-ти ет. от 6, Ще бъде въведен в експлоатация 2026 г., НАЙ - ДОБРА ЦЕНА ЗА РАЙОНА! ЕКСКЛУЗИВНО! ТОП ОФЕРТА! ТОП ЦЕНА ЗА РАЙОНА! СТАУТ АПАРТАМЕНТ! ИЗЛОЖЕНИЕ ...",https://www.imot.bg/obiava-1b175388214283937-prodava-dvustaen-apartament-grad-varna-asparuhovo,https://imotstatic3.focus.bg/imot/photosimotbg/1/937/1b175388214283937_NK.jpg,,NO
апартамент,агенция,Аспарухово,93,82614,888.32,0988989956,"Продава 2-СТАЕН, град Варна, Аспарухово | 93 кв.м, 1-ви ет. от 6, Ще бъде въведен в експлоатация 2027 г., ДИРЕКТНО ОТ ИНВЕСТИТОР! Строителна фирма Хоум Варна ЕООД продава апартаменти и паркоместа в жилищна ...",https://www.imot.bg/obiava-1b177634513696478-prodava-dvustaen-apartament-grad-varna-asparuhovo,https://imotstatic4.focus.bg/imot/photosimotbg/1/478/1b177634513696478_yB.jpg,,NO
апартамент,агенция,Аспарухово,100,91500,915.0,0896872847,"Продава 2-СТАЕН, град Варна, Аспарухово | 100 кв.м, 1-ви ет. от 7, Ще бъде въведен в експлоатация 2026 г., 🔥 ЦЕНА БЕЗ АНАЛОГ! ПАНОРАМА! ПАРКОМЯСТО В ЦЕНАТА! КАЧЕСТВЕНО НОВО СТРОИТЕЛСТВО! Property St ...",https://www.imot.bg/obiava-1b178783267817066-prodava-dvustaen-apartament-grad-varna-asparuhovo,https://imotstatic4.focus.bg/imot/photosimotbg/1/066/1b178783267817066_9I.jpg,,NO
апартамент,агенция,Аспарухово,42,92990,2214.05,0875363330,"Продава 2-СТАЕН, град Варна, Аспарухово | 42 кв.м, 3-ти ет. от 8, Въведен в експлоатация 1980 - 1989 г., ! СРЕДЕН АПАРТАМЕНТ ! ЮЖНО ИЗЛОЖЕНИЕ ! ТОП ЦЕНА ! Предлагаме ви двустаен апартамент находящ се в ква ...",https://www.imot.bg/obiava-1b178393274017447-prodava-dvustaen-apartament-grad-varna-asparuhovo,https://imotstatic3.focus.bg/imot/photosimotbg/1/447/1b178393274017447_Pa.jpg,,NO
апартамент,агенция,Аспарухово,72,99000,1375.0,0876999139,"Продава 2-СТАЕН, град Варна, Аспарухово | 72 кв.м, 1-ви ет. от 5, Ще бъде въведен в експлоатация 2026 г., БЕЗ КОМИСИОН ОТ КУПУВАЧИТЕ! Нашият нов проект в кв. Аспарухово. В началото на 2025г стартира нашият ...",https://www.imot.bg/obiava-1b174074187402557-prodava-dvustaen-apartament-grad-varna-asparuhovo,https://imotstatic3.focus.bg/imot/photosimotbg/1/557/1b174074187402557_a0.jpg,,NO
апартамент,агенция,Аспарухово,60,99000,1650.0,0886705005,"Продава 2-СТАЕН, град Варна, Аспарухово | 60 кв.м, 2-ри ет. от 10, Ще бъде въведен в експлоатация 2027 г., Предлагаме за продажба светъл и уютен двустаен апартамент, разположен в модерен затворен комплекс в ...",https://www.imot.bg/obiava-1b176761550282938-prodava-dvustaen-apartament-grad-varna-asparuhovo,https://imotstatic4.focus.bg/imot/photosimotbg/1/938/1b176761550282938_2B.jpg,,NO
апартамент,агенция,Аспарухово,71,134000,1887.32,0879414888,"Продава 2-СТАЕН, град Варна, Аспарухово | 71 кв.м, к-с Саут Бей, 5-ти ет. от 10, Въведен в експлоатация 2025 г., ЕКСКЛУЗИВНО от International Real Estates (IRE) - прекрасен двустаен апартамент с морска гледка, на ...",https://www.imot.bg/obiava-1b178816907976718-prodava-dvustaen-apartament-grad-varna-asparuhovo-k-s-saut-bey,https://imotstatic3.focus.bg/imot/photosimotbg/1/718/1b178816907976718_fI.jpg,,NO
апартамент,агенция,Аспарухово,167,169900,1017.37,0882815081,"Продава 2-СТАЕН, град Варна, Аспарухово | 167 кв.м, 5-ти ет. от 6, Въведен в експлоатация, LUXIMMO FINEST ESTATES: www.luximmo.bg Представяме не просто един първокласен морски апартамент, а п ...",https://www.imot.bg/obiava-1b174496684388997-prodava-dvustaen-apartament-grad-varna-asparuhovo,https://imotstatic4.focus.bg/imot/photosimotbg/1/997/1b174496684388997_nF.jpg,,NO
апартамент,агенция,Базар Левски,72,171990,2388.75,0887222477,"Продава 2-СТАЕН, град Варна, Базар Левски | 72 кв.м, 5-ти ет. от 7, Въведен в експлоатация 2010 г., 🏡 ЕКСКЛУЗИВНО ПРЕДЛОЖЕНИЕ ОТ ЛАЙЪНС ГРУП НЕДВИЖИМИ ИМОТИ 📍 Локацията е: Базар Левск ...",https://www.imot.bg/obiava-1b178810497068618-prodava-dvustaen-apartament-grad-varna-bazar-levski,https://cdn3.focus.bg/imot/photosimotbg/1/618/1b178810497068618_eH.jpg,,NO
апартамент,агенция,Бриз,71,133000,1873.24,0896884373,"Продава 2-СТАЕН, град Варна, Бриз | 71 кв.м, 4-ти ет. от 5, Ще бъде въведен в експлоатация 2028 г., Агенция за недвижими имоти Адмирал Риъл Естейт предлага за продажба двустаен апартамент в новостро ...",https://www.imot.bg/obiava-1b177919211816576-prodava-dvustaen-apartament-grad-varna-briz,https://imotstatic2.focus.bg/imot/photosimotbg/1/576/1b177919211816576_JW.jpg,,NO
апартамент,агенция,Бриз,70,135000,1928.57,0893366050,"Продава 2-СТАЕН, град Варна, Бриз | 70 кв.м, 2-ри ет. от 10, Въведен в експлоатация 2018 г., Реф. : 24572 САМО ОТ КОМПАС НЕДВИЖИМИ ИМОТИ! НАПЪЛНО ОБЗАВЕДЕН АПАРТАМЕНТ! ФУНКЦИОНАЛНО РАЗПРЕДЕЛЕН ...",https://www.imot.bg/obiava-1b178789812769745-prodava-dvustaen-apartament-grad-varna-briz,https://imotstatic2.focus.bg/imot/photosimotbg/1/745/1b178789812769745_FZ.jpg,,NO
апартамент,агенция,Бриз,65,135000,2076.92,0897885152,"Продава 2-СТАЕН, град Варна, Бриз | 65 кв.м, БЕЗ КОМИСИОНА ОТ КУПУВАЧА, 2-ри ет. от 6, Въведен в експлоатация 2025 г., НАМАЛЕНА ЦЕНА! ЕКСКЛУЗИВНО ПРЕДЛОЖЕНИЕ! УНИКАЛНА МОРСКА ПАНОРАМА! АКТ 16! СРЕДЕН ЕТАЖ! МАЛКА БУТИКОВ ...",https://www.imot.bg/obiava-1b174487548072983-prodava-dvustaen-apartament-grad-varna-briz-bez-komisiona-ot-kupuvacha,https://imotstatic1.focus.bg/imot/photosimotbg/1/983/1b174487548072983_lU.jpg,,YES
апартамент,агенция,Бриз,67,139900,2088.06,0875363330,"Продава 2-СТАЕН, град Варна, Бриз | 67 кв.м, 2-ри ет. от 5, Въведен в експлоатация 2026 г., БРИЗ!АКТ15!2-СТАЕН!СРЕДЕН ЕТАЖ! Предлагаме 2-стаен апартамент с площ от 67 кв.м на 2-ри етаж (първи ...",https://www.imot.bg/obiava-1b178669483116772-prodava-dvustaen-apartament-grad-varna-briz,https://imotstatic4.focus.bg/imot/photosimotbg/1/772/1b178669483116772_Cz.jpg,,NO
апартамент,агенция,Бриз,64,158000,2468.75,0889000885,"Продава 2-СТАЕН, град Варна, Бриз | 64 кв.м, 1-ви ет. от 4, Въведен в експлоатация 2010 г., ЕКСКЛУЗИВНО! ТОПИММО предлага за продажба двустаен апартамент в квартал Бриз, ул. Мирон Игнатиев 15, ...",https://www.imot.bg/obiava-1b178765891133491-prodava-dvustaen-apartament-grad-varna-briz,https://imotstatic4.focus.bg/imot/photosimotbg/1/491/1b178765891133491_Rh.jpg,,NO
апартамент,агенция,Бриз,73,159000,2178.08,0882121458,"Продава 2-СТАЕН, град Варна, Бриз | 73 кв.м, 2-ри ет. от 5, Въведен в експлоатация 2026 г., Комфорт, престиж и морска гледка Имотека предлага за продажба двустаен апартамент с панорамна морск ...",https://www.imot.bg/obiava-1b178221574119859-prodava-dvustaen-apartament-grad-varna-briz,https://imotstatic1.focus.bg/imot/photosimotbg/1/859/1b178221574119859_EY.jpg,,NO
апартамент,агенция,Бриз,67,159000,2373.13,0882121458,"Продава 2-СТАЕН, град Варна, Бриз | 67 кв.м, 2-ри ет. от 5, Ще бъде въведен в експлоатация 2027 г., Двустаен изцяло южен апартамент с панорама море и град от двете стаи. Жилището е изцяло средно и е ...",https://www.imot.bg/obiava-1b178099051925183-prodava-dvustaen-apartament-grad-varna-briz,https://imotstatic1.focus.bg/imot/photosimotbg/1/183/1b178099051925183_Nj.jpg,,NO
друго,частно лице,Варна,,,,,"Спад в цените на някои храни в супермаркетите в Гърция, Варна | преди 2 часа и 58 минути",https://fakti.bg/world/1078453-spad-v-cenite-na-nakoi-hrani-v-supermarketite-v-garcia,https://cdn4.focus.bg/fakti/photos/small/0b0/spad-v-cenite-na-nakoi-hrani-v-supermarketite-v-garcia-1.webp,,NO
апартамент,агенция,Кайсиева градина,120,259900,2165.83,0879005060,"Продава 4-СТАЕН, град Варна, Кайсиева градина | 120 кв.м, 9-ти ет. от 10, Въведен в експлоатация 2026 г., ERA Парадайс Ви предлага за продажба пълноценен и комфортен многостаен апартамент с 3 спални и с пан ...",https://www.imot.bg/obiava-1d178833270512241-prodava-chetiristaen-apartament-grad-varna-kaysieva-gradina,https://imotstatic3.focus.bg/imot/photosimotbg/1/241/1d178833270512241_si.jpg,Нова обява,NO
апартамент,агенция,Владислав Варненчик,62,144990,2338.55,0875363330,"Продава 3-СТАЕН, град Варна, Владислав Варненчик 1 | 62 кв.м, 3-ти ет. от 6, Въведен в експлоатация 1994 г., ТРИ ОТДЕЛНИ СТАИ!! НОВО СЪСТОЯНИЕ!! ЕТАЖ 3 ОТ 6!! Предлагаме за продажба напълно обзаведен апартам ...",https://www.imot.bg/obiava-1c178833198381777-prodava-tristaen-apartament-grad-varna-vladislav-varnenchik-1,https://cdn3.focus.bg/imot/photosimotbg/1/777/1c178833198381777_5I.jpg,Нова обява,NO
апартамент,агенция,Трошево,56,134990,2410.54,0875363330,"Продава 2-СТАЕН, град Варна, Трошево | 56 кв.м, 2-ри ет. от 6, Въведен в експлоатация 2015 г., АКТ 16!! СРЕДЕН ЕТАЖ!! ТРОШЕВО!! Предлагаме за продажба обзаведен двустаен апартамент, разположен ...",https://www.imot.bg/obiava-1b178832913296422-prodava-dvustaen-apartament-grad-varna-troshevo,https://cdn3.focus.bg/imot/photosimotbg/1/422/1b178832913296422_10.jpg,Нова обява,NO
апартамент,агенция,Чайка,65,189000,2907.69,0885550724,"Продава 2-СТАЕН, град Варна, Чайка | 65 кв.м, 1-ви ет. от 5, Въведен в експлоатация, ТРИ ОТДЕЛНИ СТАИ! Предлагаме ви просторен двустаен апартамент в един от най-предпочитаните и зелени ...",https://www.imot.bg/obiava-1b178832519799848-prodava-dvustaen-apartament-grad-varna-chayka,https://imotstatic1.focus.bg/imot/photosimotbg/1/848/1b178832519799848_K9.jpg,Нова обява,NO
апартамент,агенция,Център,55,139900,2543.64,0892559156,"Продава 2-СТАЕН, град Варна, Център | 55 кв.м, 4-ти ет. от 4, Лок.отопл., Въведен в експлоатация, ? Слънчев апартамент, с атрактивна локация, близка до централна градска част - Колхозен пазар. Пр ...",https://www.imot.bg/obiava-1b178829646798604-prodava-dvustaen-apartament-grad-varna-tsentar,https://imotstatic2.focus.bg/imot/photosimotbg/1/604/1b178829646798604_Yz.jpg,Нова обява,NO
апартамент,агенция,Владислав Варненчик,60,144900,2415.0,0892521775,"Продава 3-СТАЕН, град Варна, Владислав Варненчик 1 | 60 кв.м, 2-ри ет. от 8, Лок.отопл., Въведен в експлоатация, ID:172964 Ексклузивно от Явлена! Тристайно жилище в квартал Владислав Варненчик- до Кметството. Апа ...",https://www.imot.bg/obiava-1c178829618343826-prodava-tristaen-apartament-grad-varna-vladislav-varnenchik-1,https://cdn3.focus.bg/imot/photosimotbg/1/826/1c178829618343826_a2.jpg,Нова обява,NO
апартамент,агенция,к.к. Св.Св. Константин и Елена,60,145000,2416.67,0892522027,"Продава 2-СТАЕН, град Варна, к.к. Св.Св. Константин и Елена | 60 кв.м, 5-ти ет. от 8, Лок.отопл., Въведен в експлоатация 2013 г., ID:167584 Нова, промоционална цена! Обзаведено двустайно жилище, разпределено както следва: входно а ...",https://www.imot.bg/obiava-1b178829578508946-prodava-dvustaen-apartament-grad-varna-k-k-sv-sv-konstantin-i-elena,https://imotstatic2.focus.bg/imot/photosimotbg/1/946/1b178829578508946_fv.jpg,Нова обява,NO
апартамент,частно лице,Лятно кино Тракия,85,220000,2588.24,0878737873,"Продава 4-СТАЕН, град Варна, Лятно кино Тракия | 85 кв.м, 1-ви ет. от 5, Въведен в експлоатация, Апартамент разположен на първи жилищен етаж, в 5 етажна тухлена сграда, в комуникативна и благоустро ...",https://www.imot.bg/obiava-1d177816004573444-prodava-chetiristaen-apartament-grad-varna-lyatno-kino-trakiya,https://imotstatic2.focus.bg/imot/photosimotbg/1/444/1d177816004573444_c4.jpg,,NO
апартамент,частно лице,Център,84,255000,3035.71,0884492388,"Продава 3-СТАЕН, град Варна, Център | 84 кв.м, 2-ри ет. от 4, Въведен в експлоатация 2000 г., 🏡 СОБСТВЕНИК ПРОДАВА СТИЛЕН ТРИСТАЕН АПАРТАМЕНТ В ЦЕНТРАЛАНТА ЧАСТ НА ГРАДА , ВАРНА | 84 м ...",https://www.imot.bg/obiava-1c178829170196468-prodava-tristaen-apartament-grad-varna-tsentar,https://imotstatic4.focus.bg/imot/photosimotbg/1/468/1c178829170196468_hY.jpg,Нова обява,NO
апартамент,агенция,Свети Никола,75,134900,1798.67,0875363330,"Продава 2-СТАЕН, град Варна, Свети Никола | 75 кв.м, 1-ви ет. от 4, Въведен в експлоатация 2025 г., ! ВИСОК КЛАС СГРАДА ! АКТ 16 ! МОРСКА ГЛЕДКА ! БАСЕЙН ! БАРБЕКЮ ЗОНА ! Предлагаме за продажба ап ...",https://www.imot.bg/obiava-1b178828813264916-prodava-dvustaen-apartament-grad-varna-sveti-nikola,https://cdn3.focus.bg/imot/photosimotbg/1/916/1b178828813264916_fs.jpg,Нова обява,NO
апартамент,частно лице,к.к. Св.Св. Константин и Елена,118,234900,1990.68,0887866735,"Продава 2-СТАЕН, град Варна, к.к. Св.Св. Константин и Елена | 118 кв.м, 5-ти ет. от 5, Въведен в експлоатация 2023 г., ПАНОРАМЕН АПАРТАМЕНТ 118 КВ.М | ВЪЗМОЖНОСТ ЗА ПРЕУСТРОЙСТВО В 3-СТАЕН ДИРЕКТНО ОТ СОБСТВЕНИК БЕЗ К ...",https://www.imot.bg/obiava-1b176377758097337-prodava-dvustaen-apartament-grad-varna-k-k-sv-sv-konstantin-i-elena,https://imotstatic3.focus.bg/imot/photosimotbg/1/337/1b176377758097337_XJ.jpg,,NO
къща,агенция,м-т Горна Трака,401,450000,1122.19,0899966021,"Продава КЪЩА, град Варна, м-т Горна Трака | 401 кв.м, двор 830 кв.м, Въведен в експлоатация, 🎯 ТОП ЛОКАЦИЯ ИМОТ С ГОЛЯМ ПОТЕНЦИАЛ! 🌊 МОРСКА ПАНОРАМА АСФАЛТОВ ПЪТ! 🔥 ...",https://www.imot.bg/obiava-1j178827847301746-prodava-kashta-grad-varna-m-t-gorna-traka,https://imotstatic2.focus.bg/imot/photosimotbg/1/746/1j178827847301746_xD.jpg,Нова обява,NO
апартамент,агенция,к.к. Чайка,122,270000,2213.11,0879143888,"Продава 3-СТАЕН, град Варна, к.к. Чайка | 122 кв.м, Кабакум, 5-ти ет. от 7, Въведен в експлоатация 2025 г., International Real Estates (IRE) има удоволствието да ви представи голям и изключително светъл трист ...",https://www.imot.bg/obiava-1c178827511091715-prodava-tristaen-apartament-grad-varna-k-k-chayka-kabakum,https://imotstatic1.focus.bg/imot/photosimotbg/1/715/1c178827511091715_Fh.jpg,Нова обява,NO
апартамент,агенция,ХЕИ,60,163990,2733.17,0879590020,"Продава 2-СТАЕН, град Варна, ХЕИ | 60 кв.м, 3-ти ет. от 5, Въведен в експлоатация, -ХЕИ една от най-предпочитаните локации във Варна! -Тухлена сграда | Среден етаж! -Просторна и слъ ...",https://www.imot.bg/obiava-1b178827396269025-prodava-dvustaen-apartament-grad-varna-hei,https://imotstatic3.focus.bg/imot/photosimotbg/1/025/1b178827396269025_zr.jpg,Нова обява,NO
апартамент,частно лице,Чайка,80,275000,3437.5,0898598929,"Продава 4-СТАЕН, град Варна, Чайка | 80 кв.м, 3-ти ет. от 6, Въведен в експлоатация, АГЕНЦИИ И БРОКЕРИ ДА НЕ СЕ СВЪРЗВАТ С МЕН! Представям за продажба от собственик панелен апартамент ...",https://www.imot.bg/obiava-1d178827145280033-prodava-chetiristaen-apartament-grad-varna-chayka,https://cdn3.focus.bg/imot/photosimotbg/1/033/1d178827145280033_cb.jpg,Нова обява,NO
апартамент,агенция,м-т Евксиноград,73,265000,3630.14,0888628355,"Продава 2-СТАЕН, град Варна, м-т Евксиноград | 73 кв.м, 4-ти ет. от 5, Ще бъде въведен в експлоатация 2027 г., ЕКСКЛУЗИВНО ОТ АКЦЕНТ ИНВЕСТ! БЕЗ КОМИСИОННА ОТ КЛИЕНТА! ELYSIA by the sea лукс, престиж и несравни ...",https://www.imot.bg/obiava-1b178826872916310-prodava-dvustaen-apartament-grad-varna-m-t-evksinograd,https://imotstatic2.focus.bg/imot/photosimotbg/1/310/1b178826872916310_4.jpg,Нова обява,NO
къща,агенция,м-т Сълзица,199,357000,1793.97,0885922999,"Продава КЪЩА, град Варна, м-т Сълзица | 199 кв.м, двор 300 кв.м, 3 ет., Ще бъде въведен в експлоатация 2026 г., ГРАДСКА КЪЩА С НЕСКРИВАЕМА ПАНОРАМА С А 14! МОДЕРНА АРХИТЕКТУРА! 300 м ОТ БУЛЕВАРД! Файв Старс предл ...",https://www.imot.bg/obiava-1j178826831085299-prodava-kashta-grad-varna-m-t-salzitsa,https://imotstatic1.focus.bg/imot/photosimotbg/1/299/1j178826831085299_RC.jpg,Нова обява,NO
апартамент,агенция,Бриз,119,310000,2605.04,0875363330,"Продава 4-СТАЕН, град Варна, Бриз | 119 кв.м, 2-ри ет. от 5, Въведен в експлоатация 2024 г., 4-СТАЕН АПАРТАМЕНТ В БРИЗ | НАПЪЛНО ОБЗАВЕДЕН | НОВА СГРАДА Предлагаме просторен и напълно обзаведен ...",https://www.imot.bg/obiava-1d178826525056455-prodava-chetiristaen-apartament-grad-varna-briz,https://imotstatic4.focus.bg/imot/photosimotbg/1/455/1d178826525056455_iV.jpg,Нова обява,NO
апартамент,агенция,Лятно кино Тракия,40,134900,3372.5,0875363320,"Продава 2-СТАЕН, град Варна, Лятно кино Тракия | 40 кв.м, 3-ти ет. от 8, Въведен в експлоатация 1980 - 1989 г., ДВУСТАЕН! ЛК ТРАКИЯ! ЗА ОСВЕЖАВАНЕ! INclusive Варна има удоволствието да Ви представи двустаен апарт ...",https://www.imot.bg/obiava-1b178576613013884-prodava-dvustaen-apartament-grad-varna-lyatno-kino-trakiya,https://imotstatic2.focus.bg/imot/photosimotbg/1/884/1b178576613013884_Ho.jpg,,NO
апартамент,агенция,м-т Ален мак,92,220000,2391.3,0878449249,"Продава 3-СТАЕН, град Варна, м-т Ален мак | 92 кв.м, 2-ри ет. от 3, Въведен в експлоатация 2009 г., ПРОСТОРЕН ТРИСТАЕН АПАРТАМЕНТ! СРЕДЕН ЕТАЖ! ОБЗАВЕДЕН И ОБОРУДВАН! ВАРНА! Арканум груп Недвижими имо ...",https://www.imot.bg/obiava-1c177572796755728-prodava-tristaen-apartament-grad-varna-m-t-alen-mak,https://cdn3.focus.bg/imot/photosimotbg/1/728/1c177572796755728_nM.jpg,,NO
апартамент,агенция,Център,75,277000,3693.33,0879410333,"Продава 3-СТАЕН, град Варна, Център | 75 кв.м, 4-ти ет. от 5, Въведен в експлоатация 1960 - 1969 г., HOLDING GROUP real estate представя на Вашето внимание тристаен апартамент, с чиста площ - 75 кв.м., ...",https://www.imot.bg/obiava-1c178826332160522-prodava-tristaen-apartament-grad-varna-tsentar,https://imotstatic2.focus.bg/imot/photosimotbg/1/522/1c178826332160522_YD.jpg,Нова обява,NO
апартамент,агенция,Възраждане,75,119900,1598.67,0878449249,"Продава 2-СТАЕН, град Варна, Възраждане 1 | 75 кв.м, 2-ри ет. от 8, Ще бъде въведен в експлоатация 2026 г., Голям Двустаен! Ексклузивно!Готов имот, пред акт 16! Арканум груп Недвижими имоти продава един изклю ...",https://www.imot.bg/obiava-1b177546386278884-prodava-dvustaen-apartament-grad-varna-vazrazhdane-1,https://imotstatic2.focus.bg/imot/photosimotbg/1/884/1b177546386278884_jU.jpg,,NO
апартамент,агенция,Колхозен пазар,70,159900,2284.29,0892950268,"Продава 3-СТАЕН, град Варна, Колхозен пазар | 70 кв.м, ул. Беласица, 2-ри ет. от 6, Въведен в експлоатация 2008 г., Продава се изключително функционален и компактен тристаен апартамент в град Варна, разположен на спо ...",https://www.imot.bg/obiava-1c178826297036733-prodava-tristaen-apartament-grad-varna-kolhozen-pazar-ul-belasitsa,https://imotstatic1.focus.bg/imot/photosimotbg/1/733/1c178826297036733_IO.jpg,Нова обява,NO
апартамент,агенция,к.к. Св.Св. Константин и Елена,64,159000,2484.38,0878449249,"Продава 2-СТАЕН, град Варна, к.к. Св.Св. Константин и Елена | 64 кв.м, 2-ри ет. от 5, Въведен в експлоатация 2023 г., Модерен двустаен апартамент в к.к. Св. Св. Константин и Елена на минути от морето Арканум Груп Нед ...",https://www.imot.bg/obiava-1b178826293334079-prodava-dvustaen-apartament-grad-varna-k-k-sv-sv-konstantin-i-elena,https://imotstatic2.focus.bg/imot/photosimotbg/1/079/1b178826293334079_k0.jpg,Нова обява,NO
парцел,агенция,м-т Ментешето,936,38990,41.66,0875363330,"Продава ПАРЦЕЛ, град Варна, м-т Ментешето | 936 кв.м, Регулация, РЕГУЛАЦИЯ!!! ПАНОРАМА!!! ПРАВИЛНА ФОРМА!!! ПЕРФЕКТЕН ЗА ЖИЛИЩНО СТРОИТЕЛСТВО!!! Представяме ви парц ...",https://www.imot.bg/obiava-1r178826284323476-prodava-partsel-grad-varna-m-t-mentesheto,https://imotstatic2.focus.bg/imot/photosimotbg/1/476/1r178826284323476_Ny.jpg,Нова обява,NO
парцел,агенция,м-т Ментешето,708,29500,41.67,0875363330,"Продава ПАРЦЕЛ, град Варна, м-т Ментешето | 708 кв.м, Регулация, РЕГУЛАЦИЯ!!! ПАНОРАМА!!! ЮГ!!! НА МЕТРИ ОТ ГЛАВНИЯ ПЪТ!!! Представяме ви парцел с площ от 708 кв.м, ...",https://www.imot.bg/obiava-1r178826169507487-prodava-partsel-grad-varna-m-t-mentesheto,https://imotstatic1.focus.bg/imot/photosimotbg/1/487/1r178826169507487_tj.jpg,Нова обява,NO
апартамент,агенция,Гранд Мол,60,117990,1966.5,0899999081,"Продава 2-СТАЕН, град Варна, Гранд Мол | 60 кв.м, 4-ти ет. от 7, Въведен в експлоатация 2026 г., ТОП ОФЕРТА - 117 990 ЕВРО! СКОРО АКТ 16! СТАТУТ АПАРТАМЕНТ! ЧУДЕСНА ИНВЕСТИЦИЯ! Property Store - М ...",https://www.imot.bg/obiava-1b178826104380448-prodava-dvustaen-apartament-grad-varna-grand-mol,https://imotstatic3.focus.bg/imot/photosimotbg/1/448/1b178826104380448_CU.jpg,Нова обява,NO
апартамент,агенция,Бриз,77,219000,2844.16,0877590015,"Продава 2-СТАЕН, град Варна, Бриз | 77 кв.м, 5-ти ет. от 16, Въведен в експлоатация 2024 г., ТОП ЛОКАЦИЯ МОДЕРНА СГРАДА ДИЗАЙНЕРСКИ АПАРТАМЕНТ ПОДЗЕМНО ПАРКОМЯСТО ИМОТИ ПРЕМИЕР предлага на сво ...",https://www.imot.bg/obiava-1b178825978389790-prodava-dvustaen-apartament-grad-varna-briz,https://cdn3.focus.bg/imot/photosimotbg/1/790/1b178825978389790_Hg.jpg,Нова обява,NO
апартамент,агенция,Бриз,59,160000,2711.86,0879590061,"Продава 2-СТАЕН, град Варна, Бриз | 59 кв.м, 2-ри ет. от 5, Въведен в експлоатация 2025 г., Имоти Премиер има удоволствието да представи бутиков двустаен апартамент с архитектурно издържан инт ...",https://www.imot.bg/obiava-1b178825940633603-prodava-dvustaen-apartament-grad-varna-briz,https://cdn3.focus.bg/imot/photosimotbg/1/603/1b178825940633603_pG.jpg,Нова обява,NO
апартамент,агенция,Гранд Мол,39,97990,2512.56,0899999081,"Продава 2-СТАЕН, град Варна, Гранд Мол | 39 кв.м, 4-ти ет. от 8, Въведен в експлоатация 2024 г., ТОП ОФЕРТА - 97 990 ЕВРО! АКТ 16! СТАТУТ АПАРТАМЕНТ! СУПЕР ИНВЕСТИЦИЯ! ГРАНД МОЛ! Property Store - ...",https://www.imot.bg/obiava-1b178825936423711-prodava-dvustaen-apartament-grad-varna-grand-mol,https://imotstatic4.focus.bg/imot/photosimotbg/1/711/1b178825936423711_nW.jpg,Нова обява,NO
апартамент,агенция,Бриз,115,359000,3121.74,0879419333,"Продава 3-СТАЕН, град Варна, Бриз | 115 кв.м, 6-ти ет. от 11, Въведен в експлоатация 2021 г., ЕКСКЛУЗИВНО от HOLDING GROUP Real Estate!!! Стил, комфорт и морска панорама в кв. Бриз! Представяме ...",https://www.imot.bg/obiava-1c178825904342207-prodava-tristaen-apartament-grad-varna-briz,https://imotstatic3.focus.bg/imot/photosimotbg/1/207/1c178825904342207_v.jpg,Нова обява,NO
апартамент,агенция,Цветен квартал,72,137500,1909.72,0879590800,"Продава 2-СТАЕН, град Варна, Цветен квартал | 72 кв.м, ул. Прилеп, 2-ри ет. от 4, Въведен в експлоатация 2026 г., ЦВЕТЕН КВАРТАЛ / ДО УЛ.ПРИЛЕП /АКТ 16 / ПАНОРАМЕН ДВУСТАЕН АПАРТАМЕНТ / ЗАВЪРШЕН 'ДО КЛЮЧ' / ЮГ/ЗАПА ...",https://www.imot.bg/obiava-1b178825883493576-prodava-dvustaen-apartament-grad-varna-tsveten-kvartal-ul-prilep,https://imotstatic3.focus.bg/imot/photosimotbg/1/576/1b178825883493576_NX.jpg,Нова обява,NO
апартамент,агенция,Младост,55,155000,2818.18,0877240260,"Продава 2-СТАЕН, град Варна, Младост 2 | 55 кв.м, 7-ми ет. от 8, Въведен в експлоатация 2018 г., ДВУСТАЕН АПАРТАМЕНТ | МЛАДОСТ 2 | НОВО СТРОИТЕЛСТВО Предлагаме за продажба стилен и уютен двустаен ...",https://www.imot.bg/obiava-1b178825881004142-prodava-dvustaen-apartament-grad-varna-mladost-2,https://imotstatic1.focus.bg/imot/photosimotbg/1/142/1b178825881004142_e5.jpg,Нова обява,NO
апартамент,агенция,Възраждане,61,72900,1195.08,0879900490,"Продава 2-СТАЕН, град Варна, Възраждане 1 | 61 кв.м, 3-ти ет. от 9, Ще бъде въведен в експлоатация 2027 г., Отлично предложение / Среден етаж / Разсрочено плащане Нова сграда на утвърден строител, с класичес ...",https://www.imot.bg/obiava-1b175976143047773-prodava-dvustaen-apartament-grad-varna-vazrazhdane-1,https://imotstatic4.focus.bg/imot/photosimotbg/1/773/1b175976143047773_84.jpg,,NO
търговски,частно лице,Владислав Варненчик,398,500000,1256.28,0898565620,"Продава СКЛАД, град Варна, Владислав Варненчик 1 | 398 кв.м, Партер от 12, Въведен в експлоатация 2024 г., Търговско помещение ново строителство.Завършен напълно -епоксиден под,санитарно помещение в завършен ...",https://www.imot.bg/obiava-1n178825624164459-prodava-sklad-grad-varna-vladislav-varnenchik-1,https://cdn3.focus.bg/imot/photosimotbg/1/459/1n178825624164459_tA.jpg,Нова обява,NO
апартамент,агенция,Зимно кино Тракия,67,160000,2388.06,0875375732,"Продава 2-СТАЕН, град Варна, Зимно кино Тракия | 67 кв.м, 2-ри ет. от 6, Въведен в експлоатация 2010 г., 458535 ПРОДАВАМ ДОВЕРИТЕЛНО двустаен апартамент в района на ЗК Тракия, близо до Мак Драйв, подходящ ...",https://www.imot.bg/obiava-1b178825460313988-prodava-dvustaen-apartament-grad-varna-zimno-kino-trakiya,https://imotstatic4.focus.bg/imot/photosimotbg/1/988/1b178825460313988_5s.jpg,Нова обява,NO
къща,агенция,м-т Прибой,341,422300,1238.42,0893236377,"Продава КЪЩА, град Варна, м-т Прибой | 341 кв.м, двор 413 кв.м, Ще бъде въведен в експлоатация 2029 г., Искате ли да живеете в имот, характерен със средиземноморска архитектура и индивидуалност? Да се съб ...",https://www.imot.bg/obiava-1j178066064447320-prodava-kashta-grad-varna-m-t-priboy,https://imotstatic3.focus.bg/imot/photosimotbg/1/320/1j178066064447320_cL.jpg,,NO
апартамент,агенция,Виница,72,124900,1734.72,0879590263,"Продава 2-СТАЕН, град Варна, Виница | 72 кв.м, 3-ти ет. от 5, Ще бъде въведен в експлоатация 2026 г., ИМОТИ ПРЕМИЕР предлага на своите клиенти ЕКСКЛУЗИВНА оферта за УДОБЕН ДВУСТАЕН апартамент на среден ...",https://www.imot.bg/obiava-1b178825098290371-prodava-dvustaen-apartament-grad-varna-vinitsa,https://cdn3.focus.bg/imot/photosimotbg/1/371/1b178825098290371_qM.jpg,Нова обява,NO
апартамент,агенция,Младост,108,198000,1833.33,0894407727,"Продава 3-СТАЕН, град Варна, Младост 2 | 108 кв.м, Дом Младост , 5-ти ет. от 15, Ще бъде въведен в експлоатация 2026 г., ID 7949 - Представяме на Вашето внимание тристаен апартамент с площ от 108 кв.м. в новостроящия се к ...",https://www.imot.bg/obiava-1c178522153960792-prodava-tristaen-apartament-grad-varna-mladost-2-dom-mladost,https://imotstatic1.focus.bg/imot/photosimotbg/1/792/1c178522153960792_P1.jpg,,NO
апартамент,агенция,к.к. Св.Св. Константин и Елена,67,235000,3507.46,0876333136,"Продава 2-СТАЕН, град Варна, к.к. Св.Св. Константин и Елена | 67 кв.м, 3-ти ет. от 6, Въведен в експлоатация 2021 г., Варна. Св. Св. Константин и Елена. Двустаен апартамент в затворен комплекс с басейн. Строителство 20 ...",https://www.imot.bg/obiava-1b178824981690862-prodava-dvustaen-apartament-grad-varna-k-k-sv-sv-konstantin-i-elena,https://imotstatic4.focus.bg/imot/photosimotbg/1/862/1b178824981690862_Rw.jpg,Нова обява,NO
друго,частно лице,Варна,,,,,"Френски министър: Ако европейският изкуствен интелект се свежда до „Мистрал“, сме загубени, Варна | преди час и 56 минути",https://fakti.bg/world/1078456-frenski-ministar-ako-evropeiskiat-izkustven-intelekt-se-svejda-do-mistral-sme-zagubeni,https://cdn4.focus.bg/fakti/photos/small/c29/frenski-ministar-ako-evropeiskiat-izkustven-intelekt-se-svejda-do-mistral-sme-zagubeni-1.webp,,NO
апартамент,агенция,Централна поща,73,165000,2260.27,0875363330,"Продава 3-СТАЕН, град Варна, Централна поща | 73 кв.м, Нептун, 3-ти ет. от 4, Въведен в експлоатация 1970 - 1979 г., РЕАЛНА КВАДРАТУРА!! ДО СУ за хуманитарни науки и изкуства Константин Преславски !! ИЗЦЯЛО ПОКРИТ!! ...",https://www.imot.bg/obiava-1c178824969345175-prodava-tristaen-apartament-grad-varna-tsentralna-poshta-neptun,https://imotstatic2.focus.bg/imot/photosimotbg/1/175/1c178824969345175_dy.jpg,Нова обява,NO
апартамент,агенция,Галата,61,142990,2344.1,0879590055,"Продава 2-СТАЕН, град Варна, Галата | 61 кв.м, 3-ти ет. от 4, Въведен в експлоатация 2023 г., СРЕДЕН ЕТАЖ !! ОБЗАВЕДЕН !! АКТ 16 !! ПАРКОМЯСТО В ЦЕНАТА !! Имоти Премиер предлага за продажба дву ...",https://www.imot.bg/obiava-1b178824961991802-prodava-dvustaen-apartament-grad-varna-galata,https://cdn3.focus.bg/imot/photosimotbg/1/802/1b178824961991802_uU.jpg,Нова обява,NO
офис,агенция,Зимно кино Тракия,55,68000,1236.36,0879590055,"Продава ОФИС, град Варна, Зимно кино Тракия | 55 кв.м, Въведен в експлоатация, СЛЕД РЕМОНТ !! ГОЛЯМА ВИТРИНА ЗА ВАШАТА РЕКЛАМА !! КЛЮЧ В АГЕНЦИЯТА !! Имоти Премиер предлага двует ...",https://www.imot.bg/obiava-1g178824948215448-prodava-ofis-grad-varna-zimno-kino-trakiya,https://imotstatic4.focus.bg/imot/photosimotbg/1/448/1g178824948215448_Lp.jpg,Нова обява,NO
апартамент,агенция,Център,179,900000,5027.93,0894438931,"Продава 3-СТАЕН, град Варна, Център | 179 кв.м, 10-ти ет. от 11, Въведен в експлоатация 2010 г., НОВ ВЕК НЕДВИЖИМИ ИМОТИ предлага за продажба стилно обзаведен тристаен апартамент с впечатляваща мор ...",https://www.imot.bg/obiava-1c178824874614379-prodava-tristaen-apartament-grad-varna-tsentar,https://imotstatic1.focus.bg/imot/photosimotbg/1/379/1c178824874614379_ax.jpg,Нова обява,NO
къща,агенция,Изгрев,158,360000,2278.48,0882121458,"Продава КЪЩА, град Варна, Изгрев | 158 кв.м, двор 369 кв.м, Въведен в експлоатация 2026 г., Имотека предлага за продажба къща с изключителна морска и градска панорама! БЕЗ КОМИСИОННА от купув ...",https://www.imot.bg/obiava-1j178824812635816-prodava-kashta-grad-varna-izgrev,https://imotstatic2.focus.bg/imot/photosimotbg/1/816/1j178824812635816_FQ.jpg,Нова обява,NO
апартамент,агенция,Бриз,90,199990,2222.11,0887222477,"Продава 3-СТАЕН, град Варна, Бриз | 90 кв.м, 3-ти ет. от 4, Въведен в експлоатация 2019 г., ЮГ-ИЗТОК-ЗАПАД! ДНЕВНА С КУХНЯ 27м2/СПАЛНИ 14,5м2! ОБЗАВЕДЕН ГОТОВ ЗА НАНАСЯНЕ! Lions group недвижи ...",https://www.imot.bg/obiava-1c177442708200876-prodava-tristaen-apartament-grad-varna-briz,https://imotstatic4.focus.bg/imot/photosimotbg/1/876/1c177442708200876_9p.jpg,,NO
апартамент,агенция,Левски,69,158500,2297.1,0887222477,"Продава 2-СТАЕН, град Варна, Левски 1 | 69 кв.м, 5-ти ет. от 10, Ще бъде въведен в експлоатация 2026 г., 100% ПЕРФЕКТЕН ЗА ИПОТЕЧЕН КРЕДИТ! ЮГ! РЕАЛНИ СНИМКИ! СРЕДЕН ЕТАЖ! МОДЕРНА ТУХЛЕНА СГРАДА ЕКСКЛУЗИВ ...",https://www.imot.bg/obiava-1b177442661231941-prodava-dvustaen-apartament-grad-varna-levski-1,https://imotstatic4.focus.bg/imot/photosimotbg/1/941/1b177442661231941_BP.jpg,,NO
апартамент,агенция,Цветен квартал,60,109990,1833.17,0887222477,"Продава 2-СТАЕН, град Варна, Цветен квартал | 60 кв.м, Изгрев , 4-ти ет. от 7, Ще бъде въведен в експлоатация 2028 г., ДВУСТАЕН ЮЖЕН АПАРТАМЕНТ с ГАРАНТИРАН ПРОСТОР - ЕТАЖ 3 /трети/ непоследен И това не е всичко: d ...",https://www.imot.bg/obiava-1b177730521741765-prodava-dvustaen-apartament-grad-varna-tsveten-kvartal-izgrev,https://imotstatic3.focus.bg/imot/photosimotbg/1/765/1b177730521741765_1v.jpg,,NO
апартамент,агенция,Владислав Варненчик,40,101700,2542.5,0882121460,"Продава 2-СТАЕН, град Варна, Владислав Варненчик 1 | 40 кв.м, 11-ти ет. от 14, Въведен в експлоатация 1980 - 1989 г., Дизайнерски двустаен апартамент с панорамна гледка и безкомпромисен ремонт в ж.к. Владислав Варненчи ...",https://www.imot.bg/obiava-1b178824668620215-prodava-dvustaen-apartament-grad-varna-vladislav-varnenchik-1,https://cdn3.focus.bg/imot/photosimotbg/1/215/1b178824668620215_un.jpg,Нова обява,NO
апартамент,частно лице,Левски,110,335000,3045.45,0899084448,"Продава 3-СТАЕН, град Варна, Левски 2 | 110 кв.м, 7-ми ет. от 8, Газ, Въведен в експлоатация 2020 г., ДИРЕКТНО ОТ СОБСТВЕНИКА ! ТОП Локация!ЗАПАД изложение! Продавам Чисто нов апартамент! В центъра на в ...",https://www.imot.bg/obiava-1c178776730944062-prodava-tristaen-apartament-grad-varna-levski-2,https://imotstatic2.focus.bg/imot/photosimotbg/1/062/1c178776730944062_Vz.jpg,,NO
апартамент,агенция,Владислав Варненчик,60,99000,1650.0,0897678910,"Продава 2-СТАЕН, град Варна, Владислав Варненчик 1 | 60 кв.м, до пощата и Бурлекс, 3-ти ет. от 6, Въведен в експлоатация, НОВО! ДВУСТАЕН ТУХЛЕН АПАРТАМЕНТ В ЦЕНТЪРА НА ВЛАДИСЛАВОВО! Агенция Реа предлага ЕКСКЛУЗИВНО за про ...",https://www.imot.bg/obiava-1b178669031637377-prodava-dvustaen-apartament-grad-varna-vladislav-varnenchik-1-do-poshtata-i-burleks,https://cdn3.focus.bg/imot/photosimotbg/1/377/1b178669031637377_Hf.jpg,,NO
апартамент,агенция,Бриз,64,167000,2609.38,0879090400,"Продава 2-СТАЕН, град Варна, Бриз | 64 кв.м, 3-ти ет. от 6, Въведен в експлоатация, - ДО МОРСКАТА ГРАДИНА - ДНЕВНА 28м2 - СПАЛНЯ 14м2- ГОТОВ ЗА НАНАСЯНЕ - ПРАВИЛНИ ФОРМИ - Детайлна ин ...",https://www.imot.bg/obiava-1b177730159528725-prodava-dvustaen-apartament-grad-varna-briz,https://imotstatic1.focus.bg/imot/photosimotbg/1/725/1b177730159528725_k1.jpg,,NO
апартамент,агенция,Виница,62,108000,1741.94,0879090400,"Продава 2-СТАЕН, град Варна, Виница | 62 кв.м, 2-ри ет. от 5, Ще бъде въведен в експлоатация 2026 г., - НОВА ТУХЛА - СРЕДЕН - ЮГ - ТОП ЛОКАЦИЯ - СГРАДА С АКТ 15 - Детайлна информация на : www.novdom1.b ...",https://www.imot.bg/obiava-1b176907652968963-prodava-dvustaen-apartament-grad-varna-vinitsa,https://cdn3.focus.bg/imot/photosimotbg/1/963/1b176907652968963_lM.jpg,,NO
апартамент,агенция,Владислав Варненчик,55,84000,1527.27,0879090400,"Продава 2-СТАЕН, град Варна, Владислав Варненчик 2 | 55 кв.м, 4-ти ет. от 5, Въведен в експлоатация, - НОВА ТУХЛА - ОТЛИЧНА ЛОКАЦИЯ на 50м. от ПОЩАТА - ПАНОРАМА - ПРОСТОР - АКТ 14 - Детайлна информаци ...",https://www.imot.bg/obiava-1b177012823087981-prodava-dvustaen-apartament-grad-varna-vladislav-varnenchik-2,https://imotstatic3.focus.bg/imot/photosimotbg/1/981/1b177012823087981_NX.jpg,,NO
апартамент,частно лице,Левски,64,153000,2390.62,0885951162,"Продава 2-СТАЕН, град Варна, Левски 1 | 64 кв.м, 4-ти ет. от 16, Въведен в експлоатация 1980 - 1989 г., ПРОДАВА СЕ ДИРЕКТНО ОТ СОБСТВЕНИК БЕЗ ПОСРЕДНИЧЕСТВО НА АГЕНЦИИ, разширен двустаен апартамент, нам ...",https://www.imot.bg/obiava-1b178577843530312-prodava-dvustaen-apartament-grad-varna-levski-1,https://cdn3.focus.bg/imot/photosimotbg/1/312/1b178577843530312_CG.jpg,,NO
апартамент,агенция,Гръцка махала,205,950000,4634.15,0882121458,"Продава МНОГОСТАЕН, град Варна, Гръцка махала | 205 кв.м, 7-ми ет. от 9, Газ, Въведен в експлоатация 2016 г., Прекрасен могостаен апартамент с морска панорама. В района да Гръцка Махала на метри от морския бряг ...",https://www.imot.bg/obiava-1e178575932355320-prodava-mnogostaen-apartament-grad-varna-gratska-mahala,https://imotstatic4.focus.bg/imot/photosimotbg/1/320/1e178575932355320_ru.jpg,,NO
апартамент,агенция,Аспарухово,85,129500,1523.53,0882121458,"Продава 3-СТАЕН, град Варна, Аспарухово | 85 кв.м, 3-ти ет. от 4, Въведен в експлоатация 2026 г., Имотека предлага тристаен апартамент в кв.Аспарухово. Разпределение:светла дневна с кухненски бокс ...",https://www.imot.bg/obiava-1c178576292176847-prodava-tristaen-apartament-grad-varna-asparuhovo,https://imotstatic1.focus.bg/imot/photosimotbg/1/847/1c178576292176847_R9.jpg,,NO
апартамент,частно лице,Център,70,189900,2712.86,0894684224,"Продава 3-СТАЕН, град Варна, Център | 70 кв.м, 7-ми ет. от 9, Въведен в експлоатация 1980 - 1989 г., НОВА ПО-ДОБРА ЦЕНА Собственик продава тристаен апартамент с площ 70 кв.м, находящ се в гр. Варна, ул ...",https://www.imot.bg/obiava-1c178457942196897-prodava-tristaen-apartament-grad-varna-tsentar,https://imotstatic2.focus.bg/imot/photosimotbg/1/897/1c178457942196897_b4.jpg,,NO
апартамент,частно лице,Трошево,70,189900,2712.86,0894684224,"Продава 3-СТАЕН, град Варна, Трошево | 70 кв.м, 7-ми ет. от 9, Въведен в експлоатация 1980 - 1989 г., НОВА ПО-ДОБРА ЦЕНА Собственик продава тристаен апартамент с площ 70 кв.м, находящ се в гр. Варна, ул ...",https://www.imot.bg/obiava-1c178457886931235-prodava-tristaen-apartament-grad-varna-troshevo,https://imotstatic3.focus.bg/imot/photosimotbg/1/235/1c178457886931235_6U.jpg,,NO
апартамент,частно лице,Лятно кино Тракия,70,189900,2712.86,0894684224,"Продава 3-СТАЕН, град Варна, Лятно кино Тракия | 70 кв.м, 7-ми ет. от 9, Въведен в експлоатация 1980 - 1989 г., НОВА ПО-ДОБРА ЦЕНА Собственик продава тристаен апартамент с площ 70 кв.м, находящ се в гр. Варна, ул ...",https://www.imot.bg/obiava-1c178457921757759-prodava-tristaen-apartament-grad-varna-lyatno-kino-trakiya,https://cdn3.focus.bg/imot/photosimotbg/1/759/1c178457921757759_qY.jpg,,NO
апартамент,частно лице,Гранд Мол,70,189900,2712.86,0894684224,"Продава 3-СТАЕН, град Варна, Гранд Мол | 70 кв.м, 7-ми ет. от 9, Въведен в експлоатация 1980 - 1989 г., НОВА ПО-ДОБРА ЦЕНА Собственик продава тристаен апартамент с площ 70 кв.м, находящ се в гр. Варна, ул ...",https://www.imot.bg/obiava-1c178457867210842-prodava-tristaen-apartament-grad-varna-grand-mol,https://cdn3.focus.bg/imot/photosimotbg/1/842/1c178457867210842_Qs.jpg,,NO
апартамент,частно лице,Автогара,70,189900,2712.86,0894684224,"Продава 3-СТАЕН, град Варна, Автогара | 70 кв.м, 7-ми ет. от 9, Въведен в експлоатация 1980 - 1989 г., НОВА ПО-ДОБРА ЦЕНА Собственик продава тристаен апартамент с площ 70 кв.м, находящ се в гр. Варна, ул ...",https://www.imot.bg/obiava-1c178457906070471-prodava-tristaen-apartament-grad-varna-avtogara,https://imotstatic4.focus.bg/imot/photosimotbg/1/471/1c178457906070471_Rd.jpg,,NO
апартамент,агенция,Виница,81,109582,1352.86,0877890410,"Продава 2-СТАЕН, град Варна, Виница | 81 кв.м, 2-ри ет. от 4, Ще бъде въведен в експлоатация 2027 г., БУТИКОВА СГРАДА 'FORESTHOME 2' ! 180 МОРСКА ПАНОРАМА ! РАЗСРОЧЕНО ПЛАЩАНЕ!!! ИЗБОР НА АПАРТАМЕНТИ ! ...",https://www.imot.bg/obiava-1b178819651912827-prodava-dvustaen-apartament-grad-varna-vinitsa,https://imotstatic2.focus.bg/imot/photosimotbg/1/827/1b178819651912827_ak.jpg,,NO
апартамент,агенция,Виница,98,128563,1311.87,0877890410,"Продава 3-СТАЕН, град Варна, Виница | 98 кв.м, 2-ри ет. от 4, Ще бъде въведен в експлоатация 2027 г., БУТИКОВА СГРАДА 'FORESTHOME 2' ! 180 МОРСКА ПАНОРАМА ! РАЗСРОЧЕНО ПЛАЩАНЕ!!! ИЗБОР НА АПАРТАМЕНТИ ! ...",https://www.imot.bg/obiava-1c178819206406614-prodava-tristaen-apartament-grad-varna-vinitsa,https://imotstatic2.focus.bg/imot/photosimotbg/1/614/1c178819206406614_HX.jpg,,NO
апартамент,агенция,Операта,44,145000,3295.45,0882121460,"Продава 2-СТАЕН, град Варна, Операта | 44 кв.м, 2-ри ет. от 5, Въведен в експлоатация 2011 г., Предлагаме за продажба апартамент с паркомясто в идеален център. Имотът е разположен на първи жилище ...",https://www.imot.bg/obiava-1b178818729633894-prodava-dvustaen-apartament-grad-varna-operata,https://imotstatic3.focus.bg/imot/photosimotbg/1/894/1b178818729633894_Z.jpg,,NO
апартамент,агенция,Виница,59,86035,1458.22,0877890410,"Продава 2-СТАЕН, град Варна, Виница | 59 кв.м, 2-ри ет. от 4, Ще бъде въведен в експлоатация 2027 г., БУТИКОВА СГРАДА 'FORESTHOME 2' ! РАЗСРОЧЕНО ПЛАЩАНЕ!!! ИЗБОР НА АПАРТАМЕНТИ ! ВЪЗМОЖНОСТ ЗА ПАРКОМЯС ...",https://www.imot.bg/obiava-1b178818582014018-prodava-dvustaen-apartament-grad-varna-vinitsa,https://cdn3.focus.bg/imot/photosimotbg/1/018/1b178818582014018_x8.jpg,,NO
апартамент,частно лице,Възраждане,70,106000,1514.29,0884622703,"Продава 2-СТАЕН, град Варна, Възраждане 1 | 70 кв.м, 7-ми ет. от 9, Ще бъде въведен в експлоатация 2028 г., БЕЗ КОМИСИОННА ОТ КУПУВАЧ ПО- НИСКА ЦЕНА ОТ СТРОИТЕЛЯ ПРОДАВА Двустаен апартамент в Кайсиева Гради ...",https://www.imot.bg/obiava-1b178818422304291-prodava-dvustaen-apartament-grad-varna-vazrazhdane-1,https://imotstatic1.focus.bg/imot/photosimotbg/1/291/1b178818422304291_ys.jpg,,NO
апартамент,агенция,Лятно кино Тракия,80,189990,2374.88,0875363330,"Продава 3-СТАЕН, град Варна, Лятно кино Тракия | 80 кв.м, 6-ти ет. от 7, Въведен в експлоатация 2011 г., !!ТУХЛА С АСАНСЬОР!!СРЕДЕН ЕТАЖ!!СВЕТЪЛ ТОПЪЛ АПАРТАМЕНТ!! Представяме ви уютен тристаен апартамент ...",https://www.imot.bg/obiava-1c178419180218958-prodava-tristaen-apartament-grad-varna-lyatno-kino-trakiya,https://imotstatic4.focus.bg/imot/photosimotbg/1/958/1c178419180218958_fJ.jpg,,NO
апартамент,агенция,Владислав Варненчик,60,99990,1666.5,0875363330,"Продава 3-СТАЕН, град Варна, Владислав Варненчик 1 | 60 кв.м, 5-ти ет. от 8, Въведен в експлоатация 1990 г., Представяме Ви апартамент, находящ се в ж.к. Владислав Варненчик - до Пощата. Състои се от: коридор, ...",https://www.imot.bg/obiava-1c178567745393839-prodava-tristaen-apartament-grad-varna-vladislav-varnenchik-1,https://imotstatic4.focus.bg/imot/photosimotbg/1/839/1c178567745393839_Uo.jpg,,NO
апартамент,агенция,Възраждане,53,110000,2075.47,0896884373,"Продава 2-СТАЕН, град Варна, Възраждане 3 | 53 кв.м, 3-ти ет. от 5, Въведен в експлоатация 2026 г., Агенция за недвижими имоти Адмирал Риъл Естейт ви предлага за продажба ДВУСТАЕН апартамент с възможн ...",https://www.imot.bg/obiava-1b178817979250525-prodava-dvustaen-apartament-grad-varna-vazrazhdane-3,https://imotstatic2.focus.bg/imot/photosimotbg/1/525/1b178817979250525_1c.jpg,,NO
апартамент,агенция,к.к. Св.Св. Константин и Елена,178,464000,2606.74,0882815081,"Продава МЕЗОНЕТ, град Варна, к.к. Св.Св. Константин и Елена | 178 кв.м, 1-ви ет. от 5, Въведен в експлоатация, LUXIMMO FINEST ESTATES: www.luximmo.bg Представяме просторен четиристаен мезонет в нов затворен комп ...",https://www.imot.bg/obiava-1f177920294575751-prodava-mezonet-grad-varna-k-k-sv-sv-konstantin-i-elena,https://cdn3.focus.bg/imot/photosimotbg/1/751/1f177920294575751_jb.jpg,,NO
къща,агенция,Трошево,30,40000,1333.33,0878667966,"Продава КЪЩА, град Варна, Трошево | 30 кв.м, двор 42 кв.м, 1 ет., Въведен в експлоатация 1970 - 1979 г., ИНВЕСТИЦИОНЕН ИМОТ В КВ. ТРОШЕВО-ПОД ДОМ МЛАДОСТ Нова Хоум Ви предлага за продажба имот в идеална с ...",https://www.imot.bg/obiava-1j176822341732860-prodava-kashta-grad-varna-troshevo,https://imotstatic1.focus.bg/imot/photosimotbg/1/860/1j176822341732860_Y7.jpg,,NO
апартамент,агенция,Център,110,249000,2263.64,0898506565,"Продава 3-СТАЕН, град Варна, Център | 110 кв.м, НЕПТУН, 5-ти ет. от 8, Въведен в експлоатация, 🏡 ЕКСКЛУЗИВНО ОТ REHOUSE | ПРОСТОРЕН ЧЕТИРИСТАЕН АПАРТАМЕНТ ДО ОБЩИНАТА И НЕПТУН ✨ П ...",https://www.imot.bg/obiava-1c178498459728929-prodava-tristaen-apartament-grad-varna-tsentar-neptun,https://imotstatic1.focus.bg/imot/photosimotbg/1/929/1c178498459728929_QA.jpg,,NO
апартамент,агенция,Завод Дружба,74,205000,2770.27,0899231940,"Продава 2-СТАЕН, град Варна, Завод Дружба | 74 кв.м, 4-ти ет. от 6, Въведен в експлоатация 2019 г., Двустаен апартамент Ексклузивно предлагаме на вашето внимание просторен и обзаведен двустаен апартам ...",https://www.imot.bg/obiava-1b178817611126416-prodava-dvustaen-apartament-grad-varna-zavod-druzhba,https://imotstatic1.focus.bg/imot/photosimotbg/1/416/1b178817611126416_Of.jpg,,NO
апартамент,агенция,Левски,103,219900,2134.95,0879590263,"Продава 3-СТАЕН, град Варна, Левски 1 | 103 кв.м, 4-ти ет. от 7, Въведен в експлоатация 2026 г., 👉 ЛЕВСКИ | ДО ТЕХНИЧЕСКИ УНИВЕРСИТЕТ 👉 АКТ 16 | ЗАВЪРШЕН ДО КЛЮЧ 👉 ПРОСТОР ...",https://www.imot.bg/obiava-1c178817600821595-prodava-tristaen-apartament-grad-varna-levski-1,https://imotstatic1.focus.bg/imot/photosimotbg/1/595/1c178817600821595_Fy.jpg,,NO
апартамент,агенция,к.к. Златни пясъци,91,110000,1208.79,0899136401,"Продава 3-СТАЕН, град Варна, к.к. Златни пясъци | 91 кв.м, 4-ти ет. от 6, Въведен в експлоатация 2010 г., Ключ в офиса! Тристаен, обзаведен апартамент за продажба, с фронтална морска панорама, кк Златни пяс ...",https://www.imot.bg/obiava-1c178461542297131-prodava-tristaen-apartament-grad-varna-k-k-zlatni-pyasatsi,https://imotstatic4.focus.bg/imot/photosimotbg/1/131/1c178461542297131_oK.jpg,,NO
друго,частно лице,Варна,,,,,"Кризата в Сеута - наказание за Испания заради Газа и Иран?, Варна | преди час и 24 минути",https://fakti.bg/world/1078459-krizata-v-seuta-nakazanie-za-ispania-zaradi-gaza-i-iran,https://cdn4.focus.bg/fakti/photos/small/3bd/krizata-v-seuta-nakazanie-za-ispania-zaradi-gaza-i-iran-1.webp,,NO
апартамент,агенция,Победа,68,179990,2646.91,0898508787,"Продава 2-СТАЕН, град Варна, Победа | 68 кв.м, 9-ти ет. от 10, Въведен в експлоатация 2022 г., ЕКСКЛУЗИНО ПРЕДЛОЖЕНИЕ ЗА ДВУСТАЕН АПАРТАМЕНТ С ГАРАЖ ВЪВ ФАМИЛИЯ НОВА 1. Нова Хоум Ви предлага за п ...",https://www.imot.bg/obiava-1b178575543008728-prodava-dvustaen-apartament-grad-varna-pobeda,https://imotstatic3.focus.bg/imot/photosimotbg/1/728/1b178575543008728_Bn.jpg,,NO
апартамент,агенция,Възраждане,59,125000,2118.64,0898508787,"Продава 2-СТАЕН, град Варна, Възраждане 3 | 59 кв.м, 3-ти ет. от 5, Въведен в експлоатация 2026 г., С АКТ 16, ЗАВЪРШЕН ДО КЛЮЧ + КУХНЯ Нова Хоум Ви предлага за продажба двустаен апартамент в кв. Въз ...",https://www.imot.bg/obiava-1b178817375071652-prodava-dvustaen-apartament-grad-varna-vazrazhdane-3,https://imotstatic4.focus.bg/imot/photosimotbg/1/652/1b178817375071652_vj.jpg,,NO
апартамент,агенция,Централна поща,126,280000,2222.22,0878449249,"Продава 3-СТАЕН, град Варна, Централна поща | 126 кв.м, 2-ри ет. от 8, Въведен в експлоатация 2025 г., Луксозен тристаен апартамент до ключ! Център! Варна! Арканум Груп недвижими имоти предлага за продаж ...",https://www.imot.bg/obiava-1c178817340637369-prodava-tristaen-apartament-grad-varna-tsentralna-poshta,https://cdn3.focus.bg/imot/photosimotbg/1/369/1c178817340637369_uM.jpg,,NO
апартамент,агенция,Гранд Мол,109,197900,1815.6,0887222477,"Продава 3-СТАЕН, град Варна, Гранд Мол | 109 кв.м, 5-ти ет. от 7, Въведен в експлоатация 2015 г., 🦁Лайънс груп недвижими имоти предлага ЕКСКЛУЗИВНО на вашето внимание🦁 ✨ Прод ...",https://www.imot.bg/obiava-1c178170290462684-prodava-tristaen-apartament-grad-varna-grand-mol,https://imotstatic4.focus.bg/imot/photosimotbg/1/684/1c178170290462684_3A.jpg,,NO
апартамент,агенция,Младост,60,128000,2133.33,0877240260,"Продава 3-СТАЕН, град Варна, Младост 2 | 60 кв.м, 7-ми ет. от 9, Въведен в експлоатация 1980 - 1989 г., ТРИСТАЕН АПАРТАМЕНТ | МЛАДОСТ 2 | ИЗТОК/ЗАПАД | СРЕДЕН ЕТАЖ Предлагаме за продажба тристаен апартам ...",https://www.imot.bg/obiava-1c178817179168073-prodava-tristaen-apartament-grad-varna-mladost-2,https://imotstatic1.focus.bg/imot/photosimotbg/1/073/1c178817179168073_ZX.jpg,,NO
апартамент,агенция,Бриз,62,170000,2741.94,0899993998,"Продава 2-СТАЕН, град Варна, Бриз | 62 кв.м, 4-ти ет. от 6, Въведен в експлоатация, Инвестиционна компания Стинекс, продава без комисиона,двустаен апартамент до ключ в ж.к.Бриз.Имотът ...",https://www.imot.bg/obiava-1b170695411068541-prodava-dvustaen-apartament-grad-varna-briz,https://imotstatic4.focus.bg/imot/photosimotbg/1/541/1b170695411068541_vK.jpg,,NO
апартамент,агенция,Чайка,80,275000,3437.5,0889106881,"Продава 3-СТАЕН, град Варна, Чайка | 80 кв.м, 2-ри ет. от 6, Въведен в експлоатация 1970 - 1979 г., ЕРА Лайф обявява за продажба стилен тристаен апартамент, преустроен на четиристаен с площ 80 кв.м, р ...",https://www.imot.bg/obiava-1c178817160154668-prodava-tristaen-apartament-grad-varna-chayka,https://imotstatic2.focus.bg/imot/photosimotbg/1/668/1c178817160154668_kl.jpg,,NO
гараж,агенция,Трошево,18,25990,1443.89,0879000923,"Продава ГАРАЖ, град Варна, Трошево | 18 кв.м, ниво -2 от 5, ЦЕНА БЕЗ АНАЛОГ ЗА САМОСТОЯТЕЛЕН ГАРАЖ! 🏢 ИМОТЕН ЦЕНТЪР ВАРНА ПРОДАВА ЕКСКЛУЗИВНО САМОСТОЯТ ...",https://www.imot.bg/obiava-1o178816970318215-prodava-garazh-parkomyasto-grad-varna-troshevo,https://cdn3.focus.bg/imot/photosimotbg/1/215/1o178816970318215_sM.jpg,,NO
апартамент,агенция,Владислав Варненчик,61,114900,1883.61,0899655555,"Продава 2-СТАЕН, град Варна, Владислав Варненчик 1 | 61 кв.м, 5-ти ет. от 7, Въведен в експлоатация 1970 - 1979 г., САМО В ЕРА Вива! Двустаен апартамент с отделна кухня в ж.к. Владислав Варненчик 1, гр. Варна. Жилище ...",https://www.imot.bg/obiava-1b178816824773554-prodava-dvustaen-apartament-grad-varna-vladislav-varnenchik-1,https://imotstatic2.focus.bg/imot/photosimotbg/1/554/1b178816824773554_Wk.jpg,,NO
апартамент,агенция,Фестивален комплекс,179,900000,5027.93,0897885152,"Продава 3-СТАЕН, град Варна, Фестивален комплекс | 179 кв.м, ХОТЕЛ ЧЕРНО МОРЕ, 10-ти ет. от 11, Въведен в експлоатация, БУЛ ИМОТ ПРЕДЛАГА!!!ТРИСТАЕН АПАРТАМЕН В ТОП ЦЕНТЪРА НА ВАРНА!!! Предлагаме за продажба изключителе ...",https://www.imot.bg/obiava-1c178816803579103-prodava-tristaen-apartament-grad-varna-festivalen-kompleks-hotel-cherno-more,https://imotstatic3.focus.bg/imot/photosimotbg/1/103/1c178816803579103_PP.jpg,,NO
апартамент,агенция,Централна поща,114,330000,2894.74,0878449249,"Продава 3-СТАЕН, град Варна, Централна поща | 114 кв.м, 5-ти ет. от 6, Въведен в експлоатация 2025 г., Обзаведен тристаен! Акт 16! Нова сграда! Център! Арканум Груп недвижими имоти предлага за продажба ...",https://www.imot.bg/obiava-1c178816790704020-prodava-tristaen-apartament-grad-varna-tsentralna-poshta,https://imotstatic4.focus.bg/imot/photosimotbg/1/020/1c178816790704020_U9.jpg,,NO
къща,частно лице,Свети Никола,350,585000,1671.43,0896617384,"Продава КЪЩА, град Варна, Свети Никола | 350 кв.м, двор 350 кв.м, Ще бъде въведен в експлоатация 2027 г., Дом с морска панорама в една от най-престижните локации на Варна Представяме Ви просторен семеен до ...",https://www.imot.bg/obiava-1j178655370992306-prodava-kashta-grad-varna-sveti-nikola,https://imotstatic2.focus.bg/imot/photosimotbg/1/306/1j178655370992306_PG.jpg,,NO
къща,агенция,Свети Никола,128,280000,2187.5,0876590074,"Продава КЪЩА, град Варна, Свети Никола | 128 кв.м, двор 613 кв.м, Въведен в експлоатация 1980 - 1989 г., Имоти Премиер и представя къща с просторен двор и изключителна локация в м-т Св.Никола, гр. Варна &# ...",https://www.imot.bg/obiava-1j178574102010283-prodava-kashta-grad-varna-sveti-nikola,https://imotstatic1.focus.bg/imot/photosimotbg/1/283/1j178574102010283_19.jpg,,NO
апартамент,агенция,ХЕИ,60,149900,2498.33,0897842525,"Продава 2-СТАЕН, град Варна, ХЕИ | 60 кв.м, 2-ри ет. от 8, Въведен в експлоатация 2026 г., ХЕИ / 2 Стаи / Нова Завършена Луксозна Сграда / Среден / ПМ / Извън Синя и Зелена Зона За повече и ...",https://www.imot.bg/obiava-1b178282138637214-prodava-dvustaen-apartament-grad-varna-hei,https://imotstatic1.focus.bg/imot/photosimotbg/1/214/1b178282138637214_8B.jpg,,NO
апартамент,агенция,Бриз,101,169900,1682.18,0897842525,"Продава 2-СТАЕН, град Варна, Бриз | 101 кв.м, Стадион Гагарин, 2-ри ет. от 6, Ще бъде въведен в експлоатация 2026 г., Нова Луксозна Сграда / Тухла / Югозапад / Простор / Паркомясто / ФИКСИРАНА ЦЕНА БЕЗ ПРОМЯНА до Акт 1 ...",https://www.imot.bg/obiava-1b175215470573929-prodava-dvustaen-apartament-grad-varna-briz-stadion-gagarin,https://imotstatic2.focus.bg/imot/photosimotbg/1/929/1b175215470573929_fF.jpg,,NO
апартамент,агенция,Чаталджа,100,258000,2580.0,0898506565,"Продава 3-СТАЕН, град Варна, Чаталджа | 100 кв.м, 5-ти ет. от 6, Въведен в експлоатация, Агенция за недвижими имоти REHOUSE предлага ЕКСКЛУЗИВНО напълно завършен, ремонтиран и обзаведен ТРИ ...",https://www.imot.bg/obiava-1c178816665018219-prodava-tristaen-apartament-grad-varna-chataldzha,https://imotstatic3.focus.bg/imot/photosimotbg/1/219/1c178816665018219_qF.jpg,,NO
апартамент,агенция,Лятно кино Тракия,110,265000,2409.09,0898506565,"Продава 4-СТАЕН, град Варна, Лятно кино Тракия | 110 кв.м, Въведен в експлоатация, 🏡 ЕКСКЛУЗИВНО ОТ REHOUSE | ПРОСТОРЕН ЧЕТИРИСТАЕН АПАРТАМЕНТ В ЕДНА ОТ НАЙ-ДОБРИТЕ ЧАСТИ НА Л ...",https://www.imot.bg/obiava-1d178765236911473-prodava-chetiristaen-apartament-grad-varna-lyatno-kino-trakiya,https://cdn3.focus.bg/imot/photosimotbg/1/473/1d178765236911473_Ti.jpg,,NO
апартамент,агенция,Зимно кино Тракия,110,210000,1909.09,0888966770,"Продава 3-СТАЕН, град Варна, Зимно кино Тракия | 110 кв.м, 3-ти ет. от 5, Въведен в експлоатация 2006 г., 'Елиз дом' предлага на вашето внимание тристаен апартамент в нова жилищна сграда, разположена в райо ...",https://www.imot.bg/obiava-1c177080771115371-prodava-tristaen-apartament-grad-varna-zimno-kino-trakiya,https://imotstatic4.focus.bg/imot/photosimotbg/1/371/1c177080771115371_44.jpg,,NO
апартамент,агенция,к.к. Св.Св. Константин и Елена,56,119990,2142.68,0875363330,"Продава 2-СТАЕН, град Варна, к.к. Св.Св. Константин и Елена | 56 кв.м, 3-ти ет. от 4, Ще бъде въведен в експлоатация 2027 г., ЮГОЗАПАДНО ИЗЛОЖЕНИЕ | ГОТОВА СГРАДА | ПАРКОМЯСТО Продава се двустаен апартамент в нова сграда, раз ...",https://www.imot.bg/obiava-1b178816378202604-prodava-dvustaen-apartament-grad-varna-k-k-sv-sv-konstantin-i-elena,https://imotstatic4.focus.bg/imot/photosimotbg/1/604/1b178816378202604_cw.jpg,,NO
апартамент,агенция,Централна поща,128,387000,3023.44,0895587719,"Продава 3-СТАЕН, град Варна, Централна поща | 128 кв.м, 4-ти ет. от 6, Въведен в експлоатация 2026 г., Чисто нов дом, очакващ първите си собственици! Възможност за покупка на паркомясто! Състои се от: ко ...",https://www.imot.bg/obiava-1c178816347946902-prodava-tristaen-apartament-grad-varna-tsentralna-poshta,https://imotstatic3.focus.bg/imot/photosimotbg/1/902/1c178816347946902_Fp.jpg,,NO
апартамент,агенция,Младост,61,119990,1967.05,0875363330,"Продава 3-СТАЕН, град Варна, Младост 1 | 61 кв.м, 1-ви ет. от 8, Въведен в експлоатация 1970 - 1979 г., СТАЕН! МЛАДОСТ 1! ПЪРВИ ЕТАЖ! АСАНСЬОР! Предлагаме 3-стаен апартамент в кв. Младост 1,Апартаментът ...",https://www.imot.bg/obiava-1c178548457293513-prodava-tristaen-apartament-grad-varna-mladost-1,https://imotstatic4.focus.bg/imot/photosimotbg/1/513/1c178548457293513_oF.jpg,,NO
парцел,агенция,Владислав Варненчик,4000,75000,18.75,0884032688,"Продава ПАРЦЕЛ, град Варна, Владислав Варненчик 1 | 4000 кв.м, бул.Цар Освободител, Регулация, Ток, Вода, Обезщетение! Имота е с 80м лице към булевард. До него има изградени комуникации. Устройствената зо ...",https://www.imot.bg/obiava-1r178533494848456-prodava-partsel-grad-varna-vladislav-varnenchik-1-bul-tsar-osvoboditel,https://imotstatic4.focus.bg/imot/photosimotbg/1/456/1r178533494848456_MB.jpg,,NO
апартамент,агенция,Виница,86,122990,1430.12,0875363330,"Продава 3-СТАЕН, град Варна, Виница | 86 кв.м, 2-ри ет. от 4, Въведен в експлоатация 2026 г., ! ТРИСТАЕН ! ВИНИЦА ! 86 КВ.М ! Представяме Ви тристаен апартамент в кв. Виница с функционално разп ...",https://www.imot.bg/obiava-1c178542440897748-prodava-tristaen-apartament-grad-varna-vinitsa,https://imotstatic4.focus.bg/imot/photosimotbg/1/748/1c178542440897748_wy.jpg,,NO
апартамент,агенция,Чайка,125,397000,3176.0,0897885152,"Продава 3-СТАЕН, град Варна, Чайка | 125 кв.м, ПЪРВА ЛИНИЯ, 8-ми ет. от 9, Въведен в експлоатация 2005 г., САМО ЗА КЛИЕНТИ НА БУЛИМОТ - 3-стаен, тухлен, обзаведен апартамент в най-предпочитания квартал на Ва ...",https://www.imot.bg/obiava-1c174549226702721-prodava-tristaen-apartament-grad-varna-chayka-parva-liniya,https://cdn3.focus.bg/imot/photosimotbg/1/721/1c174549226702721_Xe.jpg,,NO
апартамент,агенция,Аспарухово,75,108000,1440.0,0897885152,"Продава 3-СТАЕН, град Варна, Аспарухово | 75 кв.м, 3-ти ет. от 6, Ще бъде въведен в експлоатация 2026 г., НОВА МОДЕРНА СГРАДА!!!МОРСКА ПАНОРАМА!!! Имотът се състои от входно антре, просторен и светъл дневе ...",https://www.imot.bg/obiava-1c175224199967576-prodava-tristaen-apartament-grad-varna-asparuhovo,https://imotstatic2.focus.bg/imot/photosimotbg/1/576/1c175224199967576_DC.jpg,,NO
къща,агенция,м-т Ален мак,303,320000,1056.11,0897885152,"Продава КЪЩА, град Варна, м-т Ален мак | 303 кв.м, двор 330 кв.м, Кабакум, 2 ет., Ще бъде въведен в експлоатация 2027 г., 🏡 **Ексклузивна къща за продажба в м-т Кабакум, гр. Варна** РАЗСРОЧЕНО ПЛАЩАНЕ! 🌊 М ...",https://www.imot.bg/obiava-1j177676908159476-prodava-kashta-grad-varna-m-t-alen-mak-kabakum,https://imotstatic2.focus.bg/imot/photosimotbg/1/476/1j177676908159476_Yf.jpg,,NO
апартамент,агенция,к.к. Златни пясъци,73,104900,1436.99,0889000885,"Продава 2-СТАЕН, град Варна, к.к. Златни пясъци | 73 кв.м, 3-ти ет. от 8, Въведен в експлоатация 2010 г., Ексклузивно! ТОПИММО предлага за продажба комфортен двустаен апартамент в курортен комплекс Златни п ...",https://www.imot.bg/obiava-1b175803067770523-prodava-dvustaen-apartament-grad-varna-k-k-zlatni-pyasatsi,https://imotstatic1.focus.bg/imot/photosimotbg/1/523/1b175803067770523_ZE.jpg,,NO
апартамент,агенция,Възраждане,79,177000,2240.51,0897885152,"Продава 2-СТАЕН, град Варна, Възраждане 1 | 79 кв.м, 5-ти ет. от 6, Въведен в експлоатация 2005 г., БУЛИМОТ ПРЕДЛАГА ЕКСКЛУЗИВНО ДВУСТАЕН ЮЖЕН АПАРТАМЕНТ! Имотът има следното разпределение:входно антр ...",https://www.imot.bg/obiava-1b176068739908902-prodava-dvustaen-apartament-grad-varna-vazrazhdane-1,https://imotstatic4.focus.bg/imot/photosimotbg/1/902/1b176068739908902_gm.jpg,,NO
апартамент,агенция,Трошево,81,134990,1666.54,0897885152,"Продава 2-СТАЕН, град Варна, Трошево | 81 кв.м, 1-ви ет. от 16, Ще бъде въведен в експлоатация 2028 г., САМО ОТ НА БУЛ ИМОТ: 2 - стаен, тухлен апартамент, намира се в новостроящ се модерен жилищен компле ...",https://www.imot.bg/obiava-1b175023916740815-prodava-dvustaen-apartament-grad-varna-troshevo,https://imotstatic1.focus.bg/imot/photosimotbg/1/815/1b175023916740815_Pq.jpg,,NO
апартамент,агенция,Кайсиева градина,72,95000,1319.44,0878699443,"Продава 2-СТАЕН, град Варна, Кайсиева градина | 72 кв.м, 4-ти ет. от 6, Въведен в експлоатация 2026 г., ЕКСКЛУЗИВНО от ADMIRAL REAL ESTATE Предлагаме за продажба двустаен апартамент в предпочитания район ...",https://www.imot.bg/obiava-1b177754670687464-prodava-dvustaen-apartament-grad-varna-kaysieva-gradina,https://imotstatic2.focus.bg/imot/photosimotbg/1/464/1b177754670687464_SG.jpg,,NO
апартамент,агенция,Виница,96,139900,1457.29,0878210021,"Продава 3-СТАЕН, град Варна, Виница | 96 кв.м, 4-ти ет. от 4, Въведен в експлоатация 2010 г., ТОП Локация! Затворен комплекс! Морска панорама! Най- актуалните Имоти са samhome.bg Реф. Номер: 364 ...",https://www.imot.bg/obiava-1c178257676727028-prodava-tristaen-apartament-grad-varna-vinitsa,https://imotstatic3.focus.bg/imot/photosimotbg/1/028/1c178257676727028_iv.jpg,,NO
апартамент,агенция,Център,65,174900,2690.77,0877935855,"Продава 2-СТАЕН, град Варна, Център | 65 кв.м, 5-ти ет. от 6, Въведен в експлоатация 2026 г., Агенция Имотен Център Варна предлага за продажба нов двустаен апартамент в нова жилищна сграда на 5м ...",https://www.imot.bg/obiava-1b178055678428057-prodava-dvustaen-apartament-grad-varna-tsentar,https://imotstatic2.focus.bg/imot/photosimotbg/1/057/1b178055678428057_7Q.jpg,,NO
апартамент,агенция,Кайсиева градина,121,168196,1390.05,0898726411,"Продава 3-СТАЕН, град Варна, Кайсиева градина | 121 кв.м, 11-ти ет. от 11, Ще бъде въведен в експлоатация 2027 г., Просторен тристаен апартамент с чиста площ 106,55 кв.м и обща площ 121,33 кв.м. се предлага за прода ...",https://www.imot.bg/obiava-1c175654747641830-prodava-tristaen-apartament-grad-varna-kaysieva-gradina,https://imotstatic2.focus.bg/imot/photosimotbg/1/830/1c175654747641830_mI.jpg,,NO
гараж,агенция,Кайсиева градина,13,13000,1000.0,0898726411,"Продава ПАРКОМЯСТО, град Варна, Кайсиева градина | 13 кв.м, Предлага се дворнo паркомястo в модерната новострояща се сграда Атрия в гр. Варна на ул. Мургаш , ...",https://www.imot.bg/obiava-1o175654791208106-prodava-garazh-parkomyasto-grad-varna-kaysieva-gradina,https://imotstatic1.focus.bg/imot/photosimotbg/1/106/1o175654791208106_yU.jpg,,NO
апартамент,агенция,Бриз,57,169000,2964.91,0898533570,"Продава 2-СТАЕН, град Варна, Бриз | 57 кв.м, 3-ти ет. от 5, Ще бъде въведен в експлоатация 2026 г., ЕКСКЛУЗИВНО! МОРСКА ПАНОРАМА | ЮЖНО ИЗЛОЖЕНИЕ | ЗАВЪРШЕН ДО КЛЮЧ | ПАРКОМЯСТО В ЦЕНАТА ЕРА Визия пре ...",https://www.imot.bg/obiava-1b178549607059700-prodava-dvustaen-apartament-grad-varna-briz,https://imotstatic1.focus.bg/imot/photosimotbg/1/700/1b178549607059700_wf.jpg,,NO
апартамент,частно лице,Кайсиева градина,72,91000,1263.89,0888630198,"Продава 2-СТАЕН, град Варна, Кайсиева градина | 72 кв.м, 4-ти ет. от 6, Ще бъде въведен в експлоатация 2027 г., ЧАСТНО ЛИЦЕ продава просторен 2ст апартамент пред Акт 15 , БЕЗ ТАКСИ и КОМИСИОННИ към Агенции или др ...",https://www.imot.bg/obiava-1b177744228734484-prodava-dvustaen-apartament-grad-varna-kaysieva-gradina,https://imotstatic1.focus.bg/imot/photosimotbg/1/484/1b177744228734484_yu.jpg,,NO
апартамент,частно лице,Кайсиева градина,70,104000,1485.71,0879116988,"Продава 2-СТАЕН, град Варна, Кайсиева градина | 70 кв.м, 3-ти ет. от 9, Ще бъде въведен в експлоатация 2028 г., ЧАСТНО ЛИЦЕ продава изцяло ЮЖЕН СРЕДЕН АПАРТАМЕНТ 70 кв.м. БЕЗ ТАКСИ и КОМИСИОННИ към Агенции или ...",https://www.imot.bg/obiava-1b177671607667899-prodava-dvustaen-apartament-grad-varna-kaysieva-gradina,https://imotstatic1.focus.bg/imot/photosimotbg/1/899/1b177671607667899_pg.jpg,,NO
апартамент,частно лице,Кайсиева градина,72,91000,1263.89,0888630198,"Продава 3-СТАЕН, град Варна, Кайсиева градина | 72 кв.м, 4-ти ет. от 6, Ще бъде въведен в експлоатация 2027 г., ЧАСТНО ЛИЦЕ продава уютен 3ст апартамент пред Акт 15 , БЕЗ ТАКСИ и КОМИСИОННИ към Агенции или др., ...",https://www.imot.bg/obiava-1c178292909920077-prodava-tristaen-apartament-grad-varna-kaysieva-gradina,https://imotstatic2.focus.bg/imot/photosimotbg/1/077/1c178292909920077_k3.jpg,,NO
къща,частно лице,Виница,140,249900,1785.0,0884492388,"Продава КЪЩА, град Варна, Виница | 140 кв.м, двор 425 кв.м, 1 ет., Въведен в експлоатация 1980 - 1989 г., НАМАЛЕНА ЦЕНА !!!! СОБСТВЕНИК ПРОДАВА масивна двуетажна къща в центъра на кв. Виница, гр. Варна Пре ...",https://www.imot.bg/obiava-1j178266611765127-prodava-kashta-grad-varna-vinitsa,https://imotstatic4.focus.bg/imot/photosimotbg/1/127/1j178266611765127_4Q.jpg,,YES
апартамент,агенция,Чайка,65,184900,2844.62,0892523722,"Продава 3-СТАЕН, град Варна, Чайка | 65 кв.м, Въведен в експлоатация, Агенция 'Явлена' ви предлага за продажба панелен апартамент с три отделни стаи в един от на ...",https://www.imot.bg/obiava-1c178521071777016-prodava-tristaen-apartament-grad-varna-chayka,https://imotstatic4.focus.bg/imot/photosimotbg/1/016/1c178521071777016_iN.jpg,,NO
апартамент,агенция,Конфуто,60,139900,2331.67,,"Продава 2-СТАЕН, град Варна, Конфуто | 60 кв.м, 5-ти ет. от 6, Въведен в експлоатация 2012 г., Референтен номер: 24565 КОМПАС НЕДВИЖИМИ ИМОТИ предлага за продажба двустаен апартамент в района на ..., тел.: 00359889231811",https://www.imot.bg/obiava-1b178810273903651-prodava-dvustaen-apartament-grad-varna-konfuto,https://imotstatic3.focus.bg/imot/photosimotbg/1/651/1b178810273903651_Bs.jpg,,NO
апартамент,агенция,Владислав Варненчик,93,178000,1913.98,0883217222,"Продава 3-СТАЕН, град Варна, Владислав Варненчик 1 | 93 кв.м, Владиславово, 5-ти ет. от 8, Въведен в експлоатация, ОФЕРТА: 46452 Агенция за недвижими имоти РЕГИОН предлага за продажба тристаен напълно обзаведен ап ...",https://www.imot.bg/obiava-1c178808769123812-prodava-tristaen-apartament-grad-varna-vladislav-varnenchik-1-vladislavovo,https://imotstatic1.focus.bg/imot/photosimotbg/1/812/1c178808769123812_KS.jpg,,NO
апартамент,агенция,Възраждане,129,164999,1279.06,0899999081,"Продава 4-СТАЕН, град Варна, Възраждане 1 | 129 кв.м, 3-ти ет. от 8, Ще бъде въведен в експлоатация 2028 г., СТРАХОТЕН 4-СТАЕН АПАРТАМЕНТ! ДОКАЗАН СТРОИТЕЛ! РАЗСРОЧЕНО ПЛАЩАНЕ! СРЕДЕН ЕТАЖ! СРЕДЕН АПАРТАМЕНТ!О ...",https://www.imot.bg/obiava-1d178582974010388-prodava-chetiristaen-apartament-grad-varna-vazrazhdane-1,https://imotstatic1.focus.bg/imot/photosimotbg/1/388/1d178582974010388_KE.jpg,,NO
апартамент,агенция,Кайсиева градина,81,84999,1049.37,0899999081,"Продава 2-СТАЕН, град Варна, Кайсиева градина | 81 кв.м, 1-ви ет. от 7, Въведен в експлоатация 2026 г., ТОП ОФЕРТА - 84 999 ЕВРО! АКТ 16! 2-СТАЕН ПО БДС! СТАТУТ АПАРТАМЕНТ! ДВОР 37 КВ.М! ОПЦИЯ ЗА ЗАВЪРШВА ...",https://www.imot.bg/obiava-1b178229923768395-prodava-dvustaen-apartament-grad-varna-kaysieva-gradina,https://imotstatic4.focus.bg/imot/photosimotbg/1/395/1b178229923768395_Md.jpg,,NO
апартамент,агенция,Левски,90,288000,3200.0,0885235652,"Продава 3-СТАЕН, град Варна, Левски 2 | 90 кв.м, 3-ти ет. от 5, Въведен в експлоатация 2008 г., Тристаен с Акт 16 в кв. Левски ул.Пол. Калитин 33 простор и отлична локация Предлагаме за продажба ...",https://www.imot.bg/obiava-1c178695518573973-prodava-tristaen-apartament-grad-varna-levski-2,https://imotstatic2.focus.bg/imot/photosimotbg/1/973/1c178695518573973_PY.jpg,,NO
апартамент,агенция,м-т Зеленика,59,125000,2118.64,0883217222,"Продава 2-СТАЕН, град Варна, м-т Зеленика | 59 кв.м, 2-ри ет. от 3, Въведен в експлоатация, ОФЕРТА:45689 Агенция за недвижими имоти РЕГИОН предлага за продажба уютен двустаен апартамент в рай ...",https://www.imot.bg/obiava-1b177753772662443-prodava-dvustaen-apartament-grad-varna-m-t-zelenika,https://imotstatic3.focus.bg/imot/photosimotbg/1/443/1b177753772662443_a3.jpg,,NO
апартамент,агенция,Зимно кино Тракия,72,144000,2000.0,0883217222,"Продава 2-СТАЕН, град Варна, Зимно кино Тракия | 72 кв.м, 4-ти ет. от 5, Въведен в експлоатация, ОФЕРТА 44297 Имоти РЕГИОН предлага за продажба двустаен обзаведен апартамент в централната част на ...",https://www.imot.bg/obiava-1b177442644109519-prodava-dvustaen-apartament-grad-varna-zimno-kino-trakiya,https://imotstatic2.focus.bg/imot/photosimotbg/1/519/1c177442644109519_P5.jpg,,NO
апартамент,агенция,м-т Долна Трака,112,228000,2035.71,0898508787,"Продава 3-СТАЕН, град Варна, м-т Долна Трака | 112 кв.м, Кубчето, Партер от 5, Въведен в експлоатация 2021 г., САМО ОТ НОВА ХОУМ, АПАРТАМЕНТ С УСЕЩАНЕ ЗА КЪЩА ДО КУБЧЕТО, ПАРКОМЯСТО Нова Хоум Ви представя за п ...",https://www.imot.bg/obiava-1c177315043885323-prodava-tristaen-apartament-grad-varna-m-t-dolna-traka-kubcheto,https://imotstatic3.focus.bg/imot/photosimotbg/1/323/1c177315043885323_MS.jpg,,NO
апартамент,агенция,Център,63,159000,2523.81,0896662496,"Продава 2-СТАЕН, град Варна, Център | 63 кв.м, Бизнес хотел, 3-ти ет. от 6, Ще бъде въведен в експлоатация 2026 г., 🏡 CORRECT BROKERS Ви представя двустаен апартамент в бутикова нова сграда в централната част ...",https://www.imot.bg/obiava-1b178799355426641-prodava-dvustaen-apartament-grad-varna-tsentar-biznes-hotel,https://imotstatic2.focus.bg/imot/photosimotbg/1/641/1b178799355426641_Rj.jpg,,NO
гараж,частно лице,Виница,17,25000,1470.59,0877016817,"Продава ПАРКОМЯСТО, град Варна, Виница | 17 кв.м, ПРОСТОРНО ПОДЗЕМНО ПАРКОМЯСТО В КОМПЛЕКС БЕЛА ВИТА ОТ СОБСТВЕНИК Паркомястото е номер 20 на скицата ...",https://www.imot.bg/obiava-1o178747374295662-prodava-garazh-parkomyasto-grad-varna-vinitsa,https://cdn3.focus.bg/imot/photosimotbg/1/662/1o178747374295662_HR.jpg,,NO
апартамент,частно лице,к.к. Св.Св. Константин и Елена,165,380000,2303.03,0887789292,"Продава 3-СТАЕН, град Варна, к.к. Св.Св. Константин и Елена | 165 кв.м, 8-ми ет. от 11, Въведен в експлоатация, Просторен 3-стаен апартамент -165 кв.м. с морска гледка от всяка стая и балкон на 8-ия етаж в прести ...",https://www.imot.bg/obiava-1c178652583095029-prodava-tristaen-apartament-grad-varna-k-k-sv-sv-konstantin-i-elena,https://imotstatic3.focus.bg/imot/photosimotbg/1/029/1c178652583095029_ky.jpg,,NO
апартамент,агенция,Виница,83,142000,1710.84,0877779462,"Продава 2-СТАЕН, град Варна, Виница | 83 кв.м, 5-ти ет. от 5, Ще бъде въведен в експлоатация 2026 г., Южен | Морска гледка | Паркомясто | Нова сграда | Уникален Vivahome предлага за продажба ексклузив ...",https://www.imot.bg/obiava-1b178792911308148-prodava-dvustaen-apartament-grad-varna-vinitsa,https://imotstatic1.focus.bg/imot/photosimotbg/1/148/1b178792911308148_uk.jpg,,NO
апартамент,агенция,Владислав Варненчик,60,94990,1583.17,0875363330,"Продава 2-СТАЕН, град Варна, Владислав Варненчик 1 | 60 кв.м, 4-ти ет. от 9, Ще бъде въведен в експлоатация 2027 г., ДВУСТАЕН АПАРТАМЕНТ | ПРЕД АКТ 16 | ЮГОИЗТОК | 4-ТИ ЕТАЖ Функционален двустаен апартамент в нова с ...",https://www.imot.bg/obiava-1b178792865854968-prodava-dvustaen-apartament-grad-varna-vladislav-varnenchik-1,https://imotstatic4.focus.bg/imot/photosimotbg/1/968/1b178792865854968_dO.jpg,,NO
апартамент,агенция,Младост,72,135000,1875.0,0882121458,"Продава 2-СТАЕН, град Варна, Младост 1 | 72 кв.м, 8-ми ет. от 10, Въведен в експлоатация 2026 г., Панорамен двустаен апартамент разположен в нова модерна сграда.Апартаментът се състои от: Дневна с т ...",https://www.imot.bg/obiava-1b178792624036436-prodava-dvustaen-apartament-grad-varna-mladost-1,https://cdn3.focus.bg/imot/photosimotbg/1/436/1b178792624036436_o8.jpg,,NO
апартамент,агенция,Възраждане,42,119500,2845.24,0898533570,"Продава 2-СТАЕН, град Варна, Възраждане 2 | 42 кв.м, 6-ти ет. от 8, Въведен в експлоатация 1980 - 1989 г., ЕКСКЛУЗИВНО! ЮЖНО ИЗЛОЖЕНИЕ! СЛЕД ОСНОВЕН РЕМОНТ! ОБЗАВЕДЕН! ГЛЕДКА КЪМ ВАРНЕНСКОТО ЕЗЕРО! ЕРА Визи ...",https://www.imot.bg/obiava-1b178792290287175-prodava-dvustaen-apartament-grad-varna-vazrazhdane-2,https://imotstatic1.focus.bg/imot/photosimotbg/1/175/1b178792290287175_5k.jpg,,NO
апартамент,агенция,Цветен квартал,76,122990,1618.29,0879590800,"Продава 2-СТАЕН, град Варна, Цветен квартал | 76 кв.м, 3-ти ет. от 5, Ще бъде въведен в експлоатация 2026 г., В РАЙОНА НА ЦВЕТЕН КВАРТАЛ / ДО УЛ. ПОДВИС / ДВУСТАЕН СТАТУТ АПАРТАМЕНТ /СРЕДЕН ЕТАЖ/ ПРАВИЛНИ ФОРМ ...",https://www.imot.bg/obiava-1b178549987448755-prodava-dvustaen-apartament-grad-varna-tsveten-kvartal,https://imotstatic2.focus.bg/imot/photosimotbg/1/755/1b178549987448755_SH.jpg,,NO
апартамент,частно лице,Владислав Варненчик,60,105800,1763.33,0879823660,"Продава 2-СТАЕН, град Варна, Владислав Варненчик 2 | 60 кв.м, 3-ти ет. от 9, Въведен в експлоатация 1980 - 1989 г., Апартаментът се състои от коридор, дневна, спалня, усвоена тераса с трапезария, кухня, коридор, втор ...",https://www.imot.bg/obiava-1b177369423843215-prodava-dvustaen-apartament-grad-varna-vladislav-varnenchik-2,https://imotstatic4.focus.bg/imot/photosimotbg/1/215/1b177369423843215_hx.jpg,,NO
къща,частно лице,Гръцка махала,360,760000,2111.11,0888449219,"Продава КЪЩА, град Варна, Гръцка махала | 360 кв.м, двор 149 кв.м, 4 ет., Лок.отопл., Въведен в експлоатация, Собственик предлага за продажба самостоятелна къща в стария център на Гръцката махала. Къщата е част ...",https://www.imot.bg/obiava-1j175103694841322-prodava-kashta-grad-varna-gratska-mahala,https://imotstatic2.focus.bg/imot/photosimotbg/1/322/1j175103694841322_EP.jpg,,NO
гараж,агенция,Център,25,46000,1840.0,0879590034,"Продава ПАРКОМЯСТО, град Варна, Център | 25 кв.м, Партер от 1, 🚗 ПРОДАВА СЕ ПАРКОМЯСТО В ЦЕНТЪРА НА ГР. ВАРНА Предлагаме за продажба паркомясто с отлична л ...",https://www.imot.bg/obiava-1o178531154081507-prodava-garazh-parkomyasto-grad-varna-tsentar,https://cdn3.focus.bg/imot/photosimotbg/1/507/1o178531154081507_MW.jpg,,NO
апартамент,агенция,Лятно кино Тракия,80,210000,2625.0,0892200980,"Продава 3-СТАЕН, град Варна, Лятно кино Тракия | 80 кв.м, 3-ти ет. от 8, Въведен в експлоатация, БЕЗ КОМИСИОННА - ДИРЕКТНО ОТ СОБСТВЕНИК! БЕЗ ГЛАВОБОЛИЯ С МАЙСТОРИ - НАПЪЛНО ОБЗАВЕДЕН! 3 СТАЕН - ЮЖ ...",https://www.imot.bg/obiava-1c178791532424346-prodava-tristaen-apartament-grad-varna-lyatno-kino-trakiya,https://imotstatic3.focus.bg/imot/photosimotbg/1/346/1c178791532424346_ak.jpg,,NO
апартамент,агенция,Левски,134,229000,1708.96,0882121460,"Продава 3-СТАЕН, град Варна, Левски 1 | 134 кв.м, 7-ми ет. от 7, Въведен в експлоатация 2010 г., Предлагаме за продажба тристаен обзаведен апартамент в един от най-предпочитаните квартали на гр. В ...",https://www.imot.bg/obiava-1c178464390568457-prodava-tristaen-apartament-grad-varna-levski-1,https://imotstatic4.focus.bg/imot/photosimotbg/1/457/1c178464390568457_U5.jpg,,NO
апартамент,агенция,Лятно кино Тракия,80,158000,1975.0,0897885152,"Продава 3-СТАЕН, град Варна, Лятно кино Тракия | 80 кв.м, 2-ри ет. от 8, Въведен в експлоатация, 🏠 3-стаен апартамент до Гранд Мол Варна функционален дом с отлична локация и удобства на е ...",https://www.imot.bg/obiava-1c176311513217217-prodava-tristaen-apartament-grad-varna-lyatno-kino-trakiya,https://imotstatic4.focus.bg/imot/photosimotbg/1/217/1c176311513217217_2x.jpg,,NO
апартамент,агенция,ВИНС-Червен площад,105,348000,3314.29,0897885152,"Продава 3-СТАЕН, град Варна, ВИНС-Червен площад | 105 кв.м, 3-ти ет. от 4, Въведен в експлоатация, САМО ЗА КЛИЕНТИ НА БУЛИМОТ! Предлагаме за продажба просторен тристаен апартамент, разположен в сърце ...",https://www.imot.bg/obiava-1c178055295163286-prodava-tristaen-apartament-grad-varna-vins-cherven-ploshtad,https://cdn3.focus.bg/imot/photosimotbg/1/286/1c178055295163286_b8.jpg,,NO
апартамент,агенция,Гръцка махала,120,348000,2900.0,0897885152,"Продава 3-СТАЕН, град Варна, Гръцка махала | 120 кв.м, 3-ти ет. от 4, Въведен в експлоатация, САМО ЗА КЛИЕНТИ НА БУЛИМОТ! Предлагаме за продажба просторен тристаен апартамент, разположен в сърц ...",https://www.imot.bg/obiava-1c178055266103599-prodava-tristaen-apartament-grad-varna-gratska-mahala,https://imotstatic3.focus.bg/imot/photosimotbg/1/599/1c178055266103599_g6.jpg,,NO
апартамент,агенция,Окръжна болница-Генерали,94,260000,2765.96,0877077531,"Продава 3-СТАЕН, град Варна, Окръжна болница-Генерали | 94 кв.м, Чаталджа, 2-ри ет. от 6, Газ, Въведен в експлоатация 2006 г., ЕКСКЛУЗИВЕН ИМОТ!! ИЗЦЯЛО ЮЖЕН! ТИХ И СПОКОЕН РАЙОН! ПАРКОМЯСТО - като опция! СТАИ С ПЕРФЕКТНИ КВАДР ...",https://www.imot.bg/obiava-1c177814960467519-prodava-tristaen-apartament-grad-varna-okrazhna-bolnitsa-generali-chataldzha,https://imotstatic3.focus.bg/imot/photosimotbg/1/519/1c177814960467519_Ta.jpg,,NO
апартамент,агенция,к.к. Св.Св. Константин и Елена,128,179000,1398.44,0885885272,"Продава 3-СТАЕН, град Варна, к.к. Св.Св. Константин и Елена | 128 кв.м, 5-ти ет. от 5, Въведен в експлоатация 2024 г., Нова Намалена цена! Предлагаме за продажба голям, панорамен апартамент, разположен е на 5-ти етаж в ...",https://www.imot.bg/obiava-1c177321728053381-prodava-tristaen-apartament-grad-varna-k-k-sv-sv-konstantin-i-elena,https://imotstatic4.focus.bg/imot/photosimotbg/1/381/1c177321728053381_h4.jpg,,YES
апартамент,агенция,к.к. Св.Св. Константин и Елена,125,390000,3120.0,0877224484,"Продава 4-СТАЕН, град Варна, к.к. Св.Св. Константин и Елена | 125 кв.м, 2-ри ет. от 5, Въведен в експлоатация 2007 г., Ексклузивно! Ключ в офиса! 4-стаен апартамент, на първа линия, с застр. площ. 105 кв.м, състоящ се о ...",https://www.imot.bg/obiava-1d178790392786118-prodava-chetiristaen-apartament-grad-varna-k-k-sv-sv-konstantin-i-elena,https://imotstatic4.focus.bg/imot/photosimotbg/1/118/1d178790392786118_7U.jpg,,NO
гараж,частно лице,Левски,26,22000,846.15,0899881572,"Продава ПАРКОМЯСТО, град Варна, Левски 2 | 26 кв.м, ниво -1 от 9, Предлагам за продажба просторно подземно паркомясто в нова сграда от висок клас, разположена в една ...",https://www.imot.bg/obiava-1o178790382597616-prodava-garazh-parkomyasto-grad-varna-levski-2,https://cdn3.focus.bg/imot/photosimotbg/1/616/1o178790382597616_9Q.jpg,,NO
апартамент,агенция,Левски,42,139500,3321.43,0879801672,"Продава 2-СТАЕН, град Варна, Левски 1 | 42 кв.м, 2-ри ет. от 8, Въведен в експлоатация, Идеална възможност за инвестиция с бизнес намерения - за дългосрочно и краткосрочно отдаване под нае ...",https://www.imot.bg/obiava-1b178790073874253-prodava-dvustaen-apartament-grad-varna-levski-1,https://imotstatic2.focus.bg/imot/photosimotbg/1/253/1b178790073874253_vy.jpg,,NO
апартамент,агенция,Младост,65,145000,2230.77,0898683690,"Продава 2-СТАЕН, град Варна, Младост 1 | 65 кв.м, до Мебелна палата, 4-ти ет. от 6, Въведен в експлоатация, ЕКСКЛУЗИВНО!!!Предлагаме за продажба двустаен стилен и напълно обзаведен апартамент. Жилището се ...",https://www.imot.bg/obiava-1b178790071222735-prodava-dvustaen-apartament-grad-varna-mladost-1-do-mebelna-palata,https://cdn3.focus.bg/imot/photosimotbg/1/735/1b178790071222735_Yj.jpg,,NO
апартамент,агенция,ВИНС-Червен площад,95,359900,3788.42,0875363330,"Продава 4-СТАЕН, град Варна, ВИНС-Червен площад | 95 кв.м, 2-ри ет. от 4, Въведен в експлоатация 2005 г., ЛУКСОЗЕН 4-СТАЕН | ЧЕРВЕН ПЛОЩАД | ДО МЕДИЦИНСКИ УНИВЕРСИТЕТ | ОСНОВЕН РЕМОНТ 95 кв.м | 2-ри етаж | ...",https://www.imot.bg/obiava-1d178789905761288-prodava-chetiristaen-apartament-grad-varna-vins-cherven-ploshtad,https://imotstatic2.focus.bg/imot/photosimotbg/1/288/1d178789905761288_zz.jpg,,NO
гараж,частно лице,к.к. Чайка,32,30000,937.5,0887315178,"Продава ГАРАЖ, град Варна, к.к. Чайка | 32 кв.м, Гаражът е изграден на две нива метална конструкция, подова настилка гранитогрес.",https://www.imot.bg/obiava-1o178776030133414-prodava-garazh-parkomyasto-grad-varna-k-k-chayka,https://imotstatic4.focus.bg/imot/photosimotbg/1/414/1o178776030133414_ca.jpg,,NO
парцел,частно лице,к.к. Чайка,2878,990000,343.99,0889919300,"Продава ПАРЦЕЛ, град Варна, к.к. Чайка | 2878 кв.м, Кабакум, Регулация, Собственик продава парцел с площ от 2878 кв.м. , находящ се в гр. Варна , к.к. Чайка, с лице на ул. ...",https://www.imot.bg/obiava-1r173599257255921-prodava-partsel-grad-varna-k-k-chayka-kabakum,https://imotstatic1.focus.bg/imot/photosimotbg/1/921/1r173599257255921_k7.jpg,,NO
апартамент,частно лице,к.к. Чайка,154,330000,2142.86,0889919300,"Продава 4-СТАЕН, град Варна, к.к. Чайка | 154 кв.м, 7-ми ет. от 9, Въведен в експлоатация 2012 г., Собственик предлага за продажба комфортен четиристаен апартамент в комплекс от затворен тип, в непо ...",https://www.imot.bg/obiava-1d162937106855864-prodava-chetiristaen-apartament-grad-varna-k-k-chayka,https://imotstatic3.focus.bg/imot/photosimotbg/1/864/1d162937106855864_lx.jpg,,NO
апартамент,агенция,к.к. Златни пясъци,68,100000,1470.59,0895720748,"Продава 2-СТАЕН, град Варна, к.к. Златни пясъци | 68 кв.м, 3-ти ет. от 7, Въведен в експлоатация 2008 г., Апартамента е с площ от 68 кв.м с изцяло южно изложение! Идеален за целогодишно наемане! За повече и ...",https://www.imot.bg/obiava-1b176962843300011-prodava-dvustaen-apartament-grad-varna-k-k-zlatni-pyasatsi,https://imotstatic4.focus.bg/imot/photosimotbg/1/011/1b176962843300011_bg.jpg,,NO
апартамент,агенция,Кайсиева градина,75,102990,1373.2,0875363330,"Продава 2-СТАЕН, град Варна, Кайсиева градина | 75 кв.м, 10-ти ет. от 11, Ще бъде въведен в експлоатация 2026 г., !ИЗЦЯЛО ЮЖЕН АПАРТАМЕНТ! ГОЛЯМА ДНЕВНА! Представяме Ви прекрасен двустаен апартамент с площ от 75,50 ...",https://www.imot.bg/obiava-1b177866099517895-prodava-dvustaen-apartament-grad-varna-kaysieva-gradina,https://imotstatic2.focus.bg/imot/photosimotbg/1/895/1b177866099517895_I0.jpg,,NO
друго,частно лице,Варна,,,,,"Анна Митова, директор на дирекция „Комуникации“ в НАП, пред ФАКТИ: Търговци вдигат оборота си рязко по време на проверки – до 400 пъти, Варна | преди 30 минути",https://fakti.bg/bulgaria/1078484-anna-mitova-direktor-na-direkcia-komunikacii-v-nap-pred-fakti-targovci-vdigat-oborota-si-razko-po-vreme-na-proverki-do-400-pati,https://cdn4.focus.bg/fakti/photos/small/0e5/anna-mitova-direktor-na-direkcia-komunikacii-v-nap-pred-fakti-targovci-vdigat-oborota-si-razko-po-vreme-na-proverki-do-400-pati-1.webp,,NO
парцел,частно лице,м-т Горна Трака,781,225000,288.09,0897717070,"Продава ПАРЦЕЛ, град Варна, м-т Горна Трака | 781 кв.м, Регулация, Вода, Предлагам за продажба отличен урегулиран поземлен имот с площ 781 кв.м, разположен в една от най-пре ...",https://www.imot.bg/obiava-1r178635113844071-prodava-partsel-grad-varna-m-t-gorna-traka,https://imotstatic3.focus.bg/imot/photosimotbg/1/071/1r178635113844071_UZ.jpg,,NO
апартамент,агенция,Изгрев,90,153000,1700.0,0878449249,"Продава 3-СТАЕН, град Варна, Изгрев | 90 кв.м, 4-ти ет. от 10, Ще бъде въведен в експлоатация 2028 г., ЕКСКЛУЗИВНО Арканум груп Недвижими имоти продава тристаен апартамент, в един от най- предпочитаните ...",https://www.imot.bg/obiava-1c178395361264567-prodava-tristaen-apartament-grad-varna-izgrev,https://imotstatic4.focus.bg/imot/photosimotbg/1/567/1c178395361264567_1x.jpg,,NO
къща,агенция,к.к. Св.Св. Константин и Елена,278,550000,1978.42,0878449249,"Продава КЪЩА, град Варна, к.к. Св.Св. Константин и Елена | 278 кв.м, двор 395 кв.м, Въведен в експлоатация 2025 г., ТРИЕТАЖНА ПРОСТОРНА КЪЩА С АКТ 16! НА 2 МИН. ОТ СВ. СВ. КОНСТАНТИН И ЕЛЕНА!ДВЕ ПАРКОМЕСТА В ЦЕНАТА! ...",https://www.imot.bg/obiava-1j174101613247634-prodava-kashta-grad-varna-k-k-sv-sv-konstantin-i-elena,https://imotstatic3.focus.bg/imot/photosimotbg/1/634/1j174101613247634_nR.jpg,,NO
апартамент,агенция,к.к. Св.Св. Константин и Елена,103,255000,2475.73,0878449249,"Продава 3-СТАЕН, град Варна, к.к. Св.Св. Константин и Елена | 103 кв.м, 2-ри ет. от 5, Въведен в експлоатация 2026 г., СРЕДЕН ЕТАЖ! АКТ 16! ТРИСТАЕН! АРКАНУМ ГРУП Недвижими Имоти продава тристаен апартамент с панорамна ...",https://www.imot.bg/obiava-1c178783821197039-prodava-tristaen-apartament-grad-varna-k-k-sv-sv-konstantin-i-elena,https://cdn3.focus.bg/imot/photosimotbg/1/039/1c178783821197039_Vt.jpg,,NO
парцел,агенция,м-т Перчемлията,1016,215000,211.61,0879900993,"Продава ПАРЦЕЛ, град Варна, м-т Перчемлията | 1016 кв.м, Регулация, Билдинг Бокс предлага за продажба парцел с площ от 1066 кв.м, разположен в живописната местност Пер ...",https://www.imot.bg/obiava-1r178783784575708-prodava-partsel-grad-varna-m-t-perchemliyata,https://imotstatic1.focus.bg/imot/photosimotbg/1/708/1r178783784575708_3t.jpg,,NO
апартамент,агенция,к.к. Св.Св. Константин и Елена,82,203000,2475.61,0878449249,"Продава 2-СТАЕН, град Варна, к.к. Св.Св. Константин и Елена | 82 кв.м, 1-ви ет. от 6, Въведен в експлоатация 2009 г., Просторен 2-стаен апартамент в к.к. Св. св. Константин и Елена до ЛИДЛ СЛЪНЧЕВ 2-СТАЕН ! ОПЦИЯ ЗА ПО ...",https://www.imot.bg/obiava-1b178783432191804-prodava-dvustaen-apartament-grad-varna-k-k-sv-sv-konstantin-i-elena,https://imotstatic4.focus.bg/imot/photosimotbg/1/804/1b178783432191804_ec.jpg,,NO
апартамент,агенция,Гръцка махала,83,212000,2554.22,0882121458,"Продава 3-СТАЕН, град Варна, Гръцка махала | 83 кв.м, 4-ти ет. от 4, Въведен в експлоатация 1997 г., Тристаен апартамент в близост до Морската градина, напълно обзаведен! Жилището се състои от дневен т ...",https://www.imot.bg/obiava-1c178289101491076-prodava-tristaen-apartament-grad-varna-gratska-mahala,https://imotstatic2.focus.bg/imot/photosimotbg/1/076/1c178289101491076_dE.jpg,,NO
апартамент,агенция,Бриз,151,339000,2245.03,0894625282,"Продава 3-СТАЕН, град Варна, Бриз | 151 кв.м, 2-ри ет. от 4, Въведен в експлоатация 2024 г., ЕКСКЛУЗИВНО! ТРИСТАЕН АПАРТАМЕНТ С ГОЛЕМИ СТАИ, 4 СЕРВИЗНИ ПОМЕЩЕНИЯ, ЮГ/ЗАПАД/ИЗТОК, СРЕДЕН ЕТАЖ, С ...",https://www.imot.bg/obiava-1c178783200843718-prodava-tristaen-apartament-grad-varna-briz,https://cdn3.focus.bg/imot/photosimotbg/1/718/1c178783200843718_yG.jpg,,NO
апартамент,агенция,к.к. Св.Св. Константин и Елена,73,160000,2191.78,0887222477,"Продава 2-СТАЕН, град Варна, к.к. Св.Св. Константин и Елена | 73 кв.м, 4-ти ет. от 5, Въведен в експлоатация, 🏡 ДВУСТАЕН АПАРТАМЕНТ ЗА ПРОДАЖБА 🏡 ✅ЧИСТО НОВ ОБЗАВЕДЕН АПАРТАМЕНТ ✅ ...",https://www.imot.bg/obiava-1b178783107790765-prodava-dvustaen-apartament-grad-varna-k-k-sv-sv-konstantin-i-elena,https://imotstatic3.focus.bg/imot/photosimotbg/1/765/1b178783107790765_pi.jpg,,NO
апартамент,частно лице,м-т Акчелар,59,115000,1949.15,0882698375,"Продава 2-СТАЕН, град Варна, м-т Акчелар | 59 кв.м, Партер от 6, Въведен в експлоатация 2012 г., СПЕШНА ПРОДАЖБА ОТ СОБСТВЕНИК! Просторен двустаен апартамент с голяма тераса и морска панорама Акч ...",https://www.imot.bg/obiava-1b178508624827345-prodava-dvustaen-apartament-grad-varna-m-t-akchelar,https://imotstatic3.focus.bg/imot/photosimotbg/1/345/1b178508624827345_In.jpg,,NO
апартамент,агенция,Възраждане,80,120480,1506.0,0879590800,"Продава 3-СТАЕН, град Варна, Възраждане 1 | 80 кв.м, 2-ри ет. от 9, Ще бъде въведен в експлоатация 2027 г., 🏡 СЕМЕЕН ТРИСТАЕН АПАРТАМЕНТ | НАПРЕДНАЛО СТРОИТЕЛСТВО | СРЕДЕН ЕТАЖ | КВ. ВЪЗРАЖДАНЕ 1 ...",https://www.imot.bg/obiava-1c178531272969600-prodava-tristaen-apartament-grad-varna-vazrazhdane-1,https://imotstatic4.focus.bg/imot/photosimotbg/1/600/1c178531272969600_kV.jpg,,NO
апартамент,агенция,Автогара,70,195000,2785.71,0884551510,"Продава 3-СТАЕН, град Варна, Автогара | 70 кв.м, Партер от 5, Въведен в експлоатация, ТРИСТАЕН СЛЕД ОСНОВЕН РЕМОНТ | 2 БАНИ | ПАНОРАМА | СРЕЩУ VARNA MALL Предлагаме за продажба тристаен ...",https://www.imot.bg/obiava-1c178488754898527-prodava-tristaen-apartament-grad-varna-avtogara,https://imotstatic3.focus.bg/imot/photosimotbg/1/527/1c178488754898527_Mu.jpg,,NO
апартамент,агенция,Бриз,218,650000,2981.65,0882121460,"Продава МНОГОСТАЕН, град Варна, Бриз | 218 кв.м, 8-ми ет. от 11, Въведен в експлоатация 2022 г., Ексклузивен многостаен апартамент с панорама море в кв. Бриз Представяме ви луксозен и изключително ...",https://www.imot.bg/obiava-1e178782730082982-prodava-mnogostaen-apartament-grad-varna-briz,https://imotstatic1.focus.bg/imot/photosimotbg/1/982/1e178782730082982_aN.jpg,,NO
апартамент,агенция,к.к. Св.Св. Константин и Елена,90,217900,2421.11,0892522198,"Продава 3-СТАЕН, град Варна, к.к. Св.Св. Константин и Елена | 90 кв.м, 6-ти ет. от 6, Лок.отопл., Въведен в експлоатация 2021 г., ЕКСКЛУЗИВНО НА ПАЗАРА! ID: 162865 Явлена предлага за продажба напълно обзаведен тристаен апартамент ...",https://www.imot.bg/obiava-1c178449332593543-prodava-tristaen-apartament-grad-varna-k-k-sv-sv-konstantin-i-elena,https://imotstatic1.focus.bg/imot/photosimotbg/1/543/1c178449332593543_d0.jpg,,NO
къща,агенция,м-т Манастирски рид,131,280000,2137.4,0888367167,"Продава КЪЩА, град Варна, м-т Манастирски рид | 131 кв.м, двор 529 кв.м, Ще бъде въведен в експлоатация 2026 г., Имаме удоволствието да Ви представим за продажба новострояща се едноетажна фамилна къща, разположен ...",https://www.imot.bg/obiava-1j178782614566343-prodava-kashta-grad-varna-m-t-manastirski-rid,https://imotstatic2.focus.bg/imot/photosimotbg/1/343/1j178782614566343_CL.jpg,,NO
апартамент,агенция,Трошево,49,154397,3150.96,0897047424,"Продава 2-СТАЕН, град Варна, Трошево | 49 кв.м, 4-ти ет. от 5, Въведен в експлоатация, Двустаен апартамент с отлична локация в кв. Трошево напълно ремонтиран и обзаведен Предлагаме за ...",https://www.imot.bg/obiava-1b178782575704148-prodava-dvustaen-apartament-grad-varna-troshevo,https://imotstatic4.focus.bg/imot/photosimotbg/1/148/1b178782575704148_z5.jpg,,NO
офис,частно лице,Център,409,995000,2432.76,0988388344,"Продава ОФИС, град Варна, Център | 409 кв.м, 2-ри ет. от 9, Въведен в експлоатация 2021 г., Директно от собственик, без комисион! Битов ток! Продавам луксозен, обзаведен офис с 35 седящи мест ...",https://www.imot.bg/obiava-1g178774650715274-prodava-ofis-grad-varna-tsentar,https://imotstatic1.focus.bg/imot/photosimotbg/1/274/1g178774650715274_ON.jpg,,NO
къща,агенция,Колхозен пазар,83,215000,2590.36,0879590098,"Продава КЪЩА, град Варна, Колхозен пазар | 83 кв.м, двор 110 кв.м, Въведен в експлоатация, Имоти Премиер представя инвестиционен пакет от две самостоятелни къщи в района на Колхозен пазар, гр ...",https://www.imot.bg/obiava-1j178782154661863-prodava-kashta-grad-varna-kolhozen-pazar,https://imotstatic3.focus.bg/imot/photosimotbg/1/863/1j178782154661863_jG.jpg,,NO
апартамент,частно лице,Левски,48,105000,2187.5,0878186915,"Продава 2-СТАЕН, град Варна, Левски 1 | 48 кв.м, 2-ри ет. от 8, Въведен в експлоатация 1970 - 1979 г., Апартамент 2 стаен, кв. Левски, ет.2, много добра локация, детски градини, училище, спирки на градск ...",https://www.imot.bg/obiava-1b178582830103881-prodava-dvustaen-apartament-grad-varna-levski-1,https://imotstatic4.focus.bg/imot/photosimotbg/1/881/1b178582830103881_61.jpg,,NO
парцел,частно лице,к.к. Златни пясъци,527,35000,66.41,0878186915,"Продава ПАРЦЕЛ, град Варна, к.к. Златни пясъци | 527 кв.м, Вода, Парцел 527 кв.м. между Златни пясъци и Кранево, лице 52 метра на два асфалтови пътя, с пътна връзка, ...",https://www.imot.bg/obiava-1r178283131710646-prodava-partsel-grad-varna-k-k-zlatni-pyasatsi,https://cdn3.focus.bg/imot/photosimotbg/1/646/1r178283131710646_E1.jpg,,NO
апартамент,агенция,Бриз,134,339990,2537.24,0875363330,"Продава 4-СТАЕН, град Варна, Бриз | 134 кв.м, 5-ти ет. от 10, Въведен в експлоатация 2020 г., ГОТОВ ЗА НАНАСЯНЕ!!!ГЛЕДКА МОРЕ!!!НАЙ-ПРЕДПОЧИТАНАТА ЧАСТ НА БРИЗ!!! Апартаментът е четиристаен, юж ...",https://www.imot.bg/obiava-1d178782026268695-prodava-chetiristaen-apartament-grad-varna-briz,https://cdn3.focus.bg/imot/photosimotbg/1/695/1d178782026268695_SQ.jpg,,NO
апартамент,агенция,Възраждане,48,85490,1781.04,0897047424,"Продава 2-СТАЕН, град Варна, Възраждане 1 | 48 кв.м, Партер от 5, Ще бъде въведен в експлоатация 2026 г., 🏠 ПРОДАВА СЕ АТЕЛИЕ ВЪЗРАЖДАНЕ 1, КОЧМАР Предлагаме ново строителство ателие, разположе ...",https://www.imot.bg/obiava-1b178781949745215-prodava-dvustaen-apartament-grad-varna-vazrazhdane-1,https://cdn3.focus.bg/imot/photosimotbg/1/215/1b178781949745215_yu.jpg,,NO
апартамент,агенция,м-т Долна Трака,142,180000,1267.61,0894625282,"Продава 3-СТАЕН, град Варна, м-т Долна Трака | 142 кв.м, 4-ти ет. от 4, Въведен в експлоатация 2012 г., ЕКСКЛУЗИВНО! ОБЗАВЕДЕН АПАРТАМЕНТ С ГОЛЕМИ СТАИ, ТРИ ТЕРАСИ И МОРСКА ПАНОРАМА, В ТУХЛЕНА СГРАДА С БА ...",https://www.imot.bg/obiava-1c178781940291094-prodava-tristaen-apartament-grad-varna-m-t-dolna-traka,https://imotstatic2.focus.bg/imot/photosimotbg/1/094/1c178781940291094_Un.jpg,,NO
апартамент,агенция,Владислав Варненчик,86,133000,1546.51,0899704949,"Продава 3-СТАЕН, град Варна, Владислав Варненчик 1 | 86 кв.м, 3-ти ет. от 8, Ще бъде въведен в експлоатация 2026 г., АКТ 14! ЕКСКЛУЗИВНО от ФАЙВ СТАРС! ИЗЦЯЛО СРЕДЕН! СХЕМА НА ПЛАЩАНЕ - 30% СЕГА ОСТАНАЛИТЕ 70%, КОГАТ ...",https://www.imot.bg/obiava-1c175448312356901-prodava-tristaen-apartament-grad-varna-vladislav-varnenchik-1,https://imotstatic1.focus.bg/imot/photosimotbg/1/901/1c175448312356901_wr.jpg,,NO
офис,агенция,Левски,28,74900,2675.0,0896380249,"Продава ОФИС, град Варна, Левски 1 | 28 кв.м, Партер от 6, Въведен в експлоатация 2010 г., Империум Груп продава ексклузивно светло и функционално търговско помещение с площ от 28 кв.м, разпо ...",https://www.imot.bg/obiava-1g178300097421081-prodava-ofis-grad-varna-levski-1,https://imotstatic3.focus.bg/imot/photosimotbg/1/081/1g178300097421081_2L.jpg,,NO
гараж,частно лице,м-т Пчелина,20,8500,425.0,0892314864,"Продава ПАРКОМЯСТО, град Варна, м-т Пчелина | 20 кв.м, Продавам паркомясто 23 , собственост към жилищна сграда, намираща се в , местност Пчелина, ул. Д-р ...",https://www.imot.bg/obiava-1o176617869912778-prodava-garazh-parkomyasto-grad-varna-m-t-pchelina,https://imotstatic3.focus.bg/imot/photosimotbg/1/778/1o176617869912778_yg.jpg,,NO
апартамент,агенция,Погреби,86,139990,1627.79,0893366050,"Продава 2-СТАЕН, град Варна, Погреби | 86 кв.м, 6-ти ет. от 6, Ще бъде въведен в експлоатация 2026 г., Реф. : 23748 ЕКСКЛУЗИВНО! ЖИЛИЩНА СГРАДА ШАФАРИК РЕЗИДЪНС ! ОТ ИНВЕСТИТОРА! БЕЗ КОМИСИОН! ОПЦИЯ ...",https://www.imot.bg/obiava-1b178635119529625-prodava-dvustaen-apartament-grad-varna-pogrebi,https://imotstatic2.focus.bg/imot/photosimotbg/1/625/1b178635119529625_uB.jpg,,NO
апартамент,агенция,Център,83,259400,3125.3,0894625282,"Продава 3-СТАЕН, град Варна, Център | 83 кв.м, 2-ри ет. от 5, Въведен в експлоатация 1970 - 1979 г., ЕКСКЛУЗИВНО! РАЙОН НЕПТУН, ТРИСТАЕН ОБЗАВЕДЕН АПАРТАМЕНТ, С ГОЛЯМА ИЗБА И ТАВАН, В ТУХЛЕНА СГРАДА. Е ...",https://www.imot.bg/obiava-1c177799117560449-prodava-tristaen-apartament-grad-varna-tsentar,https://imotstatic3.focus.bg/imot/photosimotbg/1/449/1c177799117560449_hq.jpg,,NO
къща,агенция,Бриз,260,483000,1857.69,0882121458,"Продава КЪЩА, град Варна, Бриз | 260 кв.м, двор 509 кв.м, Въведен в експлоатация 2026 г., ЕТАП АКТ 14! Възможност за покупка с банков кредит.Фамилна новострояща се къща ситуирана в луксозен ...",https://www.imot.bg/obiava-1j178031583127676-prodava-kashta-grad-varna-briz,https://imotstatic3.focus.bg/imot/photosimotbg/1/676/1j178031583127676_j2.jpg,,NO
апартамент,агенция,Владислав Варненчик,68,105000,1544.12,0876119907,"Продава 2-СТАЕН, град Варна, Владислав Варненчик 1 | 68 кв.м, бул.Света Елена 18, 2-ри ет. от 10, Ще бъде въведен в експлоатация 2029 г., 🏡 ЮЖЕН Двустаен апартамент с функционално разпределение Директно от инвеститора! Без комис ...",https://www.imot.bg/obiava-1b178532826789097-prodava-dvustaen-apartament-grad-varna-vladislav-varnenchik-1-bul-sveta-elena-18,https://imotstatic4.focus.bg/imot/photosimotbg/1/097/1b178532826789097_Zx.jpg,,NO
къща,агенция,с. Константиново,198,240000,1212.12,0878590072,"Продава КЪЩА, град Варна, с. Константиново | 198 кв.м, двор 851 кв.м, 2 ет., Въведен в експлоатация, Ексклузивно! Само от имоти Премиер! Огледи с ключ! Имот с огромен потенциал! Имоти Премиер предлага ...",https://www.imot.bg/obiava-1j178774765342662-prodava-kashta-grad-varna-s-konstantinovo,https://imotstatic3.focus.bg/imot/photosimotbg/1/662/1j178774765342662_PO.jpg,,NO
апартамент,агенция,Централна поща,95,219900,2314.74,0897885152,"Продава 3-СТАЕН, град Варна, Централна поща | 95 кв.м, 2-ри ет. от 3, Въведен в експлоатация 2003 г., !!СЛЕД ОСНОВЕН РЕМОНТ!!СРЕДЕН ЕТАЖ!!ТУХЛА!! Представяме Ви за продажба тристаен апартамент в района ...",https://www.imot.bg/obiava-1c178774110126628-prodava-tristaen-apartament-grad-varna-tsentralna-poshta,https://cdn3.focus.bg/imot/photosimotbg/1/628/1c178774110126628_GH.jpg,,NO
апартамент,агенция,Трошево,90,158500,1761.11,0887871100,"Продава 3-СТАЕН, град Варна, Трошево | 90 кв.м, 7-ми ет. от 8, Въведен в експлоатация 1970 - 1979 г., Агенция ВЕЛДОМ продава 3-стаен апартамент в района на Варна Мол- кв. Трошево. Апартаментът е разполо ...",https://www.imot.bg/obiava-1c178774002479703-prodava-tristaen-apartament-grad-varna-troshevo,https://imotstatic3.focus.bg/imot/photosimotbg/1/703/1c178774002479703_Q9.jpg,,NO
апартамент,агенция,Бриз,115,215000,1869.57,0896884373,"Продава 3-СТАЕН, град Варна, Бриз | 115 кв.м, 3-ти ет. от 5, Ще бъде въведен в експлоатация 2028 г., Агенция за недвижими имоти Адмирал Риъл Естейт предлага за продажба ТРИСТАЕН апартамент в новостро ...",https://www.imot.bg/obiava-1c177919299236125-prodava-tristaen-apartament-grad-varna-briz,https://imotstatic2.focus.bg/imot/photosimotbg/1/125/1c177919299236125_YV.jpg,,NO
апартамент,агенция,Възраждане,93,215000,2311.83,0875363330,"Продава 3-СТАЕН, град Варна, Възраждане 1 | 93 кв.м, ПАРК ВЪЗРАЖДАНЕ, 2-ри ет. от 6, Въведен в експлоатация 2024 г., 3-СТАЕН!ДО ПАРК ВЪЗРАЖДАНЕ!ОБЗАВЕДЕН! Предлагаме 3-стаен апартамент във Възраждане 1 с площ от 98 кв ...",https://www.imot.bg/obiava-1c178773742394642-prodava-tristaen-apartament-grad-varna-vazrazhdane-1-park-vazrazhdane,https://imotstatic3.focus.bg/imot/photosimotbg/1/642/1c178773742394642_c2.jpg,,NO
къща,агенция,Аспарухово,410,509000,1241.46,0878249169,"Продава КЪЩА, град Варна, Аспарухово | 410 кв.м, двор 450 кв.м, Въведен в експлоатация 1960 - 1969 г., РЕФ. 733 ЕКСКЛУЗИВНО! Прекрасна възможност за инвестиция! ЕСТЕЙТ Груп продава САМОСТОЯТЕЛНА КЪЩА ...",https://www.imot.bg/obiava-1j175525554075354-prodava-kashta-grad-varna-asparuhovo,https://imotstatic2.focus.bg/imot/photosimotbg/1/354/1j175525554075354_Oj.jpg,,NO
апартамент,агенция,Гръцка махала,60,158000,2633.33,0897885152,"Продава 2-СТАЕН, град Варна, Гръцка махала | 60 кв.м, под Ритуална зала, 2-ри ет. от 6, Въведен в експлоатация 2008 г., БУЛИМОТ ПРЕДЛАГА ОБЗАВЕДЕН И ОБОРУДВАН АПАРТАМЕНТ! Намира се в централната част на града, в непосред ...",https://www.imot.bg/obiava-1b178531620709273-prodava-dvustaen-apartament-grad-varna-gratska-mahala-pod-ritualna-zala,https://imotstatic2.focus.bg/imot/photosimotbg/1/273/1b178531620709273_tc.jpg,,NO
търговски,агенция,Център,225,567000,2520.0,0877590014,"Продава ЗАВЕДЕНИЕ, град Варна, Център | 225 кв.м, Въведен в експлоатация 1980 - 1989 г., Имоти Премиер ви представя просторно заведение с инвестиционен потенциал в ТОП ЦЕНТЪР на гр. Варна, ...",https://www.imot.bg/obiava-1m178773455400332-prodava-zavedenie-grad-varna-tsentar,https://cdn3.focus.bg/imot/photosimotbg/1/332/1m178773455400332_Hm.jpg,,NO
апартамент,агенция,Цветен квартал,80,166000,2075.0,0897813363,"Продава 3-СТАЕН, град Варна, Цветен квартал | 80 кв.м, 4-ти ет. от 5, Въведен в експлоатация 2000 г., Жилището се намира в тухлена сграда с контролиран достъп, без асансьор, построена 2000 година. Като ...",https://www.imot.bg/obiava-1c178773204086518-prodava-tristaen-apartament-grad-varna-tsveten-kvartal,https://imotstatic3.focus.bg/imot/photosimotbg/1/518/1c178773204086518_Ms.jpg,,NO
апартамент,агенция,Трошево,60,169900,2831.67,0897885152,"Продава 3-СТАЕН, град Варна, Трошево | 60 кв.м, МОЛ Варна, 8-ми ет. от 15, Въведен в експлоатация, ВСЕКИДНЕВНА С КУХНЯ И ДВЕ СПАЛНИ! ДО МОЛ ВАРНА! СЛЕД ОСНОВЕН РЕМОНТ, НОВ, ОБЗАВЕДЕН! РЕАЛНА ПЛОЩ! СА ...",https://www.imot.bg/obiava-1c178695446017537-prodava-tristaen-apartament-grad-varna-troshevo-mol-varna,https://imotstatic2.focus.bg/imot/photosimotbg/1/537/1c178695446017537_mM.jpg,,NO
търговски,агенция,Окръжна болница-Генерали,12,38500,3208.33,0879500134,"Продава МАГАЗИН, град Варна, Окръжна болница-Генерали | 12 кв.м, Партер от 5, Въведен в експлоатация, Имоти Премиер има удоволствието да ви представи функционален магазин с отлична локация в района на Н ...",https://www.imot.bg/obiava-1l177616975737012-prodava-magazin-grad-varna-okrazhna-bolnitsa-generali,https://imotstatic1.focus.bg/imot/photosimotbg/1/012/1l177616975737012_If.jpg,,NO
апартамент,агенция,Бриз,105,255000,2428.57,0899837022,"Продава 3-СТАЕН, град Варна, Бриз | 105 кв.м, 10-ти ет. от 11, Въведен в експлоатация, ОБЗАВЕДЕН и ОБОРУДВАН!!! ПРЕДПОЧИТАН РАЙОН!!! ФУНКЦИОНАЛЕН ИМОТ!!! Нов Век недвижими имоти представя ...",https://www.imot.bg/obiava-1c178031448636097-prodava-tristaen-apartament-grad-varna-briz,https://imotstatic3.focus.bg/imot/photosimotbg/1/097/1c178031448636097_Go.jpg,,NO
апартамент,агенция,Възраждане,83,127990,1542.05,0875363330,"Продава 3-СТАЕН, град Варна, Възраждане 3 | 83 кв.м, 3-ти ет. от 5, Ще бъде въведен в експлоатация 2027 г., ЮЖНО ИЗЛОЖЕНИЕ! СРЕДЕН ЕТАЖ! С АКТ 14! Home2U ви представя за продажба функционален тристаен апартам ...",https://www.imot.bg/obiava-1c178766386928108-prodava-tristaen-apartament-grad-varna-vazrazhdane-3,https://imotstatic1.focus.bg/imot/photosimotbg/1/108/1c178766386928108_QU.jpg,,NO
апартамент,агенция,Възраждане,90,175000,1944.44,0889106881,"Продава 4-СТАЕН, град Варна, Възраждане 2 | 90 кв.м, 4-ти ет. от 8, Въведен в експлоатация 1980 - 1989 г., Само в Ера Лайф! Продава се четиристаен апартамент, разположен в един от предпочитаните райони на мо ...",https://www.imot.bg/obiava-1d178766310482555-prodava-chetiristaen-apartament-grad-varna-vazrazhdane-2,https://cdn3.focus.bg/imot/photosimotbg/1/555/1d178766310482555_ou.jpg,,NO
апартамент,агенция,Чайка,65,194900,2998.46,0883790117,"Продава 3-СТАЕН, град Варна, Чайка | 65 кв.м, 6-ти ет. от 8, Въведен в експлоатация 1980 - 1989 г., Прайм Глобал Груп Предлага тристаен апартамент в престижния квартал Чайка Напълно обзаведен и готов ...",https://www.imot.bg/obiava-1c177997772436652-prodava-tristaen-apartament-grad-varna-chayka,https://imotstatic1.focus.bg/imot/photosimotbg/1/652/1c177997772436652_TY.jpg,,NO
апартамент,агенция,Бриз,111,269000,2423.42,0882466609,"Продава 3-СТАЕН, град Варна, Бриз | 111 кв.м, 2-ри ет. от 5, Въведен в експлоатация 2025 г., Тристаен апартамент с морска гледка в кв. Бриз, до бул. Княз Борис I , Паркмарт и Морската градина ...",https://www.imot.bg/obiava-1c178405822385396-prodava-tristaen-apartament-grad-varna-briz,https://imotstatic4.focus.bg/imot/photosimotbg/1/396/1c178405822385396_dk.jpg,,NO
апартамент,агенция,к.к. Св.Св. Константин и Елена,165,320000,1939.39,0897885152,"Продава 3-СТАЕН, град Варна, к.к. Св.Св. Константин и Елена | 165 кв.м, 11-ти ет. от 11, Въведен в експлоатация 2017 г., САМО ЗА КЛИЕНТИ НА БУЛ ИМОТ! Предлагаме за продажба 3-стаен апартамент в престижния к.к. Св. Св. Кон ...",https://www.imot.bg/obiava-1c176520991782627-prodava-tristaen-apartament-grad-varna-k-k-sv-sv-konstantin-i-elena,https://cdn3.focus.bg/imot/photosimotbg/1/627/1c176520991782627_21.jpg,,NO
апартамент,агенция,Бриз,105,242000,2304.76,0896662496,"Продава 3-СТАЕН, град Варна, Бриз | 105 кв.м, Кауфланд, 11-ти ет. от 11, Въведен в експлоатация 2019 г., 🔥 НОВА АТРАКТИВНА ЦЕНА! 🔥 💶 249 000 ➡️ 242 000 💶 ...",https://www.imot.bg/obiava-1c176094645074237-prodava-tristaen-apartament-grad-varna-briz-kaufland,https://imotstatic1.focus.bg/imot/photosimotbg/1/237/1c176094645074237_9n.jpg,,NO
апартамент,агенция,Трошево,120,181500,1512.5,0897885152,"Продава 3-СТАЕН, град Варна, Трошево | 120 кв.м, 1-ви ет. от 16, Ще бъде въведен в експлоатация 2028 г., САМО ОТ БУЛ ИМОТ: 3 - стаен, тухлен апартамент, намира се в новостроящ се модерен жилищен комплекс ...",https://www.imot.bg/obiava-1c177003788064577-prodava-tristaen-apartament-grad-varna-troshevo,https://imotstatic4.focus.bg/imot/photosimotbg/1/577/1c177003788064577_Nr.jpg,,NO
апартамент,агенция,Бизнес хотел,125,249990,1999.92,0897885152,"Продава 4-СТАЕН, град Варна, Бизнес хотел | 125 кв.м, 5-ти ет. от 6, Въведен в експлоатация 2022 г., 🏡 **Просторен 4-стаен апартамент за продажба в района на 'ФУЛМАКС ЦЕНТЪР', гр. Варна**  ...",https://www.imot.bg/obiava-1d178513647325437-prodava-chetiristaen-apartament-grad-varna-biznes-hotel,https://imotstatic3.focus.bg/imot/photosimotbg/1/437/1d178513647325437_Du.jpg,,NO
апартамент,агенция,к.к. Златни пясъци,95,145000,1526.32,0897842525,"Продава 2-СТАЕН, град Варна, к.к. Златни пясъци | 95 кв.м, 4-ти ет. от 7, Въведен в експлоатация 2012 г., Първа Линия / Фронтална Морска Панорама / Обзаведен / Среден / Супер Инвестиция За повече информаци ...",https://www.imot.bg/obiava-1b175982671354792-prodava-dvustaen-apartament-grad-varna-k-k-zlatni-pyasatsi,https://cdn3.focus.bg/imot/photosimotbg/1/792/1b175982671354792_Fu.jpg,,NO
къща,агенция,м-т Прибой,178,150000,842.7,0895952545,"Продава КЪЩА, град Варна, м-т Прибой | 178 кв.м, двор 721 кв.м, Въведен в експлоатация, ✅ КЪЩА В ПРИБОЙ ✅ НАПЪЛНО ИЗРЯДНИ ДОДУМЕНТИ Код оферта: 30332 Руди Кей предлага к ...",https://www.imot.bg/obiava-1j175707255894022-prodava-kashta-grad-varna-m-t-priboy,https://imotstatic1.focus.bg/imot/photosimotbg/1/022/1j175707255894022_rs.jpg,,NO
апартамент,агенция,Кайсиева градина,66,110000,1666.67,0894625282,"Продава 2-СТАЕН, град Варна, Кайсиева градина | 66 кв.м, 6-ти ет. от 9, Въведен в експлоатация 1991 г., ЕКСКЛУЗИВНО! ХОЛ, СПАЛНЯ, КУХНЯ, ЮГ/ИЗТОК, СРЕДЕН ЕТАЖ, КАЙСИЕВА ГРАДИНА БЛОК 209. ЕРА Варна Тренд п ...",https://www.imot.bg/obiava-1b178764780388361-prodava-dvustaen-apartament-grad-varna-kaysieva-gradina,https://imotstatic1.focus.bg/imot/photosimotbg/1/361/1b178764780388361_Xd.jpg,,NO
къща,агенция,м-т Горна Трака,130,269000,2069.23,0879412333,"Продава КЪЩА, град Варна, м-т Горна Трака | 130 кв.м, двор 250 кв.м, Въведен в експлоатация 2026 г., HOLDING GROUP REAL ESTATE! Представяме на Вашето внимание ЛУКСОЗНА ДВУЕТАЖНА КЪЩА С МОРСКА ПАНОРАМ ...",https://www.imot.bg/obiava-1j178764745475907-prodava-kashta-grad-varna-m-t-gorna-traka,https://imotstatic3.focus.bg/imot/photosimotbg/1/907/1j178764745475907_x.jpg,,NO
апартамент,агенция,Трошево,41,74700,1821.95,0887878833,"Продава 2-СТАЕН, град Варна, Трошево | 41 кв.м, 6-ти ет. от 12, Ще бъде въведен в експлоатация 2027 г., СХЕМА НА ПЛАЩАНЕ 20% НА 80% ЕКСКЛУЗИВНО! 🌟 ТОП ОФЕРТА! ТОП ЦЕНА! 🏢 БУЛИМОТ представя ...",https://www.imot.bg/obiava-1b174731151480219-prodava-dvustaen-apartament-grad-varna-troshevo,https://imotstatic2.focus.bg/imot/photosimotbg/1/219/1b174731151480219_kJ.jpg,,NO
апартамент,агенция,Възраждане,74,135000,1824.32,0887222477,"Продава 2-СТАЕН, град Варна, Възраждане 3 | 74 кв.м, Пчелина, 4-ти ет. от 4, Въведен в експлоатация 2026 г., 🙀ЕКСКЛУЗИВНО! Двустаен апартамент ДО КЛЮЧ с АКТ 16 | Уникална панорама |гр.Варна над кв.Въ ...",https://www.imot.bg/obiava-1b178368232691665-prodava-dvustaen-apartament-grad-varna-vazrazhdane-3-pchelina,https://imotstatic2.focus.bg/imot/photosimotbg/1/665/1b178368232691665_cf.jpg,,NO
апартамент,агенция,м-т Боклук Тарла,89,130406,1465.24,0887784232,"Продава 3-СТАЕН, град Варна, м-т Боклук Тарла | 89 кв.м, между Кауфланд и Джъмбо, 4-ти ет. от 9, Ще бъде въведен в експлоатация 2029 г., 📍 ТРИСТАЕН АПАРТАМЕНТ В КАНАТИЦА 87,41 m² | 6-и ЕТАЖ | БЕЗ КОМИСИОНА Предлагаме фу ...",https://www.imot.bg/obiava-1c176705012535518-prodava-tristaen-apartament-grad-varna-m-t-bokluk-tarla-mezhdu-kaufland-i-dzhambo,https://imotstatic4.focus.bg/imot/photosimotbg/1/518/1c176705012535518_1C.jpg,,NO
апартамент,агенция,Левски,75,99500,1326.67,0897885152,"Продава 2-СТАЕН, град Варна, Левски 1 | 75 кв.м, Не е въведен в експлоатация, ТОП ОФЕРТА! НАЙ - ДОБРАТА ЦЕНА ЗА РАЙОНА! ПОДХОДЯЩ ЗА ЖИВЕЕНЕ ИЛИ ИЗГОДНА ИНВЕСТИЦИЯ! ЕДНА ОТ НАЙ - ...",https://www.imot.bg/obiava-1b171515905449970-prodava-dvustaen-apartament-grad-varna-levski-1,https://imotstatic2.focus.bg/imot/photosimotbg/1/970/1b171515905449970_GD.jpg,,NO
апартамент,агенция,Възраждане,50,117900,2358.0,0897885152,"Продава 2-СТАЕН, град Варна, Възраждане 1 | 50 кв.м, 8-ми ет. от 8, Въведен в експлоатация, ДВУСТАЕН АПАРТАМЕНТ СЛЕД ОСНОВЕН РЕМОНТ, С ОБЗАВЕДЕНА СПАЛНЯ И КУХНЯ! САНИРАН! РЕАЛНА КВАДРАТУРА! Чи ...",https://www.imot.bg/obiava-1b178515365024235-prodava-dvustaen-apartament-grad-varna-vazrazhdane-1,https://imotstatic2.focus.bg/imot/photosimotbg/1/235/1b178515365024235_wI.jpg,,NO
апартамент,агенция,Чайка,84,219000,2607.14,0878606185,"Продава 3-СТАЕН, град Варна, Чайка | 84 кв.м, 5-ти ет. от 5, Въведен в експлоатация 1990 г., Предлагаме ви тристаен тухлен апартамент за продажба в района на кв. Чайка. Жилището се състои от ку ...",https://www.imot.bg/obiava-1c178100868110411-prodava-tristaen-apartament-grad-varna-chayka,https://cdn3.focus.bg/imot/photosimotbg/1/411/1c178100868110411_vH.jpg,,NO
апартамент,агенция,Бриз,150,475000,3166.67,0899140671,"Продава 3-СТАЕН, град Варна, Бриз | 150 кв.м, Партер от 10, Въведен в експлоатация 2021 г., УНИКАЛЕН МОДЕРЕН ДОМ! ВИСОК КЛАС ДОВЪРШИТЕЛНИ РАБОТИ И ОБЗАВЕЖДАНЕ! ЗАТВОРЕН КОМПЛЕКС С ГОЛЕМИ ЗЕЛЕН ...",https://www.imot.bg/obiava-1c172595894720818-prodava-tristaen-apartament-grad-varna-briz,https://cdn3.focus.bg/imot/photosimotbg/1/818/1c172595894720818_Wc.jpg,,NO
офис,агенция,Чайка,152,630000,4144.74,0882121458,"Продава ОФИС, град Варна, Чайка | 152 кв.м, Партер от 4, Въведен в експлоатация 2006 г., ПРЕДСТАВИТЕЛЕН ИМОТ С ТОП ЛОКАЦИЯ КВ. ЧАЙКА, СРЕЩУ МОРСКАТА ГРАДИНА! Предлагаме за продажба прост ...",https://www.imot.bg/obiava-1g178515542074289-prodava-ofis-grad-varna-chayka,https://cdn3.focus.bg/imot/photosimotbg/1/289/1g178515542074289_Pn.jpg,,NO
апартамент,агенция,м-т Горна Трака,91,165000,1813.19,0889099118,"Продава 3-СТАЕН, град Варна, м-т Горна Трака | 91 кв.м, 1-ви ет. от 4, Въведен в експлоатация 2009 г., ЕКСКЛУЗИВНА ОФЕРТА! САМО ПРИ НАС! НОВ ВЕК Недвижими Имоти предлага за продажба ексклузивно, функци ...",https://www.imot.bg/obiava-1c178540087469755-prodava-tristaen-apartament-grad-varna-m-t-gorna-traka,https://imotstatic2.focus.bg/imot/photosimotbg/1/755/1f178540087469755_Kw.jpg,,NO
апартамент,агенция,Кайсиева градина,73,109500,1500.0,0889106881,"Продава 3-СТАЕН, град Варна, Кайсиева градина | 73 кв.м, 2-ри ет. от 4, Не е въведен в експлоатация, Само в ЕРА Лайф! Обявеният за продажба апартамент е със застроена площ 62,7 кв.м (73,49 кв.м с общит ...",https://www.imot.bg/obiava-1c178758211357985-prodava-tristaen-apartament-grad-varna-kaysieva-gradina,https://imotstatic3.focus.bg/imot/photosimotbg/1/985/1f178758211357985_NC.jpg,,NO
апартамент,агенция,Възраждане,90,179900,1998.89,0882121460,"Продава 3-СТАЕН, град Варна, Възраждане 1 | 90 кв.м, 1-ви ет. от 9, Въведен в експлоатация 1990 г., Изключително функционален и просторен апартамент в един от най-предпочитаните и уредени райони за жи ...",https://www.imot.bg/obiava-1c178758004223806-prodava-tristaen-apartament-grad-varna-vazrazhdane-1,https://imotstatic1.focus.bg/imot/photosimotbg/1/806/1c178758004223806_OM.jpg,,NO
апартамент,агенция,Трошево,97,229900,2370.1,0879414888,"Продава 3-СТАЕН, град Варна, Трошево | 97 кв.м, 3-ти ет. от 5, Въведен в експлоатация 1999 г., НАМАЛЕНА ЦЕНА!!! International real estates (IRE) има удоволствието да представи на своите клиенти Т ...",https://www.imot.bg/obiava-1c177694938528181-prodava-tristaen-apartament-grad-varna-troshevo,https://imotstatic1.focus.bg/imot/photosimotbg/1/181/1c177694938528181_qw.jpg,,YES
апартамент,агенция,Победа,67,185000,2761.19,0878699700,"Продава 2-СТАЕН, град Варна, Победа | 67 кв.м, 13-ти ет. от 14, Въведен в експлоатация 2024 г., Агенция за недвижими имоти Адмирал Риъл Естейт предлага ексклузивно за продажба стилен и напълно о ...",https://www.imot.bg/obiava-1b178186458429456-prodava-dvustaen-apartament-grad-varna-pobeda,https://imotstatic2.focus.bg/imot/photosimotbg/1/456/1b178186458429456_FM.jpg,,NO
апартамент,агенция,Свети Никола,132,375000,2840.91,0899837022,"Продава 3-СТАЕН, град Варна, Свети Никола | 132 кв.м, 4-ти ет. от 4, Газ, Въведен в експлоатация, НОВ ВЕК недвижими имоти представя на Вашето внимание тристаен, панорамен апартамент в емблематичния ...",https://www.imot.bg/obiava-1c178757598107136-prodava-tristaen-apartament-grad-varna-sveti-nikola,https://imotstatic4.focus.bg/imot/photosimotbg/1/136/1c178757598107136_HK.jpg,,NO
апартамент,агенция,Център,75,130000,1733.33,0899999083,"Продава 3-СТАЕН, град Варна, Център | 75 кв.м, 5-ти ет. от 5, Въведен в експлоатация, ТРИСТАЕН АПАРТАМЕНТ | ТУХЛА | АКТ 16 Property Store Магазин За Имоти Ви предлага просторен и функ ...",https://www.imot.bg/obiava-1c178514236437701-prodava-tristaen-apartament-grad-varna-tsentar,https://imotstatic2.focus.bg/imot/photosimotbg/1/701/1c178514236437701_uB.jpg,,NO
къща,агенция,Виница,340,455000,1338.24,0889309867,"Продава КЪЩА, град Варна, Виница | 340 кв.м, двор 1056 кв.м, над Майчин дом, Въведен в експлоатация 2023 г., КЛАСИКА В ЖАНРА!!! Един малък оазис в забързаното ежедневие!!! Имот без аналог!!! Изключително предл ...",https://www.imot.bg/obiava-1j178757374508305-prodava-kashta-grad-varna-vinitsa-nad-maychin-dom,https://imotstatic1.focus.bg/imot/photosimotbg/1/305/1j178757374508305_jd.jpg,,NO
апартамент,агенция,Гранд Мол,79,149990,1898.61,0875363330,"Продава 4-СТАЕН, град Варна, Гранд Мол | 79 кв.м, 4-ти ет. от 8, Въведен в експлоатация 1980 - 1989 г., ДОБРА ЛОКАЦИЯ! РЕАЛНА ПЛОЩ! СРЕДЕН ЕТАЖ! Предлагаме за продажба четиристаен панелен апартамент в рай ...",https://www.imot.bg/obiava-1d178513354184544-prodava-chetiristaen-apartament-grad-varna-grand-mol,https://imotstatic1.focus.bg/imot/photosimotbg/1/544/1d178513354184544_P7.jpg,,NO
апартамент,агенция,к.к. Златни пясъци,78,119990,1538.33,0875363330,"Продава 2-СТАЕН, град Варна, к.к. Златни пясъци | 78 кв.м, 5-ти ет. от 9, Въведен в експлоатация 2009 г., ОБЗАВЕДЕН! ИЗТОЧЕН! НА МИНУТИ ОТ ПЛАЖА! КАЧЕСТВЕНО СТРОИТЕЛСТВО! ВЪЗМОЖНОСТ ЗА ПАРКОМЯСТРО! Хоум Ту ...",https://www.imot.bg/obiava-1b178756835174500-prodava-dvustaen-apartament-grad-varna-k-k-zlatni-pyasatsi,https://cdn3.focus.bg/imot/photosimotbg/1/500/1b178756835174500_sZ.jpg,,NO
апартамент,агенция,Център,179,900000,5027.93,0879590093,"Продава 3-СТАЕН, град Варна, Център | 179 кв.м, Срещу Общината , 10-ти ет. от 11, Въведен в експлоатация, Имоти Премиер представя изключителен имот от най-висок клас елегантна градска резиденция, съчетава ...",https://www.imot.bg/obiava-1c178756369901583-prodava-tristaen-apartament-grad-varna-tsentar-sreshtu-obshtinata,https://cdn3.focus.bg/imot/photosimotbg/1/583/1c178756369901583_86.jpg,,NO
апартамент,агенция,м-т Евксиноград,76,147900,1946.05,0877240260,"Продава 2-СТАЕН, град Варна, м-т Евксиноград | 76 кв.м, Св.св. Константин и Елена, 1-ви ет. от 6, Въведен в експлоатация 2011 г., МОРСКА ПАНОРАМА! ЮЖНО ИЗЛОЖЕНИЕ!! НИСКА ТАКСА ПОДДРЪЖКА! Предлагаме двустаен апартамент в к.к. Св. С ...",https://www.imot.bg/obiava-1b177628803412412-prodava-dvustaen-apartament-grad-varna-m-t-evksinograd-sv-sv-konstantin-i-elena,https://imotstatic3.focus.bg/imot/photosimotbg/1/412/1b177628803412412_Cj.jpg,,NO
апартамент,агенция,Чайка,120,319990,2666.58,0898504270,"Продава 3-СТАЕН, град Варна, Чайка | 120 кв.м, 5-ти ет. от 7, Въведен в експлоатация 2025 г., ЕКСКЛУЗИВНО!!!!! САМО В ЕЛИТ ИМОТИ!!!! ТРИСТАЕН АПАРТАМЕНТ В СЪРЦЕТО НА ЕДИН ОТ НАЙ-ПРЕДПОЧИТАНИТЕ ...",https://www.imot.bg/obiava-1c178179804683112-prodava-tristaen-apartament-grad-varna-chayka,https://imotstatic2.focus.bg/imot/photosimotbg/1/112/1c178179804683112_lH.jpg,,NO
къща,агенция,м-т Пчелина,250,448800,1795.2,0879900993,"Продава КЪЩА, град Варна, м-т Пчелина | 250 кв.м, двор 500 кв.м, 0 от 2, Ще бъде въведен в експлоатация 2026 г., Панорама към града и езерото гледка, която превръща всеки ден у дома в преживяване! БИЛДИНГ БОКС ...",https://www.imot.bg/obiava-1j178755707954723-prodava-kashta-grad-varna-m-t-pchelina,https://imotstatic1.focus.bg/imot/photosimotbg/1/723/1j178755707954723_kn.jpg,,NO
апартамент,агенция,Младост,60,128990,2149.83,0887222477,"Продава 3-СТАЕН, град Варна, Младост 2 | 60 кв.м, 7-ми ет. от 9, Въведен в експлоатация 1980 - 1989 г., 128 990е🔥ТРИСТАЕН, МЛАДОСТ 2, ГР. ВАРНА. Имотът се състои от дневен, спални, кухня, килер, б ...",https://www.imot.bg/obiava-1c178645502885634-prodava-tristaen-apartament-grad-varna-mladost-2,https://imotstatic2.focus.bg/imot/photosimotbg/1/634/1c178645502885634_gO.jpg,,NO
апартамент,агенция,Възраждане,98,94990,969.29,0894458444,"Продава 3-СТАЕН, град Варна, Възраждане 1 | 98 кв.м, 4-ти ет. от 6, Ще бъде въведен в експлоатация 2026 г., Възраждане 1, тристаен апартамент в нова сграда на среден етаж, 94990евро. Референтен номер: 33997 ...",https://www.imot.bg/obiava-1c177192807000650-prodava-tristaen-apartament-grad-varna-vazrazhdane-1,https://cdn3.focus.bg/imot/photosimotbg/1/650/1c177192807000650_gK.jpg,,NO
апартамент,агенция,Виница,101,180500,1787.13,0882005858,"Продава 4-СТАЕН, град Варна, Виница | 101 кв.м, 6-ти ет. от 6, Ще бъде въведен в експлоатация 2026 г., ОТЛИЧНА ЛОКАЦИЯ, ФУНКЦИОНАЛНО РАЗПРЕДЕЛЕНИЕ, КАЧЕСТВЕНО СТРОИТЕЛСВО Предлагаме четиристаен имот ...",https://www.imot.bg/obiava-1d178490234412094-prodava-chetiristaen-apartament-grad-varna-vinitsa,https://imotstatic3.focus.bg/imot/photosimotbg/1/094/1d178490234412094_6W.jpg,,NO
апартамент,агенция,м-т Долна Трака,107,180000,1682.24,0899655555,"Продава 3-СТАЕН, град Варна, м-т Долна Трака | 107 кв.м, 1-ви ет. от 4, Въведен в експлоатация 2014 г., ЕКСКЛУЗИВНО! ЕРА Вива продава просторен тристаен апартамент с паркомясто в м-ст Траката, гр. Варна. ...",https://www.imot.bg/obiava-1c178505917576288-prodava-tristaen-apartament-grad-varna-m-t-dolna-traka,https://imotstatic3.focus.bg/imot/photosimotbg/1/288/1c178505917576288_CB.jpg,,NO
апартамент,агенция,Левски,90,166340,1848.22,0899999083,"Продава 3-СТАЕН, град Варна, Левски 1 | 90 кв.м, 6-ти ет. от 7, Ще бъде въведен в експлоатация 2026 г., ТРИСТАЕН АПАРТАМЕНТ В КВ. ЛЕВСКИ ТИХА ЛОКАЦИЯ, ПРОСТОР И КАЧЕСТВО! Property Store Магазин за Им ...",https://www.imot.bg/obiava-1c178297713361722-prodava-tristaen-apartament-grad-varna-levski-1,https://imotstatic3.focus.bg/imot/photosimotbg/1/722/1c178297713361722_ee.jpg,,NO
апартамент,агенция,Виница,132,239000,1810.61,0896380249,"Продава МНОГОСТАЕН, град Варна, Виница | 132 кв.м, 2-ри ет. от 3, Въведен в експлоатация, Империум Груп продава ЕКСКЛУЗИВНО етаж от къща в кв. Виница, разположен на среден етаж и в непосредс ...",https://www.imot.bg/obiava-1e178729155355381-prodava-mnogostaen-apartament-grad-varna-vinitsa,https://imotstatic1.focus.bg/imot/photosimotbg/1/381/1e178729155355381_oB.jpg,,NO
апартамент,агенция,Конфуто,70,239900,3427.14,0893366050,"Продава 3-СТАЕН, град Варна, Конфуто | 70 кв.м, 2-ри ет. от 6, Въведен в експлоатация 1980 - 1989 г., Реф :24021 | НАПЪЛНО ЗАВЪРШЕН АПАРТАМЕНТ С ДВЕ СПАЛНИ! БЕЗ НУЖДА ОТ РЕМОНТИ! ПЕРФЕКТЕН РАЙОН! СТ ...",https://www.imot.bg/obiava-1c176397408153344-prodava-tristaen-apartament-grad-varna-konfuto,https://imotstatic4.focus.bg/imot/photosimotbg/1/344/1c176397408153344_Bf.jpg,,NO
апартамент,агенция,Лятно кино Тракия,122,240000,1967.21,0885922999,"Продава 3-СТАЕН, град Варна, Лятно кино Тракия | 122 кв.м, Кампус 90, 3-ти ет. от 10, Въведен в експлоатация 1992 г., Файв Старс предлага просторен тухлен 4-стаен апартамент 122 кв.м чиста площ, след основен ремонт на ...",https://www.imot.bg/obiava-1c178749601232641-prodava-tristaen-apartament-grad-varna-lyatno-kino-trakiya-kampus-90,https://imotstatic4.focus.bg/imot/photosimotbg/1/641/1c178749601232641_YY.jpg,,NO
апартамент,агенция,Аспарухово,92,157900,1716.3,0883790133,"Продава 4-СТАЕН, град Варна, Аспарухово | 92 кв.м, 3-ти ет. от 4, Въведен в експлоатация 1980 - 1989 г., Прайм Глобал Груп представя изключително рядка възможност за просторен четиристаен апартамент с реал ...",https://www.imot.bg/obiava-1d178749083265509-prodava-chetiristaen-apartament-grad-varna-asparuhovo,https://imotstatic2.focus.bg/imot/photosimotbg/1/509/1d178749083265509_V5.jpg,,NO
апартамент,агенция,Възраждане,65,159490,2453.69,0897885152,"Продава 3-СТАЕН, град Варна, Възраждане 2 | 65 кв.м, 6-ти ет. от 8, Въведен в експлоатация, Предлагаме за продажба просторен тристаен апартамент, завършен до ключ и готов за нанасяне! След о ...",https://www.imot.bg/obiava-1c178237270194702-prodava-tristaen-apartament-grad-varna-vazrazhdane-2,https://imotstatic1.focus.bg/imot/photosimotbg/1/702/1c178237270194702_Q7.jpg,,NO
къща,агенция,Автогара,187,136900,732.09,0897885152,"Продава КЪЩА, град Варна, Автогара | 187 кв.м, двор 60 кв.м, Въведен в експлоатация 2005 г., ТОП ОФЕРТА! ТРИЕТАЖНА ПРЕКРАСНА КЪЩА В НЕПОСРЕДСТВЕНА БЛИЗОСТ ДО ВАРНА МОЛ! ГОТОВА ЗА НАНАСЯНЕ! ПР ...",https://www.imot.bg/obiava-1j178237353039519-prodava-kashta-grad-varna-avtogara,https://imotstatic3.focus.bg/imot/photosimotbg/1/519/1j178237353039519_IX.jpg,,NO
апартамент,агенция,Фестивален комплекс,100,269500,2695.0,0897885152,"Продава 3-СТАЕН, град Варна, Фестивален комплекс | 100 кв.м, Общината, 3-ти ет. от 6, Въведен в експлоатация, САМО ЗА КЛИЕНТИ НА БУЛИМОТ! Предлагаме за продажба просторен 4-стаен апартамент в един от най-предпо ...",https://www.imot.bg/obiava-1c177738037338590-prodava-tristaen-apartament-grad-varna-festivalen-kompleks-obshtinata,https://imotstatic3.focus.bg/imot/photosimotbg/1/590/1d177738037338590_cs.jpg,,NO
апартамент,агенция,Гръцка махала,92,240000,2608.7,0877590008,"Продава 3-СТАЕН, град Варна, Гръцка махала | 92 кв.м, 4-ти ет. от 5, Въведен в експлоатация 2008 г., 🏢 БУЛИМОТ ПРЕДЛАГА СТИЛЕН АПАРТАМЕНТ В СЪРЦЕТО НА ГР. ВАРНА, В БЛИЗОСТ ДО ФЕСТИВАЛЕН КОМПЛЕК ...",https://www.imot.bg/obiava-1c175757376610152-prodava-tristaen-apartament-grad-varna-gratska-mahala,https://imotstatic1.focus.bg/imot/photosimotbg/1/152/1c175757376610152_gI.jpg,,NO
апартамент,агенция,Фестивален комплекс,100,409000,4090.0,0897885152,"Продава 3-СТАЕН, град Варна, Фестивален комплекс | 100 кв.м, 2-ри ет. от 5, Въведен в експлоатация 2026 г., ТОП ЛОКАЦИЯ - ИДЕАЛЕН ЦЕНТЪР В БЛИЗОСТ ДО МОРСКАТА ГРАДИНА! 🏢 НОВА БУТИКОВА СГРАДА! ПРЕКРАСЕ ...",https://www.imot.bg/obiava-1c175985081724047-prodava-tristaen-apartament-grad-varna-festivalen-kompleks,https://imotstatic3.focus.bg/imot/photosimotbg/1/047/1c175985081724047_QM.jpg,,NO
апартамент,агенция,к.к. Св.Св. Константин и Елена,90,340000,3777.78,,"Продава 3-СТАЕН, град Варна, к.к. Св.Св. Константин и Елена | 90 кв.м, 5-ти ет. от 6, Въведен в експлоатация 2021 г., 🏡БУЛИМОТ ПРЕДЛАГА ЛУКСОЗЕН ТРИСТАЕН АПАРТАМЕНТ В К.К. СВ. СВ. КОНСТАНТИН И ЕЛЕНА Ж.К. А ..., тел.: 08978885152",https://www.imot.bg/obiava-1c176173779833257-prodava-tristaen-apartament-grad-varna-k-k-sv-sv-konstantin-i-elena,https://cdn3.focus.bg/imot/photosimotbg/1/257/1c176173779833257_U8.jpg,,NO
апартамент,агенция,м-т Горна Трака,69,124000,1797.1,0897885152,"Продава 2-СТАЕН, град Варна, м-т Горна Трака | 69 кв.м, Въведен в експлоатация, 🌈 Двустаен апартамент с морска панорама кв. Горна Трака Бутикова сграда (2007 г.) | Етаж 1 ...",https://www.imot.bg/obiava-1b176415006152729-prodava-dvustaen-apartament-grad-varna-m-t-gorna-traka,https://cdn3.focus.bg/imot/photosimotbg/1/729/1b176415006152729_td.jpg,,NO
апартамент,агенция,к.к. Св.Св. Константин и Елена,115,280000,2434.78,0897885152,"Продава 3-СТАЕН, град Варна, к.к. Св.Св. Константин и Елена | 115 кв.м, 3-ти ет. от 5, Газ, Въведен в експлоатация 2013 г., **БУЛ ИМОТ ПРОДАВА ЕКСКЛУЗИВНО ПРОСТОРЕН И ФУНКЦИОНАЛЕН 3-стаен апартамент в близост до к.к. Св. Св. ...",https://www.imot.bg/obiava-1c178490787066256-prodava-tristaen-apartament-grad-varna-k-k-sv-sv-konstantin-i-elena,https://imotstatic2.focus.bg/imot/photosimotbg/1/256/1c178490787066256_HC.jpg,,NO
апартамент,агенция,Владислав Варненчик,117,173000,1478.63,0882121458,"Продава МНОГОСТАЕН, град Варна, Владислав Варненчик 1 | 117 кв.м, 7-ми ет. от 7, Ще бъде въведен в експлоатация 2027 г., Представяме Ви просторен южен четиристаен апартамент в новострояща се модерна сграда с Акт 15, с впе ...",https://www.imot.bg/obiava-1e178487942332775-prodava-mnogostaen-apartament-grad-varna-vladislav-varnenchik-1,https://imotstatic2.focus.bg/imot/photosimotbg/1/775/1e178487942332775_JD.jpg,,NO
апартамент,агенция,Гранд Мол,115,360000,3130.43,0892524405,"Продава 3-СТАЕН, град Варна, Гранд Мол | 115 кв.м, 4-ти ет. от 6, Лок.отопл., Въведен в експлоатация 2006 г., Отлично обзаведен апартамент с две спални, разположен на 4-ти, непоследен етаж в жилищна сграда от 2 ...",https://www.imot.bg/obiava-1c178734557176634-prodava-tristaen-apartament-grad-varna-grand-mol,https://cdn3.focus.bg/imot/photosimotbg/1/634/1c178734557176634_NZ.jpg,,NO
апартамент,агенция,к.к. Св.Св. Константин и Елена,125,529000,4232.0,0882815078,"Продава 3-СТАЕН, град Варна, к.к. Св.Св. Константин и Елена | 125 кв.м, 1-ви ет. от 6, Въведен в експлоатация, LUXIMMO FINEST ESTATES: www.luximmo.bg Представяме просторен тристаен апартамент в новия комплекс от ...",https://www.imot.bg/obiava-1c178732448333216-prodava-tristaen-apartament-grad-varna-k-k-sv-sv-konstantin-i-elena,https://imotstatic4.focus.bg/imot/photosimotbg/1/216/1c178732448333216_Yz.jpg,,NO
апартамент,агенция,Лятно кино Тракия,63,135000,2142.86,0894625282,"Продава 2-СТАЕН, град Варна, Лятно кино Тракия | 63 кв.м, 2-ри ет. от 6, Не е въведен в експлоатация, ЕКСКЛУЗИВНО! ДВУСТАЕН ЮГОИЗТОЧЕН АПАРТАМЕНТ В НОВОСТРОЯЩА СЕ СГРАДА С АКТ 14, НА УЛ. ГАВРИЛ КРЪСТЕВИ ...",https://www.imot.bg/obiava-1b178490192751254-prodava-dvustaen-apartament-grad-varna-lyatno-kino-trakiya,https://imotstatic1.focus.bg/imot/photosimotbg/1/254/1b178490192751254_rZ.jpg,,NO
апартамент,агенция,Трошево,82,179990,2195.0,0889106881,"Продава 4-СТАЕН, град Варна, Трошево | 82 кв.м, 6-ти ет. от 8, Въведен в експлоатация 1992 г., ЕРА Лайф продава четиристаен апартамент, разположен в един от предпочитаните райони на морския град ...",https://www.imot.bg/obiava-1d178731990211961-prodava-chetiristaen-apartament-grad-varna-troshevo,https://imotstatic1.focus.bg/imot/photosimotbg/1/961/1d178731990211961_m9.jpg,,NO
апартамент,агенция,Трошево,92,198500,2157.61,0897630830,"Продава 4-СТАЕН, град Варна, Трошево | 92 кв.м, 4-ти ет. от 9, Въведен в експлоатация 1980 - 1989 г., ЕКСКЛУЗИВНО! Просторен четиристаен тухлен апартамент до Мол Варна. Компания за недвижими имоти Купи ...",https://www.imot.bg/obiava-1d178731941355997-prodava-chetiristaen-apartament-grad-varna-troshevo,https://imotstatic2.focus.bg/imot/photosimotbg/1/997/1d178731941355997_ri.jpg,,NO
апартамент,агенция,Възраждане,61,97200,1593.44,0879590800,"Продава 2-СТАЕН, град Варна, Възраждане 1 | 61 кв.м, 2-ри ет. от 8, Ще бъде въведен в експлоатация 2027 г., НОВО СТРОИТЕЛСТВО | ВЪЗРАЖДАНЕ 1 | РАЗСРОЧЕНО ПЛАЩАНЕ - Любен Любенов Предлагаме двус ...",https://www.imot.bg/obiava-1b178731647435693-prodava-dvustaen-apartament-grad-varna-vazrazhdane-1,https://imotstatic3.focus.bg/imot/photosimotbg/1/693/1b178731647435693_8q.jpg,,NO
апартамент,агенция,Цветен квартал,86,129900,1510.47,,"Продава 2-СТАЕН, град Варна, Цветен квартал | 86 кв.м, Изгрев, 2-ри ет. от 6, Ще бъде въведен в експлоатация 2027 г., ✨ Твоят нов дом те очаква в кв. Изгрев, Варна! ✨ 🙀 ЕКСКЛУЗИВНО двустаен апар ..., тел.: 0887/222-477",https://www.imot.bg/obiava-1b174549857361959-prodava-dvustaen-apartament-grad-varna-tsveten-kvartal-izgrev,https://imotstatic1.focus.bg/imot/photosimotbg/1/959/1b174549857361959_iD.jpg,,NO
апартамент,агенция,Младост,90,232000,2577.78,0887878833,"Продава 3-СТАЕН, град Варна, Младост 1 | 90 кв.м, ИЗЦЯЛО ЮЖЕН, 5-ти ет. от 8, Въведен в експлоатация 2026 г., БУЛ ИМОТ предлага тристаен тухлен апартамент в нова модерна сграда с Акт 16 Предлагаме за продажба ...",https://www.imot.bg/obiava-1c178731319532836-prodava-tristaen-apartament-grad-varna-mladost-1-iztsyalo-yuzhen,https://imotstatic3.focus.bg/imot/photosimotbg/1/836/1c178731319532836_j.jpg,,NO
къща,агенция,м-т Горна Трака,220,400000,1818.18,0897630830,"Продава КЪЩА, град Варна, м-т Горна Трака | 220 кв.м, двор 500 кв.м, 2 ет. от 2, Ще бъде въведен в експлоатация 2026 г., Компания за недвижими имоти Купи в България предлага на вниманието Ви уникален комплекс от 4 самосто ...",https://www.imot.bg/obiava-1j178731233285494-prodava-kashta-grad-varna-m-t-gorna-traka,https://cdn3.focus.bg/imot/photosimotbg/1/494/1j178731233285494_tz.jpg,,NO
апартамент,агенция,Младост,90,225000,2500.0,0887878833,"Продава 3-СТАЕН, град Варна, Младост 1 | 90 кв.м, 4-ти ет. от 8, Въведен в експлоатация 2026 г., БУЛ ИМОТ предлага тристаен тухлен апартамент в нова модерна сграда с Акт 16 Предлагаме за продажба ...",https://www.imot.bg/obiava-1c178731185966304-prodava-tristaen-apartament-grad-varna-mladost-1,https://imotstatic1.focus.bg/imot/photosimotbg/1/304/1c178731185966304_wU.jpg,,NO
апартамент,агенция,Младост,65,165000,2538.46,0887878833,"Продава 2-СТАЕН, град Варна, Младост 1 | 65 кв.м, ИЗЦЯЛО ЮЖЕН, 4-ти ет. от 8, Въведен в експлоатация 2026 г., БУЛ ИМОТ предлага двустаен тухлен апартамент в нова модерна сграда с Акт 16 Предлагаме за продажба ...",https://www.imot.bg/obiava-1b178731108336037-prodava-dvustaen-apartament-grad-varna-mladost-1-iztsyalo-yuzhen,https://imotstatic2.focus.bg/imot/photosimotbg/1/037/1b178731108336037_YZ.jpg,,NO
къща,агенция,м-т Прибой,100,260000,2600.0,0897630830,"Продава КЪЩА, град Варна, м-т Прибой | 100 кв.м, двор 600 кв.м, 2 ет. от 2, Въведен в експлоатация 1993 г., Компания за недвижими имоти с над 20 години опит на пазара ви прелага уютна двуетажна вила в м-т При ...",https://www.imot.bg/obiava-1j178730727847472-prodava-kashta-grad-varna-m-t-priboy,https://imotstatic4.focus.bg/imot/photosimotbg/1/472/1j178730727847472_gr.jpg,,NO
апартамент,агенция,Колхозен пазар,55,124000,2254.55,0894555640,"Продава 2-СТАЕН, град Варна, Колхозен пазар | 55 кв.м, 5-ти ет. от 5, Въведен в експлоатация 2021 г., Акт 16 | Асансьор | Ново строителство | Завършен до ключ | Изток запад | Две тераси | Отлична локаци ...",https://www.imot.bg/obiava-1b178730099246890-prodava-dvustaen-apartament-grad-varna-kolhozen-pazar,https://imotstatic3.focus.bg/imot/photosimotbg/1/890/1b178730099246890_IC.jpg,,NO
къща,агенция,м-т Манастирски рид,60,116000,1933.33,0883555604,"Продава КЪЩА, град Варна, м-т Манастирски рид | 60 кв.м, двор 706 кв.м, 1 ет., Въведен в експлоатация 1995 г., Реф :16895 | ТИШИНА И СПОКОЙСТВИЕ! АСФАЛТОВ ПЪТ! БЛИЗО ДО МОРЕ! ТОК И ВОДА В ПАРЦЕЛА! Компас Недвиж ...",https://www.imot.bg/obiava-1j172283565425013-prodava-kashta-grad-varna-m-t-manastirski-rid,https://cdn3.focus.bg/imot/photosimotbg/1/013/1j172283565425013_4i.jpg,,NO
къща,агенция,м-т Боровец - юг,236,395000,1673.73,0885885272,"Продава КЪЩА, град Варна, м-т Боровец - юг | 236 кв.м, двор 570 кв.м, 0 от 2, Въведен в експлоатация 2015 г., ЕКСКЛУЗИВНО! Агенция Живена продава НАПЪЛНО ОБЗАВЕДЕНА И ГОТОВА ЗА НАНАСЯНЕ модерна, енергоефективна ...",https://www.imot.bg/obiava-1j178221122845449-prodava-kashta-grad-varna-m-t-borovets-yug,https://imotstatic1.focus.bg/imot/photosimotbg/1/449/1j178221122845449_g2.jpg,,NO
апартамент,агенция,Чаталджа,66,171000,2590.91,0875363330,"Продава 3-СТАЕН, град Варна, Чаталджа | 66 кв.м, 4-ти ет. от 7, Въведен в експлоатация 2005 г., ЧАТАЛДЖА!3-СТАЕН!СРЕДЕН ЕТАЖ!ОБЗАВЕДЕН!ТУХЛА! Предлагаме 3-стаен апартамент с чиста площ от 66 кв.м, ...",https://www.imot.bg/obiava-1c178661017299491-prodava-tristaen-apartament-grad-varna-chataldzha,https://imotstatic3.focus.bg/imot/photosimotbg/1/491/1c178661017299491_l4.jpg,,NO
апартамент,агенция,Чаталджа,119,360000,3025.21,0883790123,"Продава МНОГОСТАЕН, град Варна, Чаталджа | 119 кв.м, 4-ти ет. от 4, Въведен в експлоатация 2004 г., 🏡 ПРАЙМ ГЛОБАЛ ГРУП представя на вашето внимание, многостаен мезонет за продажба в района на ...",https://www.imot.bg/obiava-1e177996267845026-prodava-mnogostaen-apartament-grad-varna-chataldzha,https://imotstatic2.focus.bg/imot/photosimotbg/1/026/1e177996267845026_ux.jpg,,NO
апартамент,агенция,Бриз,85,166900,1963.53,0884608008,"Продава 3-СТАЕН, град Варна, Бриз | 85 кв.м, Кауфланд, 3-ти ет. от 5, Ще бъде въведен в експлоатация 2027 г., ЕЛИТНА, НОВОСТРОЯЩА СЕ СГРАДА С АКТ 14!БРИЗ ДНЕВНА, ДВЕ СПАЛНИ! ОСИГУРЕН БАНКОВ КРЕДИТ! Предлагаме ...",https://www.imot.bg/obiava-1c178724836525815-prodava-tristaen-apartament-grad-varna-briz-kaufland,https://imotstatic4.focus.bg/imot/photosimotbg/1/815/1c178724836525815_65.jpg,,NO
къща,агенция,Виница,448,540000,1205.36,0879900993,"Продава КЪЩА, град Варна, Виница | 448 кв.м, двор 285 кв.м, 0 от 3, Газ, Лок.отопл., Въведен в експлоатация 2022 г., БИЛДИНГ БОКС предлага за продажба многофамилна къща с морска панорама в кв. Виница , гр. Варна. Асф ...",https://www.imot.bg/obiava-1j178724192875639-prodava-kashta-grad-varna-vinitsa,https://imotstatic2.focus.bg/imot/photosimotbg/1/639/1j178724192875639_1U.jpg,,NO
къща,агенция,м-т Манастирски рид,600,590900,984.83,0897363957,"Продава КЪЩА, град Варна, м-т Манастирски рид | 600 кв.м, двор 1400 кв.м, Въведен в експлоатация 2008 г., АНИ-БО Недвижими имоти ви предлага ЕКСКЛУЗИВЕН имот за живеене или бизнес инвестиция - ИМОТЪТ Е СЪС ...",https://www.imot.bg/obiava-1j177192879352922-prodava-kashta-grad-varna-m-t-manastirski-rid,https://imotstatic2.focus.bg/imot/photosimotbg/1/922/1j177192879352922_t.jpg,,NO
апартамент,агенция,Възраждане,50,84990,1699.8,0887222477,"Продава 2-СТАЕН, град Варна, Възраждане 3 | 50 кв.м, 7-ми ет. от 7, Въведен в експлоатация, #2 СТАИ! #20/12 - ДНЕВНА/КУХНЯ! #100% ГОДЕН ЗА КРЕДИТИРАНЕ! #СГРАДА С АКТ16! #ЮГ/ИЗТОК! #ХУБАВАТА ЧА ...",https://www.imot.bg/obiava-1b178395046586790-prodava-dvustaen-apartament-grad-varna-vazrazhdane-3,https://imotstatic1.focus.bg/imot/photosimotbg/1/790/1b178395046586790_qU.jpg,,NO
парцел,агенция,м-т Горна Трака,568,117700,207.22,0883790111,"Продава ПАРЦЕЛ, град Варна, м-т Горна Трака | 568 кв.м, Регулация, ‼️ ЪГЛОВ ПАРЦЕЛ В М-Т ТРАКАТА ОТЛИЧЕН ИЗБОР ЗА ВАШИЯ НОВ ДОМ! ‼️ Прайм ...",https://www.imot.bg/obiava-1r178474444923346-prodava-partsel-grad-varna-m-t-gorna-traka,https://imotstatic4.focus.bg/imot/photosimotbg/1/346/1r178474444923346_eB.jpg,,NO
апартамент,агенция,Младост,47,116950,2488.3,0877300367,"Продава 2-СТАЕН, град Варна, Младост 2 | 47 кв.м, 1-ви ет. от 5, Въведен в експлоатация 1980 - 1989 г., НАПЪЛНО ОБЗАВЕДЕН ДВУСТАЕН АПАРТАМЕНТ В МЛАДОСТ - ГОТОВ НА НАНАСЯНЕ РАЛИЦА ВЕЛИКОВА - ...",https://www.imot.bg/obiava-1b177701671808823-prodava-dvustaen-apartament-grad-varna-mladost-2,https://imotstatic4.focus.bg/imot/photosimotbg/1/823/1b177701671808823_ns.jpg,,NO
апартамент,агенция,Виница,105,155900,1484.76,0879590263,"Продава 3-СТАЕН, град Варна, Виница | 105 кв.м, 2-ри ет. от 6, Ще бъде въведен в експлоатация 2026 г., СТРАХОТЕН ЮЖЕН ТРИСТАЕН АПАРТАМЕНТ! Имоти Премиер има удоволствието да Ви представи ЕКСКЛУЗИВНА офе ...",https://www.imot.bg/obiava-1c178722096234259-prodava-tristaen-apartament-grad-varna-vinitsa,https://imotstatic4.focus.bg/imot/photosimotbg/1/259/1c178722096234259_pL.jpg,,NO
апартамент,агенция,Възраждане,60,109500,1825.0,0887878833,"Продава 2-СТАЕН, град Варна, Възраждане 1 | 60 кв.м, 7-ми ет. от 8, Въведен в експлоатация, САМО ЗА КЛИЕНТИ НА БУЛИМОТ - Просторен двустаен апартамент във Възраждане 1 - 60 кв.м. Жилището се ...",https://www.imot.bg/obiava-1b178721800015406-prodava-dvustaen-apartament-grad-varna-vazrazhdane-1,https://imotstatic1.focus.bg/imot/photosimotbg/1/406/1b178721800015406_JH.jpg,,NO
апартамент,агенция,Виница,156,233000,1493.59,0894650165,"Продава 3-СТАЕН, град Варна, Виница | 156 кв.м, 2-ри ет. от 3, Въведен в експлоатация 2009 г., Michel Home Real Estates има удоволствието да предложи ЕКСКЛУЗИВНО за продажба просторен тристаен ап ...",https://www.imot.bg/obiava-1c178231559520449-prodava-tristaen-apartament-grad-varna-vinitsa,https://imotstatic2.focus.bg/imot/photosimotbg/1/449/1c178231559520449_lG.jpg,,NO
апартамент,агенция,м-т Пчелина,74,152000,2054.05,0882853331,"Продава 3-СТАЕН, град Варна, м-т Пчелина | 74 кв.м, Партер от 5, Въведен в експлоатация 2012 г., НОВ ВЕК Недвижими имоти предлага за продажба обзаведен тристаен апартамент, разположен в м-т Пчелина ...",https://www.imot.bg/obiava-1c178721380513379-prodava-tristaen-apartament-grad-varna-m-t-pchelina,https://cdn3.focus.bg/imot/photosimotbg/1/379/1c178721380513379_c9.jpg,,NO
къща,агенция,м-т Манастирски рид,120,230000,1916.67,0883790107,"Продава КЪЩА, град Варна, м-т Манастирски рид | 120 кв.м, двор 506 кв.м, 2 ет., Въведен в експлоатация 2021 г., Прайм Глобал Груп Ви представя: Две къщи в общ парцел в м-т Манастирски Рид Уникална възможност за п ...",https://www.imot.bg/obiava-1j177695533245501-prodava-kashta-grad-varna-m-t-manastirski-rid,https://imotstatic4.focus.bg/imot/photosimotbg/1/501/1j177695533245501_BN.jpg,,NO
къща,агенция,Свети Никола,265,496500,1873.58,0899913485,"Продава КЪЩА, град Варна, Свети Никола | 265 кв.м, двор 858 кв.м, Въведен в експлоатация 2010 г., Предлага се просторна обзаведена къща, разположена в предпочитаната местност Св. Никола, Варна. Имот ...",https://www.imot.bg/obiava-1j178714783888765-prodava-kashta-grad-varna-sveti-nikola,https://imotstatic2.focus.bg/imot/photosimotbg/1/765/1j178714783888765_k9.jpg,,NO
апартамент,агенция,Левски,90,239000,2655.56,0889306894,"Продава 3-СТАЕН, град Варна, Левски 1 | 90 кв.м, 2-ри ет. от 6, Въведен в експлоатация 2010 г., Агенция ЖИВЕНА Ви предлага ЕКСКЛУЗИВНО за продажба напълно обзаведен и оборудван тристаен апартамент ...",https://www.imot.bg/obiava-1c178714355757436-prodava-tristaen-apartament-grad-varna-levski-1,https://imotstatic4.focus.bg/imot/photosimotbg/1/436/1c178714355757436_9s.jpg,,NO
къща,агенция,м-т Прибой,172,288000,1674.42,0897294988,"Продава КЪЩА, град Варна, м-т Прибой | 172 кв.м, двор 300 кв.м, Ще бъде въведен в експлоатация 2029 г., Агенция Нов Век ексклузивно представя SHIVANA лимитирана колекция от модерни вилни сгради, раз ...",https://www.imot.bg/obiava-1j178714077007700-prodava-kashta-grad-varna-m-t-priboy,https://imotstatic1.focus.bg/imot/photosimotbg/1/700/1j178714077007700_p2.jpg,,NO
апартамент,агенция,Окръжна болница-Генерали,195,410000,2102.56,0882121458,"Продава МНОГОСТАЕН, град Варна, Окръжна болница-Генерали | 195 кв.м, 5-ти ет. от 5, Въведен в експлоатация 2005 г., Просторен пентхаус,самостоятелен на целия пети етаж.Състои се от дневна над 50м2,кухня, 3 спални,2 б ...",https://www.imot.bg/obiava-1e178713549758395-prodava-mnogostaen-apartament-grad-varna-okrazhna-bolnitsa-generali,https://imotstatic3.focus.bg/imot/photosimotbg/1/395/1e178713549758395_nk.jpg,,NO
апартамент,агенция,м-т Ален мак,109,300000,2752.29,0879590073,"Продава 3-СТАЕН, град Варна, м-т Ален мак | 109 кв.м, 3-ти ет. от 6, Въведен в експлоатация 2019 г., НЕСКРИВАЕМА МОРСКА ПАНОРАМА! ЮГОИЗТОЧНО ИЗЛОЖЕНИЕ! ПАРКОМЯСТО! БАСЕЙН И БАРБЕКЮ ЗОНА! НИСКА ТАКСА ПО ...",https://www.imot.bg/obiava-1c178713385229971-prodava-tristaen-apartament-grad-varna-m-t-alen-mak,https://imotstatic1.focus.bg/imot/photosimotbg/1/971/1c178713385229971_OD.jpg,,NO
апартамент,агенция,Цветен квартал,82,154000,1878.05,0897885152,"Продава 3-СТАЕН, град Варна, Цветен квартал | 82 кв.м, 3-ти ет. от 6, Ще бъде въведен в експлоатация 2028 г., САМО ЗА КЛИЕНТИ НА БУЛИМОТ!!! Предлагаме за продажба тристаен апартамент в новострояща се модерна жи ...",https://www.imot.bg/obiava-1c178470964775352-prodava-tristaen-apartament-grad-varna-tsveten-kvartal,https://imotstatic2.focus.bg/imot/photosimotbg/1/352/1c178470964775352_KI.jpg,,NO
апартамент,агенция,ХЕИ,69,131000,1898.55,0897885152,"Продава 2-СТАЕН, град Варна, ХЕИ | 69 кв.м, 5-ти ет. от 6, Ще бъде въведен в експлоатация 2028 г., САМО ЗА КЛИЕНТИ НА БУЛИМОТ!!! Предлагаме за продажба двустаен апартамент в новострояща се модерна жи ...",https://www.imot.bg/obiava-1b178471074524954-prodava-dvustaen-apartament-grad-varna-hei,https://imotstatic1.focus.bg/imot/photosimotbg/1/954/1b178471074524954_Dk.jpg,,NO
апартамент,агенция,м-т Долна Трака,95,169990,1789.37,0879590073,"Продава 3-СТАЕН, град Варна, м-т Долна Трака | 95 кв.м, 2-ри ет. от 4, Ще бъде въведен в експлоатация 2026 г., ✨ ПРЕД АКТ 15! ✨ МАЛКА БУТИКОВА СГРАДА! ✨ ОТЛИЧНА ЛОКАЦИЯ ДО КУБЧЕТО! Ϫ ...",https://www.imot.bg/obiava-1c178212563875872-prodava-tristaen-apartament-grad-varna-m-t-dolna-traka,https://imotstatic2.focus.bg/imot/photosimotbg/1/872/1c178212563875872_f4.jpg,,NO
апартамент,агенция,Трошево,77,209900,2725.97,0894625282,"Продава 2-СТАЕН, град Варна, Трошево | 77 кв.м, 2-ри ет. от 12, Въведен в експлоатация 2025 г., ЕКСКЛУЗИВНО! СТИЛНО ОБЗАВЕДЕН АПАРТАМЕНТ С ГОЛЯМА ДНЕВНА, ВАРНА СИТИ ПАРК ЮГ. ЕРА Варна Тренд предла ...",https://www.imot.bg/obiava-1b178228563266170-prodava-dvustaen-apartament-grad-varna-troshevo,https://imotstatic1.focus.bg/imot/photosimotbg/1/170/1b178228563266170_DW.jpg,,NO
апартамент,агенция,м-т Зеленика,301,520000,1727.57,0896890090,"Продава 4-СТАЕН, град Варна, м-т Зеленика | 301 кв.м, АКТ 16 Панорамна площадка, 5-ти ет. от 6, Въведен в експлоатация 2026 г., БЕЗ КОМИСИОН! Директно от Инвеститор! Сертификат за енергийна ефективност КЛАС'А'! Три спални! Имо ...",https://www.imot.bg/obiava-1d171569281277052-prodava-chetiristaen-apartament-grad-varna-m-t-zelenika-akt-16-panoramna-ploshtadka,https://imotstatic1.focus.bg/imot/photosimotbg/1/052/1e171569281277052_nM.jpg,,NO
апартамент,агенция,м-т Ален мак,135,270000,2000.0,0897885152,"Продава 3-СТАЕН, град Варна, м-т Ален мак | 135 кв.м, 4-ти ет. от 6, Въведен в експлоатация 2025 г., 🏡 **Продава се стилен 3-стаен апартамент в м-т Кабакум, гр. Варна** 🌊 МОРСКА ПАНОРАМ ...",https://www.imot.bg/obiava-1c177693804596611-prodava-tristaen-apartament-grad-varna-m-t-alen-mak,https://imotstatic1.focus.bg/imot/photosimotbg/1/611/1c177693804596611_45.jpg,,NO
апартамент,агенция,ХЕИ,59,111000,1881.36,0897885152,"Продава 2-СТАЕН, град Варна, ХЕИ | 59 кв.м, 6-ти ет. от 6, Ще бъде въведен в експлоатация 2028 г., САМО ЗА КЛИЕНТИ НА БУЛИМОТ!!! Предлагаме за продажба двустаен апартамент в новострояща се модерна жи ...",https://www.imot.bg/obiava-1b178470836397115-prodava-dvustaen-apartament-grad-varna-hei,https://cdn3.focus.bg/imot/photosimotbg/1/115/1b178470836397115_ah.jpg,,NO
апартамент,агенция,Победа,65,123400,1898.46,0897885152,"Продава 3-СТАЕН, град Варна, Победа | 65 кв.м, 5-ти ет. от 5, Въведен в експлоатация 1970 - 1979 г., Бул имот продава ексклузивно светъл апартамент с функционално разпределение в квартал Победа, Варна. ...",https://www.imot.bg/obiava-1c178712549458873-prodava-tristaen-apartament-grad-varna-pobeda,https://imotstatic4.focus.bg/imot/photosimotbg/1/873/1c178712549458873_rF.jpg,,NO
къща,агенция,м-т Долна Трака,278,550000,1978.42,0882121458,"Продава КЪЩА, град Варна, м-т Долна Трака | 278 кв.м, Въведен в експлоатация 2026 г., Представяме ви модерна и изключително качествено изпълнена къща в един от най-предпочитаните райони ...",https://www.imot.bg/obiava-1j178210921549533-prodava-kashta-grad-varna-m-t-dolna-traka,https://cdn3.focus.bg/imot/photosimotbg/1/533/1j178210921549533_kz.jpg,,NO
апартамент,агенция,Виница,77,146800,1906.49,0894625282,"Продава 3-СТАЕН, град Варна, Виница | 77 кв.м, 2-ри ет. от 3, Не е въведен в експлоатация, ЕКСКЛУЗИВНО! ПРЕД АКТ 14! ЕРА Варна Тренд предлага за продажба тристаен югозападен апартамент, в мал ...",https://www.imot.bg/obiava-1c178464069303018-prodava-tristaen-apartament-grad-varna-vinitsa,https://imotstatic3.focus.bg/imot/photosimotbg/1/018/1c178464069303018_5C.jpg,,NO
апартамент,агенция,Виница,53,109900,2073.58,0894625282,"Продава 2-СТАЕН, град Варна, Виница | 53 кв.м, 3-ти ет. от 3, Не е въведен в експлоатация, ЕКСКЛУЗИВНО! ПРЕД АКТ 14! ЕРА Варна Тренд предлага за продажба двустаен апартамент, в малка новостро ...",https://www.imot.bg/obiava-1b178464093239794-prodava-dvustaen-apartament-grad-varna-vinitsa,https://cdn3.focus.bg/imot/photosimotbg/1/794/1b178464093239794_iP.jpg,,NO
апартамент,агенция,Спортна зала,128,379900,2967.97,0894625282,"Продава 3-СТАЕН, град Варна, Спортна зала | 128 кв.м, 3-ти ет. от 6, Въведен в експлоатация 2017 г., ЕКСКЛУЗИВНО! ТРИСТАЕН ОБЗАВЕДЕН АПАРТАМЕНТ С ВЪЗМОЖНОСТ ЗА ПОКУПКА НА ГАРАЖ, НА СРЕДЕН ЕТАЖ, ТУХЛЕНА ...",https://www.imot.bg/obiava-1c177978371166013-prodava-tristaen-apartament-grad-varna-sportna-zala,https://cdn3.focus.bg/imot/photosimotbg/1/013/1c177978371166013_7X.jpg,,NO
апартамент,агенция,Бриз,120,299000,2491.67,0879234888,"Продава 4-СТАЕН, град Варна, Бриз | 120 кв.м, Капитолиум, 6-ти ет. от 10, Въведен в експлоатация 2026 г., International Real Estates (IRE) представя : Четиристаен апартамент в престижна бутикова сграда, р ...",https://www.imot.bg/obiava-1d178472495133648-prodava-chetiristaen-apartament-grad-varna-briz-kapitolium,https://imotstatic2.focus.bg/imot/photosimotbg/1/648/1d178472495133648_pS.jpg,,NO
апартамент,агенция,к.к. Св.Св. Константин и Елена,90,250000,2777.78,0887878833,"Продава 3-СТАЕН, град Варна, к.к. Св.Св. Константин и Елена | 90 кв.м, 2-ри ет. от 4, Въведен в експлоатация 2025 г., Само за клиенти на БУЛ ИМОТ - Тристаен обзаведен апартамент в комплекс Бела Вита Предлагаме за пр ...",https://www.imot.bg/obiava-1c178705775888330-prodava-tristaen-apartament-grad-varna-k-k-sv-sv-konstantin-i-elena,https://cdn3.focus.bg/imot/photosimotbg/1/330/1c178705775888330_jf.jpg,,NO
апартамент,агенция,ВИНС-Червен площад,50,,,0897885152,"Продава 2-СТАЕН, град Варна, ВИНС-Червен площад | 50 кв.м, Въведен в експлоатация 1970 - 1979 г., СКЪПИ КЛИЕНТИ НА БУЛИМОТ 🎉! ПРЕДСТАВЯМЕ ВИ ЕДНО ЧАРОВНО БИЖУ В СЪРЦЕТО НА ВАРНА 🏢! П ...",https://www.imot.bg/obiava-1b178211949288218-prodava-dvustaen-apartament-grad-varna-vins-cherven-ploshtad,https://imotstatic1.focus.bg/imot/photosimotbg/1/218/1b178211949288218_IA.jpg,,NO
апартамент,агенция,Левски,70,149900,2141.43,0897885152,"Продава 2-СТАЕН, град Варна, Левски 1 | 70 кв.м, 3-ти ет. от 6, Въведен в експлоатация 2026 г., САМО ЗА КЛИЕНТИ БУЛ ИМОТ!!! Предлагаме за продажба двустаен апартамент в нова модерна жилищна сград ...",https://www.imot.bg/obiava-1b178211888454809-prodava-dvustaen-apartament-grad-varna-levski-1,https://imotstatic3.focus.bg/imot/photosimotbg/1/809/1b178211888454809_J0.jpg,,NO
апартамент,агенция,Левски,60,153000,2550.0,0897885152,"Продава 2-СТАЕН, град Варна, Левски 1 | 60 кв.м, 3-ти ет. от 6, Въведен в експлоатация 2026 г., САМО ЗА КЛИЕНТИ БУЛ ИМОТ!!! Предлагаме за продажба двустаен апартамент в нова модерна жилищна сград ...",https://www.imot.bg/obiava-1b178211837323676-prodava-dvustaen-apartament-grad-varna-levski-1,https://imotstatic1.focus.bg/imot/photosimotbg/1/676/1b178211837323676_Ga.jpg,,NO
апартамент,агенция,к.к. Св.Св. Константин и Елена,64,220000,3437.5,0882367736,"Продава 2-СТАЕН, град Варна, к.к. Св.Св. Константин и Елена | 64 кв.м, 3-ти ет. от 6, Въведен в експлоатация 2024 г., код 21707 Предлагаме за продажба напълно обзаведен и оборудван двустаен апартамент в нов жилищен ко ...",https://www.imot.bg/obiava-1b177702122368377-prodava-dvustaen-apartament-grad-varna-k-k-sv-sv-konstantin-i-elena,https://imotstatic3.focus.bg/imot/photosimotbg/1/377/1b177702122368377_Q1.jpg,,NO
апартамент,агенция,Гръцка махала,302,940000,3112.58,0886366606,"Продава МЕЗОНЕТ, град Варна, Гръцка махала | 302 кв.м, 5-ти ет. от 5, Въведен в експлоатация, Код на обявата: 21656 Акцент Инвест предлага на Вашето внимание обзаведен мезонет с отлична локация ...",https://www.imot.bg/obiava-1f177184429140870-prodava-mezonet-grad-varna-gratska-mahala,https://imotstatic1.focus.bg/imot/photosimotbg/1/870/1f177184429140870_Cr.jpg,,NO
апартамент,агенция,Спортна зала,110,315000,2863.64,0879900993,"Продава 4-СТАЕН, град Варна, Спортна зала | 110 кв.м, 2-ри ет. от 5, Въведен в експлоатация 1998 г., БИЛДИНГ БОКС представя изключителен многостаен апартамент в една от най-престижните и предпочитани л ...",https://www.imot.bg/obiava-1d178704971387420-prodava-chetiristaen-apartament-grad-varna-sportna-zala,https://imotstatic3.focus.bg/imot/photosimotbg/1/420/1d178704971387420_JP.jpg,,NO
апартамент,агенция,м-т Ален мак,101,129900,1286.14,0898508787,"Продава 3-СТАЕН, град Варна, м-т Ален мак | 101 кв.м, 4-ти ет. от 5, Въведен в експлоатация 2006 г., Нова Хоум Ви предгага тристаен апартамент в местност Ален мак, в близост до плажа и ВСУ. Жилището с ...",https://www.imot.bg/obiava-1c176959610951986-prodava-tristaen-apartament-grad-varna-m-t-alen-mak,https://imotstatic4.focus.bg/imot/photosimotbg/1/986/1c176959610951986_ah.jpg,,NO
апартамент,агенция,Център,95,219900,2314.74,0877590015,"Продава 3-СТАЕН, град Варна, Център | 95 кв.м, площад Лаврентий, 2-ри ет. от 3, Въведен в експлоатация 2003 г., ТОП ЛОКАЦИЯ - ПЛОЩАД ЛАВРЕНТИЙ ГОЛЯМА КВАДРАТУРА - СУПЕР РАЗПРЕДЕЛЕНИЕ СРЕДЕН ЕТАЖ - ТОПЛО ИЗЛОЖЕНИЕ ...",https://www.imot.bg/obiava-1c178704608188199-prodava-tristaen-apartament-grad-varna-tsentar-ploshtad-lavrentiy,https://cdn3.focus.bg/imot/photosimotbg/1/199/1c178704608188199_GD.jpg,,NO
апартамент,агенция,к.к. Чайка,109,299900,2751.38,0879590028,"Продава 3-СТАЕН, град Варна, к.к. Чайка | 109 кв.м, 3-ти ет. от 6, Въведен в експлоатация 2019 г., 👉 НЕСКРИВАЕМА МОРСКА ПАНОРАМА! 👉 ЮГОИЗТОЧНО ИЗЛОЖЕНИЕ! 👉 ПАРКОМЯСТО! ...",https://www.imot.bg/obiava-1c178704589641893-prodava-tristaen-apartament-grad-varna-k-k-chayka,https://imotstatic3.focus.bg/imot/photosimotbg/1/893/1c178704589641893_kZ.jpg,,NO
търговски,агенция,Конфуто,151,369000,2443.71,0898508787,"Продава МАГАЗИН, град Варна, Конфуто | 151 кв.м, ул. Топола 26, Партер от 6, Въведен в експлоатация 2015 г., Търговско помещение с голямо лице към улица 131,40 кв.м Нова Хоум има удоволствието да Ви предста ...",https://www.imot.bg/obiava-1l175992129607251-prodava-magazin-grad-varna-konfuto-ul-topola-26,https://cdn3.focus.bg/imot/photosimotbg/1/251/1l175992129607251_b4.jpg,,NO
апартамент,агенция,Левски,85,165000,1941.18,0878210021,"Продава 3-СТАЕН, град Варна, Левски 1 | 85 кв.м, 2-ри ет. от 11, Ще бъде въведен в експлоатация 2026 г., Сграда пред А15! Южен! Най- актуалните Имоти са samhome.bg Реф. Номер: 31650 Отлична локация в непос ...",https://www.imot.bg/obiava-1c174049450798533-prodava-tristaen-apartament-grad-varna-levski-1,https://imotstatic2.focus.bg/imot/photosimotbg/1/533/1c174049450798533_fZ.jpg,,NO
апартамент,агенция,Център,129,339900,2634.88,0882815081,"Продава 3-СТАЕН, град Варна, Център | 129 кв.м, 1-ви ет. от 6, Въведен в експлоатация, LUXIMMO FINEST ESTATES: www.luximmo.bg Представяме за продажба просторен и напълно обзаведен тристае ...",https://www.imot.bg/obiava-1c178420292878481-prodava-tristaen-apartament-grad-varna-tsentar,https://imotstatic1.focus.bg/imot/photosimotbg/1/481/1c178420292878481_Mq.jpg,,NO
апартамент,агенция,Възраждане,96,116000,1208.33,0878699700,"Продава 3-СТАЕН, град Варна, Възраждане 3 | 96 кв.м, 2-ри ет. от 5, Ще бъде въведен в експлоатация 2027 г., ТРИСТАЕН АПАРТАМЕНТ В НОВО СТРОИТЕЛСТВО | АКТ 14 | ЦЕНА ПОД ПАЗАРНИТЕ НИВА ЗА РАЙОНА | БУЛ. ТРЕТИ М ...",https://www.imot.bg/obiava-1c178703764133494-prodava-tristaen-apartament-grad-varna-vazrazhdane-3,https://imotstatic3.focus.bg/imot/photosimotbg/1/494/1c178703764133494_dw.jpg,,NO
апартамент,агенция,Гръцка махала,90,299000,3322.22,0884373727,"Продава 3-СТАЕН, град Варна, Гръцка махала | 90 кв.м, ул. Цар Калоян, 2-ри ет. от 4, Въведен в експлоатация 1998 г., 🆕ЕКСКЛУЗИВНО!🔹РИМСКИ ТЕРМИ! 🔹ПРЕСТИЖНА ЛОКАЦИЯ-БЛИЗО ДО ХОТЕЛ ЧЕРНО МОРЕ! &# ...",https://www.imot.bg/obiava-1c178152369854361-prodava-tristaen-apartament-grad-varna-gratska-mahala-ul-tsar-kaloyan,https://cdn3.focus.bg/imot/photosimotbg/1/361/1c178152369854361_JU.jpg,,NO
апартамент,агенция,Гранд Мол,42,119900,2854.76,0897885152,"Продава 2-СТАЕН, град Варна, Гранд Мол | 42 кв.м, 8-ми ет. от 8, Въведен в експлоатация, ДВУСТАЕН АПАРТАМЕНТ СЛЕД ОСНОВЕН РЕМОНТ, С ОБЗАВЕДЕНА СПАЛНЯ И КУХНЯ! САНИРАН! РЕАЛНИ ПЛОЩИ! ИЗЦ ...",https://www.imot.bg/obiava-1b177728434280148-prodava-dvustaen-apartament-grad-varna-grand-mol,https://cdn3.focus.bg/imot/photosimotbg/1/148/1b177728434280148_MT.jpg,,NO
апартамент,агенция,Гръцка махала,207,620000,2995.17,0897885152,"Продава 4-СТАЕН, град Варна, Гръцка махала | 207 кв.м, РИМСКИ ТЕРМИ, 4-ти ет. от 6, Въведен в експлоатация 1999 г., Булимот продава многостаен имот в сърцето на Гръцката махала! Имотът е със статут апартамент и има ...",https://www.imot.bg/obiava-1d178454084499683-prodava-chetiristaen-apartament-grad-varna-gratska-mahala-rimski-termi,https://imotstatic2.focus.bg/imot/photosimotbg/1/683/1d178454084499683_nU.jpg,,NO
апартамент,агенция,Чайка,110,,,0897885152,"Продава 3-СТАЕН, град Варна, Чайка | 110 кв.м, 3-ти ет. от 7, Въведен в експлоатация 2022 г., 🏡 ** БУЛ ИМОТ продава ЕКСКЛУЗИВНО стилен 3-стаен апартамент в кв. Бриз, гр. Варна** ӽ ...",https://www.imot.bg/obiava-1c177944464066717-prodava-tristaen-apartament-grad-varna-chayka,https://imotstatic1.focus.bg/imot/photosimotbg/1/717/1c177944464066717_e.jpg,,NO
апартамент,агенция,Младост,64,130000,2031.25,0897885152,"Продава 3-СТАЕН, град Варна, Младост 1 | 64 кв.м, 5-ти ет. от 8, Въведен в експлоатация, Чудесен апартамент с 2 спални в кв.Младост, гр. Варна БУЛИМОТ ви представя уютен и функционален 3-с ...",https://www.imot.bg/obiava-1c178187205318788-prodava-tristaen-apartament-grad-varna-mladost-1,https://imotstatic2.focus.bg/imot/photosimotbg/1/788/1c178187205318788_FW.jpg,,NO
апартамент,агенция,Колхозен пазар,137,199500,1456.2,0889000885,"Продава 3-СТАЕН, град Варна, Колхозен пазар | 137 кв.м, 4-ти ет. от 5, Ще бъде въведен в експлоатация 2026 г., ЕКСКЛУЗИВНО! ТОПИММО предлага за продажба тристаен апартамент в района на Колхозен пазар на ул. Рад ...",https://www.imot.bg/obiava-1c177392801173479-prodava-tristaen-apartament-grad-varna-kolhozen-pazar,https://cdn3.focus.bg/imot/photosimotbg/1/479/1c177392801173479_zG.jpg,,NO
апартамент,агенция,Бриз,106,250000,2358.49,0894625282,"Продава 3-СТАЕН, град Варна, Бриз | 106 кв.м, 2-ри ет. от 4, Въведен в експлоатация 2020 г., ЕКСКЛУЗИВНО! ТРИСТАЕН ОБЗАВЕДЕН АПАРТАМЕНТ С ГОЛЯМА ДНЕВНА, НА СРЕДЕН ЕТАЖ, В НОВА СГРАДА ДО КАУФЛАН ...",https://www.imot.bg/obiava-1c178703430281920-prodava-tristaen-apartament-grad-varna-briz,https://imotstatic4.focus.bg/imot/photosimotbg/1/920/1c178703430281920_un.jpg,,NO
апартамент,агенция,Младост,87,173000,1988.51,0898533570,"Продава 3-СТАЕН, град Варна, Младост 1 | 87 кв.м, 4-ти ет. от 8, Въведен в експлоатация 1999 г., ЮЖЕН ТРИСТАЕН АПАРТАМЕНТ ДО DELTA PLANET MALL НОВ ПАНЕЛ 1999 Г. ЕРА Визия предлага за продажба тр ...",https://www.imot.bg/obiava-1c177935922814764-prodava-tristaen-apartament-grad-varna-mladost-1,https://imotstatic4.focus.bg/imot/photosimotbg/1/764/1c177935922814764_vh.jpg,,NO
къща,агенция,м-т Перчемлията,70,179000,2557.14,0882121458,"Продава КЪЩА, град Варна, м-т Перчемлията | 70 кв.м, двор 625 кв.м, Въведен в експлоатация 1980 - 1989 г., Двуетажна еднофамилна вилна сграда с функционално разпределение. Смесена конструкция монолитна с ...",https://www.imot.bg/obiava-1j178454011954500-prodava-kashta-grad-varna-m-t-perchemliyata,https://imotstatic1.focus.bg/imot/photosimotbg/1/500/1j178454011954500_F6.jpg,,NO
апартамент,агенция,Аспарухово,60,120000,2000.0,0882121460,"Продава 3-СТАЕН, град Варна, Аспарухово | 60 кв.м, 7-ми ет. от 8, Въведен в експлоатация 1980 - 1989 г., Тристаен слънчев, ЮЖЕН апартамент в кв.Аспарухово след ремонт, сменени вик и ел. Жилището разполага ...",https://www.imot.bg/obiava-1c178697648052272-prodava-tristaen-apartament-grad-varna-asparuhovo,https://imotstatic3.focus.bg/imot/photosimotbg/1/272/1c178697648052272_Bi.jpg,,NO
къща,агенция,Галата,275,562000,2043.64,0879108333,"Продава КЪЩА, град Варна, Галата | 275 кв.м, двор 590 кв.м, Ще бъде въведен в експлоатация 2027 г., ЕКСКЛУЗИВНО ПРЕДЛОЖЕНИЕ КЪЩА БЕЛАТРИКС В TUIDA RESIDENCES Представяме Ви къща Белатрикс час ...",https://www.imot.bg/obiava-1j178697225075575-prodava-kashta-grad-varna-galata,https://imotstatic4.focus.bg/imot/photosimotbg/1/575/1j178697225075575_T0.jpg,,NO
къща,агенция,Галата,205,400000,1951.22,0879108333,"Продава КЪЩА, град Варна, Галата | 205 кв.м, двор 405 кв.м, Ще бъде въведен в експлоатация 2027 г., ЕКСКЛУЗИВНО ПРЕДЛОЖЕНИЕ КЪЩА АЛИЯ В TUIDA RESIDENCES Представяме Ви къща Алия част от бутик ...",https://www.imot.bg/obiava-1j178697128558045-prodava-kashta-grad-varna-galata,https://cdn3.focus.bg/imot/photosimotbg/1/045/1j178697128558045_g1.jpg,,NO
къща,агенция,Трошево,47,110000,2340.43,0878590038,"Продава КЪЩА, град Варна, Трошево | 47 кв.м, двор 137 кв.м, Въведен в експлоатация 1980 - 1989 г., Имоти Премиер продава градски парцел с къща за продажба в кв. Трошево, Варна Предлагаме за продажба ...",https://www.imot.bg/obiava-1j178696971201824-prodava-kashta-grad-varna-troshevo,https://imotstatic2.focus.bg/imot/photosimotbg/1/824/1j178696971201824_4F.jpg,,NO
апартамент,агенция,Бриз,120,299000,2491.67,0883790133,"Продава 4-СТАЕН, град Варна, Бриз | 120 кв.м, 6-ти ет. от 9, Ще бъде въведен в експлоатация 2026 г., ✨PRIME GLOBAL GROUP представя имот за ценители в един от най-престижните райони на Варна кв ...",https://www.imot.bg/obiava-1d178696864677084-prodava-chetiristaen-apartament-grad-varna-briz,https://imotstatic1.focus.bg/imot/photosimotbg/1/084/1d178696864677084_UJ.jpg,,NO
апартамент,агенция,Възраждане,65,129900,1998.46,0889106881,"Продава 2-СТАЕН, град Варна, Възраждане 4 | 65 кв.м, 2-ри ет. от 4, Въведен в експлоатация 2016 г., ЕРА Лайф обявява за продажба апартамент с площ 61,95 кв.м. /застроена площ 56,56 кв.м./, както и 70, ...",https://www.imot.bg/obiava-1b178696500296379-prodava-dvustaen-apartament-grad-varna-vazrazhdane-4,https://imotstatic4.focus.bg/imot/photosimotbg/1/379/1b178696500296379_gV.jpg,,NO
къща,агенция,Виница,300,394900,1316.33,0892950268,"Продава КЪЩА, град Варна, Виница | 300 кв.м, двор 800 кв.м, Въведен в експлоатация 2012 г., Къщата предлага отлично разпределение на три нива, включващо просторна дневна с камина и директен из ...",https://www.imot.bg/obiava-1j178696210287721-prodava-kashta-grad-varna-vinitsa,https://imotstatic2.focus.bg/imot/photosimotbg/1/721/1j178696210287721_BL.jpg,,NO
апартамент,агенция,Виница,110,197136,1792.15,0884297444,"Продава 3-СТАЕН, град Варна, Виница | 110 кв.м, 4-ти ет. от 5, Ще бъде въведен в експлоатация 2026 г., ТРИСТАЕН АПАРТАМЕНТ ВЪВ ВИНИЦА ГАРДЪН | 4-ТИ ЕТАЖ | ИЗТОК-ЗАПАД | ПАРК 2,5 ДКА АКРОПОЛ БИЛД предлаг ...",https://www.imot.bg/obiava-1c172233824023440-prodava-tristaen-apartament-grad-varna-vinitsa,https://imotstatic3.focus.bg/imot/photosimotbg/1/440/1c172233824023440_Xm.jpg,,NO
апартамент,агенция,Христо Ботев,60,99500,1658.33,0898527525,"Продава 2-СТАЕН, град Варна, Христо Ботев | 60 кв.м, Срещу ОУ 'Елин Пелин', 5-ти ет. от 8, Въведен в експлоатация 1980 - 1989 г., ЕКСКЛУЗИВ! Двустаен апартамент- хол,спалня,г-кухня,коридор,два санитарни възела,килер,две тераси.Маз ...",https://www.imot.bg/obiava-1b114769879169527-prodava-dvustaen-apartament-grad-varna-hristo-botev-sreshtu-ou-elin-pelin,https://imotstatic1.focus.bg/imot/photosimotbg/1/527/1b114769879169527_2Y.jpg,,NO
къща,агенция,м-т Добрева чешма,208,375000,1802.88,0879598018,"Продава КЪЩА, град Варна, м-т Добрева чешма | 208 кв.м, двор 850 кв.м, 2 ет., Въведен в експлоатация, Имоти Премиер Предлага на вашето внимание : Предлагаме за продажба просторна и напълно обзаведена д ...",https://www.imot.bg/obiava-1j178695880504366-prodava-kashta-grad-varna-m-t-dobreva-cheshma,https://imotstatic4.focus.bg/imot/photosimotbg/1/366/1j178695880504366_Ip.jpg,,NO
апартамент,агенция,ВИНС-Червен площад,148,285000,1925.68,0882121458,"Продава 3-СТАЕН, град Варна, ВИНС-Червен площад | 148 кв.м, 6-ти ет. от 7, Въведен в експлоатация 1998 г., Предлагаме ви уникален четиристаен апартамент на метри от Морската градина..Имотът е тип мезонет, с ...",https://www.imot.bg/obiava-1c178695877619236-prodava-tristaen-apartament-grad-varna-vins-cherven-ploshtad,https://imotstatic4.focus.bg/imot/photosimotbg/1/236/1c178695877619236_20.jpg,,NO
апартамент,агенция,Център,94,249900,2658.51,0877009008,"Продава 3-СТАЕН, град Варна, Център | 94 кв.м, 4-ти ет. от 5, Въведен в експлоатация 1970 - 1979 г., ЕРА Прайм предлага за продажба тристаен апартамент с много добро местоположение в централната част н ...",https://www.imot.bg/obiava-1c177867273117905-prodava-tristaen-apartament-grad-varna-tsentar,https://imotstatic3.focus.bg/imot/photosimotbg/1/905/1c177867273117905_jh.jpg,,NO
апартамент,агенция,Чайка,105,495000,4714.29,0882121460,"Продава 3-СТАЕН, град Варна, Чайка | 105 кв.м, 12-ти ет. от 16, Въведен в експлоатация 1980 - 1989 г., Представяме ви тристаен тухлен, панорамен апартамент , без аналог на пазара за недвижими имоти в гр ...",https://www.imot.bg/obiava-1c178695127972042-prodava-tristaen-apartament-grad-varna-chayka,https://cdn3.focus.bg/imot/photosimotbg/1/042/1c178695127972042_JW.jpg,,NO
търговски,агенция,Център,12,38490,3207.5,0877560039,"Продава МАГАЗИН, град Варна, Център | 12 кв.м, Нептун, Партер от 7, Въведен в експлоатация 1980 - 1989 г., Описание Имоти Премиер има удоволствието да ви представи функционален магазин с отлична локация в ра ...",https://www.imot.bg/obiava-1l177934311703779-prodava-magazin-grad-varna-tsentar-neptun,https://imotstatic3.focus.bg/imot/photosimotbg/1/779/1l177934311703779_N1.jpg,,NO
апартамент,агенция,Аспарухово,92,159990,1739.02,0875363330,"Продава 3-СТАЕН, град Варна, Аспарухово | 92 кв.м, 6-ти ет. от 7, Ще бъде въведен в експлоатация 2026 г., ГОТОВА СГРАДА! СРЕДЕН ЕТАЖ! ГЛЕДКА КЪМ ЦЕЛИЯ ГРАД! Представяме Ви изключителен тристаен апартамент ...",https://www.imot.bg/obiava-1c178091380214124-prodava-tristaen-apartament-grad-varna-asparuhovo,https://imotstatic4.focus.bg/imot/photosimotbg/1/124/1c178091380214124_RR.jpg,,NO
апартамент,агенция,Възраждане,80,154900,1936.25,0878615405,"Продава МНОГОСТАЕН, град Варна, Възраждане 1 | 80 кв.м, 6-ти ет. от 6, Въведен в експлоатация 2007 г., Матекс имоти и брокер Петя Касабова продават за свои клиенти двустаен тухлен обзаведен апартаментъ ...",https://www.imot.bg/obiava-1e178167681441701-prodava-mnogostaen-apartament-grad-varna-vazrazhdane-1,https://imotstatic2.focus.bg/imot/photosimotbg/1/701/1e178167681441701_6P.jpg,,NO
къща,агенция,м-т Евксиноград,380,550000,1447.37,0898755337,"Продава КЪЩА, град Варна, м-т Евксиноград | 380 кв.м, двор 500 кв.м, ул.16-та, 3 ет., Лок.отопл., Въведен в експлоатация 2005 г., ЕКСКЛУЗИВНА ОФЕРТА! Имотът се предлага с изключителното представителство на агенция за недвижими им ...",https://www.imot.bg/obiava-1j174790160779473-prodava-kashta-grad-varna-m-t-evksinograd-ul-16-ta,https://imotstatic2.focus.bg/imot/photosimotbg/1/473/1j174790160779473_9k.jpg,,NO
апартамент,агенция,Чайка,80,209900,2623.75,0875363330,"Продава 4-СТАЕН, град Варна, Чайка | 80 кв.м, 3-ти ет. от 8, Въведен в експлоатация 1994 г., ! ПРЕДПОЧИТАНА ЛОКАЦИЯ ! СРЕДЕН ЕТАЖ ! ПРОСТОР И СВЕТЛИНА ! СВОБОДНО ПАРКИРАНЕ ! Предлагаме за прода ...",https://www.imot.bg/obiava-1d178679492014061-prodava-chetiristaen-apartament-grad-varna-chayka,https://imotstatic2.focus.bg/imot/photosimotbg/1/061/1d178679492014061_lc.jpg,,NO
апартамент,агенция,к.к. Златни пясъци,75,181000,2413.33,0882815082,"Продава 3-СТАЕН, град Варна, к.к. Златни пясъци | 75 кв.м, 7-ми ет. от 8, Въведен в експлоатация, LUXIMMO FINEST ESTATES: www.luximmo.bg Ексклузивно представяме комфортно обзаведен тристаен апартаме ...",https://www.imot.bg/obiava-1c178671966779905-prodava-tristaen-apartament-grad-varna-k-k-zlatni-pyasatsi,https://imotstatic3.focus.bg/imot/photosimotbg/1/905/1c178671966779905_AI.jpg,,NO
апартамент,агенция,к.к. Чайка,83,230000,2771.08,0894625282,"Продава 3-СТАЕН, град Варна, к.к. Чайка | 83 кв.м, 3-ти ет. от 6, Въведен в експлоатация 2019 г., ЕКСКЛУЗИВНО! ТРИСТАЕН ОБЗАВЕДЕН АПАРТАМЕНТ, НА СРЕДЕН ЕТАЖ, С МОРСКА ПАНОРАМА И ДВЕ ПАРКОМЕСТА, В НО ...",https://www.imot.bg/obiava-1c178671270244768-prodava-tristaen-apartament-grad-varna-k-k-chayka,https://imotstatic2.focus.bg/imot/photosimotbg/1/768/1c178671270244768_tD.jpg,,NO
апартамент,агенция,Владислав Варненчик,63,83000,1317.46,0888328740,"Продава 2-СТАЕН, град Варна, Владислав Варненчик 1 | 63 кв.м, 9-ти ет. от 9, Ще бъде въведен в експлоатация 2028 г., НОВО КАЧЕСТВЕНО СТРОИТЕЛСТВО !!! СГРАДА РАЗПОЛОЖЕНА В НАЙ- ХУБАВА ЧАСТ НА КВАРТАЛ ВЛАДИСЛАВ ВАРНЕНЧИ ...",https://www.imot.bg/obiava-1b177910620314412-prodava-dvustaen-apartament-grad-varna-vladislav-varnenchik-1,https://imotstatic1.focus.bg/imot/photosimotbg/1/412/1b177910620314412_vX.jpg,,NO
апартамент,агенция,Лятно кино Тракия,78,171900,2203.85,0896380249,"Продава 3-СТАЕН, град Варна, Лятно кино Тракия | 78 кв.м, 4-ти ет. от 6, Въведен в експлоатация 2008 г., Империум Груп продава Ексклузивно ТРИстаен апартамент, разположен в един от предпочитаните и комуник ...",https://www.imot.bg/obiava-1c178091388671299-prodava-tristaen-apartament-grad-varna-lyatno-kino-trakiya,https://imotstatic2.focus.bg/imot/photosimotbg/1/299/1c178091388671299_wb.jpg,,NO
апартамент,агенция,Чаталджа,96,380000,3958.33,0879500473,"Продава 3-СТАЕН, град Варна, Чаталджа | 96 кв.м, 3-ти ет. от 6, Въведен в експлоатация, Имоти Премиер предлага за продажба 🌟 ТОП ИНВЕСТИЦИЯ! Обзаведен 4-стаен апартамент в район Ч ...",https://www.imot.bg/obiava-1c178670255695761-prodava-tristaen-apartament-grad-varna-chataldzha,https://imotstatic1.focus.bg/imot/photosimotbg/1/761/1c178670255695761_HV.jpg,,NO
апартамент,агенция,Зимно кино Тракия,73,144990,1986.16,0879234888,"Продава 3-СТАЕН, град Варна, Зимно кино Тракия | 73 кв.м, 7-ми ет. от 9, Въведен в експлоатация 1970 - 1979 г., International Real Estates (IRE) представя: Три отделни стаи с реална площ в района на Лятно кино Т ...",https://www.imot.bg/obiava-1c178176342743089-prodava-tristaen-apartament-grad-varna-zimno-kino-trakiya,https://imotstatic3.focus.bg/imot/photosimotbg/1/089/1c178176342743089_5D.jpg,,NO
апартамент,агенция,Свети Никола,261,670000,2567.05,0899837022,"Продава 4-СТАЕН, град Варна, Свети Никола | 261 кв.м, 3-ти ет. от 3, Газ, Въведен в експлоатация, НЕСКРИВАЕМА МОРСКА ПАНОРАМА! ПЛОЩИ! ЧАСТЕН ДОСТЪП ДО ВТОРИ САМОСТОЯТЕЛЕН ИМОТ С МОРСКА ГЛЕДКА!Нов Ве ...",https://www.imot.bg/obiava-1d178418705388364-prodava-chetiristaen-apartament-grad-varna-sveti-nikola,https://imotstatic2.focus.bg/imot/photosimotbg/1/364/1d178418705388364_d7.jpg,,NO
къща,агенция,Възраждане,155,299990,1935.42,0895501003,"Продава КЪЩА, град Варна, Възраждане 3 | 155 кв.м, двор 200 кв.м, 2 ет., Ще бъде въведен в експлоатация 2026 г., Семеен ОАЗИС във вътрешността на гр. Варна / АКТ 14 / Нескриваема морска ПАНОРАМА / ТРИ Спални / Инс ...",https://www.imot.bg/obiava-1j178669604751567-prodava-kashta-grad-varna-vazrazhdane-3,https://imotstatic4.focus.bg/imot/photosimotbg/1/567/1j178669604751567_hU.jpg,,NO
апартамент,агенция,Гръцка махала,85,269900,3175.29,0894625282,"Продава 3-СТАЕН, град Варна, Гръцка махала | 85 кв.м, 1-ви ет. от 3, Въведен в експлоатация 1970 - 1979 г., ЕКСКЛУЗИВНО! ТРИСТАЕН ТУХЛЕН АПАРТАМЕНТ, С ОТДЕЛНА ТРАПЕЗАРИЯ С КУХНЯ, В СЪРЦЕТО НА ГРЪЦКА МАХАЛА, ...",https://www.imot.bg/obiava-1c178185310488914-prodava-tristaen-apartament-grad-varna-gratska-mahala,https://imotstatic1.focus.bg/imot/photosimotbg/1/914/1c178185310488914_j1.jpg,,NO
къща,агенция,Аспарухово,147,163000,1108.84,0878249169,"Продава ЕТАЖ ОТ КЪЩА, град Варна, Аспарухово | 147 кв.м, 2-ри ет. от 3, Въведен в експлоатация, РЕФ. 893 ЕКСКЛУЗИВНО! ЕСТЕЙТ Груп продава ЕТАЖ ОТ КЪЩА с мансарда и двор в центъра на кв. Аспару ...",https://www.imot.bg/obiava-1i177313931241114-prodava-etazh-ot-kashta-grad-varna-asparuhovo,https://cdn3.focus.bg/imot/photosimotbg/1/114/1i177313931241114_fd.jpg,,NO
апартамент,агенция,Младост,68,124000,1823.53,0897842525,"Продава 2-СТАЕН, град Варна, Младост 2 | 68 кв.м, Дом Младост, 5-ти ет. от 10, Ще бъде въведен в експлоатация 2027 г., ТОП Оферта / Дом Младост - СПА Комплекс / Басейни / 2 Стаи / Среден / Тухла / Юг / Слънчев / Простор ...",https://www.imot.bg/obiava-1b178419914841447-prodava-dvustaen-apartament-grad-varna-mladost-2-dom-mladost,https://imotstatic1.focus.bg/imot/photosimotbg/1/447/1b178419914841447_BN.jpg,,NO
апартамент,агенция,Възраждане,80,129900,1623.75,0897842525,"Продава 3-СТАЕН, град Варна, Възраждане 1 | 80 кв.м, 5-ти ет. от 7, Ще бъде въведен в експлоатация 2027 г., ПРЕМИЕРА !!! Нов Луксозен Комплекс / Морска Панорама / Слънце / Простор / Различни Имоти с Правилни ...",https://www.imot.bg/obiava-1c175585532146464-prodava-tristaen-apartament-grad-varna-vazrazhdane-1,https://imotstatic3.focus.bg/imot/photosimotbg/1/464/1c175585532146464_No.jpg,,NO
апартамент,агенция,Младост,70,126500,1807.14,0897842525,"Продава 2-СТАЕН, град Варна, Младост 2 | 70 кв.м, Дом Младост, 5-ти ет. от 10, Ще бъде въведен в експлоатация 2027 г., ТОП Оферта / Дом Младост - СПА Комплекс / Басейни / 2 Стаи / Среден / Тухла / Юг - Изток / Слънчев / ...",https://www.imot.bg/obiava-1b178420213745263-prodava-dvustaen-apartament-grad-varna-mladost-2-dom-mladost,https://imotstatic4.focus.bg/imot/photosimotbg/1/263/1b178420213745263_1m.jpg,,NO
апартамент,агенция,Цветен квартал,60,150000,2500.0,0886585361,"Продава 2-СТАЕН, град Варна, Цветен квартал | 60 кв.м, ХЕИ, 2-ри ет. от 8, Въведен в експлоатация, 🏡 Одисей Имоти Екипът предлага отремонтиран двустаен апартамент с югоизточно изложение ...",https://www.imot.bg/obiava-1b177925960611633-prodava-dvustaen-apartament-grad-varna-tsveten-kvartal-hei,https://imotstatic3.focus.bg/imot/photosimotbg/1/633/1b177925960611633_WR.jpg,,NO
къща,агенция,м-т Евксиноград,50,330000,6600.0,0888022721,"Продава КЪЩА, град Варна, м-т Евксиноград | 50 кв.м, двор 1000 кв.м, Въведен в експлоатация 2018 г., ЕКСКЛУЗИВНО! КЪЩА В ЕВКСИНОГРАД ПАРЦЕЛ 1000 КВ.М! Property Store Вашият Магазин за Имоти предла ...",https://www.imot.bg/obiava-1j178410833798242-prodava-kashta-grad-varna-m-t-evksinograd,https://imotstatic3.focus.bg/imot/photosimotbg/1/242/1j178410833798242_z8.jpg,,NO
къща,агенция,м-т Евксиноград,235,308000,1310.64,0897885152,"Продава КЪЩА, град Варна, м-т Евксиноград | 235 кв.м, двор 525 кв.м, 1 ет. от 2, Не е въведен в експлоатация, БУЛИМОТ ПРОДАВА ЕКСКЛУЗИВНО! Завършена къща в м-ст Евксиноград.Къщата е издадена по БДС. Първи етаж ...",https://www.imot.bg/obiava-1j174254063475807-prodava-kashta-grad-varna-m-t-evksinograd,https://imotstatic4.focus.bg/imot/photosimotbg/1/807/1j174254063475807_hJ.jpg,,NO
апартамент,агенция,к.к. Св.Св. Константин и Елена,70,158000,2257.14,0897885152,"Продава 2-СТАЕН, град Варна, к.к. Св.Св. Константин и Елена | 70 кв.м, Белла Вита, 2-ри ет. от 4, Въведен в експлоатация 2024 г., БУЛ ИМОТ ПРОДАВА ! 🏡 Двустаен апартамент в близост до к.к. Св. Св. Константин и Елена, к-с Б ...",https://www.imot.bg/obiava-1b177141428649512-prodava-dvustaen-apartament-grad-varna-k-k-sv-sv-konstantin-i-elena-bella-vita,https://cdn3.focus.bg/imot/photosimotbg/1/512/1b177141428649512_a7.jpg,,NO
апартамент,агенция,Трошево,95,162500,1710.53,0887878833,"Продава 3-СТАЕН, град Варна, Трошево | 95 кв.м, к-с ЛИБРА, 13-ти ет. от 16, Ще бъде въведен в експлоатация 2028 г., САМО ЗА КЛИЕНТИ НА БУЛИМОТ!!!3-стаен, тухлен апартамент, намира се в новострояща се модерена жилищен ...",https://www.imot.bg/obiava-1c176121011960692-prodava-tristaen-apartament-grad-varna-troshevo-k-s-libra,https://imotstatic2.focus.bg/imot/photosimotbg/1/692/1c176121011960692_PT.jpg,,NO
апартамент,агенция,Колхозен пазар,50,99900,1998.0,0897885152,"Продава 2-СТАЕН, град Варна, Колхозен пазар | 50 кв.м, 1-ви ет. от 7, Въведен в експлоатация, ЕКСКЛУЗИВНО! ТОП ОФЕРТА! ТОП ЦЕНА ЗА РАЙОНА! ИДЕАЛНА ЛОКАЦИЯ! ПОДХОДЯЩ ЗА ЖИВЕЕНЕ ИЛИ ИЗГОДНА ИНВЕСТ ...",https://www.imot.bg/obiava-1b177124762227679-prodava-dvustaen-apartament-grad-varna-kolhozen-pazar,https://imotstatic4.focus.bg/imot/photosimotbg/1/679/1b177124762227679_Gz.jpg,,NO
апартамент,агенция,ВИНС-Червен площад,80,,,0897885152,"Продава 3-СТАЕН, град Варна, ВИНС-Червен площад | 80 кв.м, 2-ри ет. от 6, Въведен в експлоатация 2024 г., 🏢 ЕКСКЛУЗИВНО! САМО ЗА КЛИЕНТИ НА БУЛИМОТ! 🌟 Нов, напълно обзаведен тристаен апар ...",https://www.imot.bg/obiava-1c174135753649105-prodava-tristaen-apartament-grad-varna-vins-cherven-ploshtad,https://imotstatic2.focus.bg/imot/photosimotbg/1/105/1c174135753649105_II.jpg,,NO
апартамент,агенция,Бриз,74,240000,3243.24,0897885152,"Продава 3-СТАЕН, град Варна, Бриз | 74 кв.м, Морската градина , 5-ти ет. от 5, Въведен в експлоатация 2022 г., КОМПЛЕКС КОРАЛ РЕЗИДЕНС! ЕКСКЛУЗИВНО ОТ БУЛ ИМОТ! ОТЛИЧНА ЛОКАЦИЯ! КОМПЛЕКС БЕЗ АНАЛОГ!!! Имотът впе ...",https://www.imot.bg/obiava-1c177099917657242-prodava-tristaen-apartament-grad-varna-briz-morskata-gradina,https://cdn3.focus.bg/imot/photosimotbg/1/242/1c177099917657242_Ar.jpg,,NO
апартамент,агенция,Център,61,124500,2040.98,0887878833,"Продава 2-СТАЕН, град Варна, Център | 61 кв.м, 5-ти ет. от 6, Ще бъде въведен в експлоатация 2027 г., ЕКСКЛУЗИВНО ПРЕДЛОЖЕНИЕ ОТ 'БУЛ ИМОТ'. Търсите уютен дом в сърцето на Варна, който комбинира удобст ...",https://www.imot.bg/obiava-1b176371220583093-prodava-dvustaen-apartament-grad-varna-tsentar,https://imotstatic1.focus.bg/imot/photosimotbg/1/093/1b176371220583093_ir.jpg,,NO
апартамент,агенция,к.к. Св.Св. Константин и Елена,78,195000,2500.0,0897885152,"Продава 2-СТАЕН, град Варна, к.к. Св.Св. Константин и Елена | 78 кв.м, 4-ти ет. от 6, Въведен в експлоатация, САМО ЗА КЛИЕНТИ НА БУЛ ИМОТ! КЛЮЧ В ОФИСА! КОМПЛЕКС Сплендид и Романс! - Тип имот: 2-стаен апартамен ...",https://www.imot.bg/obiava-1b175627667392505-prodava-dvustaen-apartament-grad-varna-k-k-sv-sv-konstantin-i-elena,https://cdn3.focus.bg/imot/photosimotbg/1/505/1b175627667392505_uR.jpg,,NO
апартамент,агенция,Окръжна болница-Генерали,92,265000,2880.43,0897885152,"Продава 3-СТАЕН, град Варна, Окръжна болница-Генерали | 92 кв.м, Второ РПУ , 1-ви ет. от 6, Ще бъде въведен в експлоатация 2026 г., 🌟 ЕКСКЛУЗИВНО ПРЕДЛОЖЕНИЕ! 🌟 ТОП ЛОКАЦИЯ ЗА ИНВЕСТИЦИЯ И ЖИВЕЕНЕ! НОВО СТРОИТЕЛСТВО ...",https://www.imot.bg/obiava-1c175025578914162-prodava-tristaen-apartament-grad-varna-okrazhna-bolnitsa-generali-vtoro-rpu,https://cdn3.focus.bg/imot/photosimotbg/1/162/1c175025578914162_dq.jpg,,NO
апартамент,агенция,Център,97,198900,2050.52,0897885152,"Продава 3-СТАЕН, град Варна, Център | 97 кв.м, пл. Лаврентий, 4-ти ет. от 8, Въведен в експлоатация 2026 г., БУЛ ИМОТ ПРЕДЛАГА ТРИСТАЕН АПАРТАМЕНТ В НОВОПОСТРОЕНА СГРАДА с АКТ 16 НА ДОКАЗАНА СТРОИТЕЛНА КОМПАНИ ...",https://www.imot.bg/obiava-1c172249988117033-prodava-tristaen-apartament-grad-varna-tsentar-pl-lavrentiy,https://cdn3.focus.bg/imot/photosimotbg/1/033/1c172249988117033_jO.jpg,,NO
апартамент,агенция,Виница,131,159000,1213.74,0894625282,"Продава 3-СТАЕН, град Варна, Виница | 131 кв.м, 1-ви ет. от 5, Ще бъде въведен в експлоатация 2026 г., ЕКСКЛУЗИВНО! ПРЕД АКТ 16! ТРИСТАЕН ЮГОЗАПАДЕН АПАРТАМЕНТ С ГОЛЯМА ТЕРАСА, В НОВА СГРАДА ПРЕД АКТ 16. ...",https://www.imot.bg/obiava-1c178420084122639-prodava-tristaen-apartament-grad-varna-vinitsa,https://cdn3.focus.bg/imot/photosimotbg/1/639/1c178420084122639_Nz.jpg,,NO
апартамент,агенция,Виница,73,102200,1400.0,0877779462,"Продава 2-СТАЕН, град Варна, Виница | 73 кв.м, 2-ри ет. от 5, Ще бъде въведен в експлоатация 2026 г., Vivahome ПРОДАВА ЕКСКЛУЗИВНО двустаен апартамент с морска гледка в нова модерна сграда в кв. Виница ...",https://www.imot.bg/obiava-1b177278077187540-prodava-dvustaen-apartament-grad-varna-vinitsa,https://imotstatic4.focus.bg/imot/photosimotbg/1/540/1b177278077187540_eU.jpg,,NO
апартамент,агенция,к.к. Златни пясъци,78,149990,1922.95,0875363330,"Продава 2-СТАЕН, град Варна, к.к. Златни пясъци | 78 кв.м, 4-ти ет. от 9, Въведен в експлоатация 2018 г., ОБЗАВЕДЕН! ГОЛЕМИ ПЛОЩИ НА СТАИТЕ! ЮЖЕН! СРЕДЕН ЕТАЖ! КОМПЛЕКС 'АРГИЩ ПАРТЕЗ' Хоум Ту Ю пред ...",https://www.imot.bg/obiava-1b178661572154292-prodava-dvustaen-apartament-grad-varna-k-k-zlatni-pyasatsi,https://imotstatic2.focus.bg/imot/photosimotbg/1/292/1b178661572154292_JS.jpg,,NO
апартамент,агенция,Трошево,97,175000,1804.12,0879900993,"Продава 3-СТАЕН, град Варна, Трошево | 97 кв.м, 2-ри ет. от 16, Ще бъде въведен в експлоатация 2028 г., БИЛДИНГ БОКС предлага Тристаен апартамент в град Варна. Гъвкава разплащателна схема: 10/20 кота/30/ ...",https://www.imot.bg/obiava-1c178661113599451-prodava-tristaen-apartament-grad-varna-troshevo,https://imotstatic4.focus.bg/imot/photosimotbg/1/451/1c178661113599451_qV.jpg,,NO
апартамент,агенция,Трошево,74,185000,2500.0,0888232783,"Продава 2-СТАЕН, град Варна, Трошево | 74 кв.м, 2-ри ет. от 6, Въведен в експлоатация 2020 г., Екип SART Ви предлага просторен двустаен апартамент с площ от 74 кв.м и открито паркомясто ВКЛЮЧЕН ...",https://www.imot.bg/obiava-1b178378800208918-prodava-dvustaen-apartament-grad-varna-troshevo,https://imotstatic1.focus.bg/imot/photosimotbg/1/918/1b178378800208918_ag.jpg,,NO
апартамент,агенция,Гръцка махала,100,409000,4090.0,0897885152,"Продава 3-СТАЕН, град Варна, Гръцка махала | 100 кв.м, 2-ри ет. от 5, Въведен в експлоатация 2026 г., ТОП ЛОКАЦИЯ - ИДЕАЛЕН ЦЕНТЪР В БЛИЗОСТ ДО МОРСКАТА ГРАДИНА! 🏢 НОВА БУТИКОВА СГРАДА! ПРЕКРАСЕ ...",https://www.imot.bg/obiava-1c177883564194498-prodava-tristaen-apartament-grad-varna-gratska-mahala,https://imotstatic2.focus.bg/imot/photosimotbg/1/498/1c177883564194498_gk.jpg,,NO
апартамент,агенция,Левски,70,180000,2571.43,0879590014,"Продава 3-СТАЕН, град Варна, Левски 1 | 70 кв.м, До Пицария Амичи, 4-ти ет. от 5, Въведен в експлоатация 2015 г., 🏡 ТРИСТАЕН АПАРТАМЕНТ | КВ. ЛЕВСКИ | НОВА СГРАДА | НАПЪЛНО ОБЗАВЕДЕН Имоти Премиер предста ...",https://www.imot.bg/obiava-1c178660822198892-prodava-tristaen-apartament-grad-varna-levski-1-do-pitsariya-amichi,https://imotstatic4.focus.bg/imot/photosimotbg/1/892/1c178660822198892_TG.jpg,,NO
апартамент,агенция,к.к. Св.Св. Константин и Елена,118,139990,1186.36,0878699193,"Продава 2-СТАЕН, град Варна, к.к. Св.Св. Константин и Елена | 118 кв.м, 4-ти ет. от 5, Въведен в експлоатация 2016 г., 🌅 Мечтаеш за сутрешното си кафе с изглед към морето? Сега е моментът да я сбъднеш! Агенция ' ...",https://www.imot.bg/obiava-1b174541279697196-prodava-dvustaen-apartament-grad-varna-k-k-sv-sv-konstantin-i-elena,https://imotstatic4.focus.bg/imot/photosimotbg/1/196/1b174541279697196_IZ.jpg,,NO
апартамент,агенция,Цветен квартал,91,149000,1637.36,0894625282,"Продава 3-СТАЕН, град Варна, Цветен квартал | 91 кв.м, 4-ти ет. от 13, Не е въведен в експлоатация, ЕКСКЛУЗИВНО! ВЕЧЕ НА ОСМА ПЛОЧА! ТРИСТАЕН ЮГОЗАПАДЕН АПАРТАМЕНТ, В НОВОСТРОЯЩА СЕ СГРАДА ГЛЕДКА. ЕРА ...",https://www.imot.bg/obiava-1c175983613566168-prodava-tristaen-apartament-grad-varna-tsveten-kvartal,https://imotstatic2.focus.bg/imot/photosimotbg/1/168/1c175983613566168_Y.jpg,,NO
апартамент,агенция,Левски,91,259900,2856.04,0894625282,"Продава 3-СТАЕН, град Варна, Левски 1 | 91 кв.м, 2-ри ет. от 7, Въведен в експлоатация 2012 г., ТРИСТАЕН ОБЗАВЕДЕН АПАРТАМЕНТ, 2 ТЕРАСИ, 3 СЕРВИЗНИ ПОМЕЩЕНИЯ, ТУХЛЕНА СГРАДА ДО ТУ И 10-И ПОЩЕНСКИ ...",https://www.imot.bg/obiava-1c177926587540569-prodava-tristaen-apartament-grad-varna-levski-1,https://imotstatic4.focus.bg/imot/photosimotbg/1/569/1c177926587540569_45.jpg,,NO
апартамент,агенция,Фестивален комплекс,88,236000,2681.82,0877077541,"Продава 3-СТАЕН, град Варна, Фестивален комплекс | 88 кв.м, 2-ри ет. от 3, Въведен в експлоатация 1920 - 1929 г., ЕКСКЛУЗИВНО от HEGEMON ESTATE! Предлагаме за продажба просторен тристаен апартамент с чиста жилищна ...",https://www.imot.bg/obiava-1c177434223441194-prodava-tristaen-apartament-grad-varna-festivalen-kompleks,https://imotstatic1.focus.bg/imot/photosimotbg/1/194/1c177434223441194_uf.jpg,,NO
апартамент,агенция,Виница,69,138000,2000.0,0877590015,"Продава 2-СТАЕН, град Варна, Виница | 69 кв.м, 2-ри ет. от 4, Ще бъде въведен в експлоатация 2026 г., ЮЖЕН ДВУСТАЕН ГОЛЯМА ДНЕВНА ЗАВЪРШЕН ДО КЛЮЧ НОВА КУХНЯ ИМОТИ ПРЕМИЕР предлага на своите клиенти НО ...",https://www.imot.bg/obiava-1b178349460522752-prodava-dvustaen-apartament-grad-varna-vinitsa,https://imotstatic1.focus.bg/imot/photosimotbg/1/752/1b178349460522752_eN.jpg,,NO
апартамент,агенция,Младост,47,125000,2659.57,0894625282,"Продава 2-СТАЕН, град Варна, Младост 1 | 47 кв.м, 7-ми ет. от 8, ТЕЦ, Въведен в експлоатация 1970 - 1979 г., ЕКСКЛУЗИВНО! ХОЛ, КУХНЯ, СПАЛНЯ, ЮЖЕН, ПОД ЛИДЛ И СРЕЩУ ТЪРГОВСКИ ЦЕНТЪР ЯВОР. ЕРА Варна Тренд предл ...",https://www.imot.bg/obiava-1b178654830392335-prodava-dvustaen-apartament-grad-varna-mladost-1,https://imotstatic1.focus.bg/imot/photosimotbg/1/335/1b178654830392335_NM.jpg,,NO
апартамент,агенция,Колхозен пазар,56,127900,2283.93,0897066228,"Продава 2-СТАЕН, град Варна, Колхозен пазар | 56 кв.м, 4-ти ет. от 5, Въведен в експлоатация 2015 г., Оферта 3386. Двустаен апартамент в района на Колхозен пазар, ул. Доспат. Апартаментът се намира на ч ...",https://www.imot.bg/obiava-1b178362682885369-prodava-dvustaen-apartament-grad-varna-kolhozen-pazar,https://imotstatic2.focus.bg/imot/photosimotbg/1/369/1b178362682885369_aU.jpg,,NO
гараж,агенция,Трошево,290,160000,551.72,0898537750,"Продава ПАРКОМЯСТО, град Варна, Трошево | 290 кв.м, ниво -1 от 6, ПРОДАВА СЕ: Пакет от 8 бр. подземни паркоместа с гарантиран доход (гр. Варна) Предлагаме за продажб ...",https://www.imot.bg/obiava-1o171926417560035-prodava-garazh-parkomyasto-grad-varna-troshevo,https://cdn3.focus.bg/imot/photosimotbg/1/035/1o171926417560035_iV.jpg,,NO
апартамент,агенция,Левски,104,176900,1700.96,0898537750,"Продава 3-СТАЕН, град Варна, Левски 2 | 104 кв.м, 8-ми ет. от 8, Ще бъде въведен в експлоатация 2026 г., иректно от строителя! Пред Акт16! Предлагаме Ви тухлени апартаменти ,в жилищна сграда 'ВОДОПАД II' в ...",https://www.imot.bg/obiava-1c157841987317782-prodava-tristaen-apartament-grad-varna-levski-2,https://imotstatic3.focus.bg/imot/photosimotbg/1/782/1c157841987317782_Y7.jpg,,NO
апартамент,агенция,Фестивален комплекс,50,160000,3200.0,0897885152,"Продава 2-СТАЕН, град Варна, Фестивален комплекс | 50 кв.м, Партер от 2, Въведен в експлоатация, ТОП ЛОКАЦИЯ!!!ОТЛИЧНА ИНВЕСТИЦИЯ!!!БУЛИМОТ ПРОДАВА ИМОТ В СЪРЦЕТО НА ГРАДА, В НЕПОСРЕДСТВЕНА БЛИЗОСТ ...",https://www.imot.bg/obiava-1b174539780824563-prodava-dvustaen-apartament-grad-varna-festivalen-kompleks,https://imotstatic2.focus.bg/imot/photosimotbg/1/563/1b174539780824563_XW.jpg,,NO
апартамент,агенция,Център,85,250000,2941.18,0886700187,"Продава 2-СТАЕН, град Варна, Център | 85 кв.м, ул. Никола Даскалов 6, 2-ри ет. от 6, Въведен в експлоатация 2026 г., Инвестиционна компания Крес Инвест 2007 ЕООД представя на Вашето внимание за продажба функционално ...",https://www.imot.bg/obiava-1b178654160548830-prodava-dvustaen-apartament-grad-varna-tsentar-ul-nikola-daskalov-6,https://imotstatic1.focus.bg/imot/photosimotbg/1/830/1b178654160548830_sj.jpg,,NO
апартамент,агенция,Център,128,387000,3023.44,0886700187,"Продава 3-СТАЕН, град Варна, Център | 128 кв.м, ул. Никола Даскалов 6, 4-ти ет. от 6, Въведен в експлоатация 2026 г., Инвестиционна компания Крес Инвест 2007 ЕООД представя на Вашето внимание за продажба стилно обзаве ...",https://www.imot.bg/obiava-1c178654050216180-prodava-tristaen-apartament-grad-varna-tsentar-ul-nikola-daskalov-6,https://cdn3.focus.bg/imot/photosimotbg/1/180/1c178654050216180_Md.jpg,,NO
апартамент,агенция,Чайка,87,225000,2586.21,0889296918,"Продава 3-СТАЕН, град Варна, Чайка | 87 кв.м, 4-ти ет. от 8, Въведен в експлоатация 1970 - 1979 г., Предлагаме ви тристаен апартамент, разположен в една от най-разпознаваемите жилищни сгради във Варна ...",https://www.imot.bg/obiava-1c177744806009418-prodava-tristaen-apartament-grad-varna-chayka,https://imotstatic2.focus.bg/imot/photosimotbg/1/418/1c177744806009418_gp.jpg,,NO
апартамент,агенция,Трошево,67,109900,1640.3,0875363330,"Продава 3-СТАЕН, град Варна, Трошево | 67 кв.м, 4-ти ет. от 5, Въведен в експлоатация 1980 - 1989 г., ! НОВА ЦЕНА ! НАЙ-ДОБРА ЦЕНА ЗА РАЙОНА ! СРЕДЕН И ПОКРИТ ! ИЗЦЯЛО ЮЖЕН ! ПРОСТОР ! ПРЕДПОЧИТАНА ЛОКА ...",https://www.imot.bg/obiava-1c178653269491400-prodava-tristaen-apartament-grad-varna-troshevo,https://imotstatic4.focus.bg/imot/photosimotbg/1/400/1c178653269491400_M1.jpg,,NO
апартамент,агенция,Лятно кино Тракия,63,179900,2855.56,0879590047,"Продава 3-СТАЕН, град Варна, Лятно кино Тракия | 63 кв.м, Кръглата банка, 3-ти ет. от 7, Въведен в експлоатация 1980 - 1989 г., ‼️ САМО ОТ ИМОТИ ПРЕМИЕР ‼️ Имоти Премиер представя на вашето внимание св ...",https://www.imot.bg/obiava-1c178409668681169-prodava-tristaen-apartament-grad-varna-lyatno-kino-trakiya-kraglata-banka,https://imotstatic1.focus.bg/imot/photosimotbg/1/169/1c178409668681169_PV.jpg,,NO
апартамент,агенция,Център,35,125000,3571.43,0883790107,"Продава 2-СТАЕН, град Варна, Център | 35 кв.м, 5-ти ет. от 5, Въведен в експлоатация 1960 - 1969 г., 💎 Прайм Глобал Груп предлага на своите клиенти южен двустаен апартамент в сърцето на Варна & ...",https://www.imot.bg/obiava-1b177641715636678-prodava-dvustaen-apartament-grad-varna-tsentar,https://imotstatic2.focus.bg/imot/photosimotbg/1/678/1b177641715636678_7V.jpg,,NO
апартамент,агенция,Бриз,90,279900,3110.0,0899655555,"Продава 3-СТАЕН, град Варна, Бриз | 90 кв.м, 2-ри ет. от 6, Въведен в експлоатация 2021 г., ЕКСКЛУЗИВНО! ЕРА Вива продава тристаен апартамент с морска панорама в нова сграда в кв. Бриз, гр. Ва ...",https://www.imot.bg/obiava-1c178652735611960-prodava-tristaen-apartament-grad-varna-briz,https://imotstatic2.focus.bg/imot/photosimotbg/1/960/1c178652735611960_7A.jpg,,NO
апартамент,агенция,Възраждане,65,139900,2152.31,0878699196,"Продава 2-СТАЕН, град Варна, Възраждане 3 | 65 кв.м, 2-ри ет. от 5, Въведен в експлоатация 2023 г., ДВУСТАЕН АПАРТАМЕНТ | АКТ 16 | НОВО СТРОИТЕЛСТВО | НАПЪЛНО ОБЗАВЕДЕН Адмирал Риъл Естейт предлага з ...",https://www.imot.bg/obiava-1b178652645612118-prodava-dvustaen-apartament-grad-varna-vazrazhdane-3,https://imotstatic3.focus.bg/imot/photosimotbg/1/118/1b178652645612118_fk.jpg,,NO
апартамент,агенция,Център,89,250000,2808.99,0895952545,"Продава 3-СТАЕН, град Варна, Център | 89 кв.м, 3-ти ет. от 8, Въведен в експлоатация, Код оферта: 34753 ﻿Представяме Ви тристаен апартамент, в тухлена сграда, находяща се в район ...",https://www.imot.bg/obiava-1c178333687900548-prodava-tristaen-apartament-grad-varna-tsentar,https://imotstatic1.focus.bg/imot/photosimotbg/1/548/1c178333687900548_Cv.jpg,,NO
апартамент,агенция,Гръцка махала,146,319000,2184.93,0894647457,"Продава 3-СТАЕН, град Варна, Гръцка махала | 146 кв.м, 4-ти ет. от 5, Въведен в експлоатация 2000 г., 4 отделни помещения ! Чиста застроена площ 146 кв. м.! Перфектна тераса Представяме ви Ексклузивно ...",https://www.imot.bg/obiava-1c178652133124287-prodava-tristaen-apartament-grad-varna-gratska-mahala,https://imotstatic2.focus.bg/imot/photosimotbg/1/287/1d178652133124287_lO.jpg,,NO
апартамент,агенция,Виница,61,123400,2022.95,0877590015,"Продава 2-СТАЕН, град Варна, Виница | 61 кв.м, Цар Борис III, 3-ти ет. от 9, Ще бъде въведен в експлоатация 2027 г., 👉 ИЗЦЯЛО ЮЖЕН! 👉 АКТ 14 👉 НЕСКРИВАЕМА МОРСКА ПАНОРАМА! 👉 25м2 ДНЕВНА ...",https://www.imot.bg/obiava-1b178349651733308-prodava-dvustaen-apartament-grad-varna-vinitsa-tsar-boris-iii,https://imotstatic1.focus.bg/imot/photosimotbg/1/308/1b178349651733308_EC.jpg,,NO
апартамент,агенция,Левски,117,210000,1794.87,0882121458,"Продава 3-СТАЕН, град Варна, Левски 1 | 117 кв.м, 3-ти ет. от 4, Въведен в експлоатация 2026 г., Представяме ви чудесен мезонет в новопостроена сграда с площ 117 кв.м. в кв. 'Левски'. Апарт ...",https://www.imot.bg/obiava-1c178652104218038-prodava-tristaen-apartament-grad-varna-levski-1,https://imotstatic1.focus.bg/imot/photosimotbg/1/038/1c178652104218038_eE.jpg,,NO
апартамент,агенция,Кайсиева градина,63,103500,1642.86,0877866623,"Продава 2-СТАЕН, град Варна, Кайсиева градина | 63 кв.м, 6-ти ет. от 10, Ще бъде въведен в експлоатация 2026 г., Код оферта: 34145. НОВА ТУХЛЕНА СГРАДА ПРЕДИ АКТ 15. ДОКАЗАН СТРОИТЕЛ. ✅Без преход. Правилна ...",https://www.imot.bg/obiava-1b178404814535460-prodava-dvustaen-apartament-grad-varna-kaysieva-gradina,https://imotstatic4.focus.bg/imot/photosimotbg/1/460/1b178404814535460_fR.jpg,,NO
апартамент,агенция,м-т Горна Трака,95,205000,2157.89,0875363330,"Продава 3-СТАЕН, град Варна, м-т Горна Трака | 95 кв.м, 2-ри ет. от 3, Въведен в експлоатация 2011 г., !!НАПЪЛНО ОБЗАВЕДЕН!!СРЕДЕН ЕТАЖ!!ПОДЗЕМНО ПАРКОМЯСТО В ЦЕНАТА!! Представяме Ви страхотен тристаен ...",https://www.imot.bg/obiava-1c178334255492680-prodava-tristaen-apartament-grad-varna-m-t-gorna-traka,https://imotstatic1.focus.bg/imot/photosimotbg/1/680/1c178334255492680_hc.jpg,,NO
апартамент,агенция,м-т Ален мак,58,85000,1465.52,0899655555,"Продава 2-СТАЕН, град Варна, м-т Ален мак | 58 кв.м, 2-ри ет. от 4, Въведен в експлоатация 2026 г., ЕКСКЛУЗИВНО! ЕРА Вива продава двустаен апартамент с паркомясто в новострояща се сграда в к.к. Чайка, ...",https://www.imot.bg/obiava-1b177911159574677-prodava-dvustaen-apartament-grad-varna-m-t-alen-mak,https://imotstatic4.focus.bg/imot/photosimotbg/1/677/1b177911159574677_fr.jpg,,NO
апартамент,агенция,Кайсиева градина,52,102500,1971.15,0887878833,"Продава 2-СТАЕН, град Варна, Кайсиева градина | 52 кв.м, 3-ти ет. от 6, Въведен в експлоатация 2026 г., БУЛ ИМОТ Предлага за продажба 2-стаен апартамент с АКТ 16 в кв. Кайсиева градина, отличен избор ка ...",https://www.imot.bg/obiava-1b178403392104173-prodava-dvustaen-apartament-grad-varna-kaysieva-gradina,https://imotstatic3.focus.bg/imot/photosimotbg/1/173/1b178403392104173_k3.jpg,,NO
апартамент,агенция,Бриз,65,,,0897885152,"Продава 2-СТАЕН, град Варна, Бриз | 65 кв.м, ОБРЪЩАЧА, 5-ти ет. от 7, Въведен в експлоатация 2019 г., ЕКСКЛУЗИВНО!!! ДВУСТАЕН АПАРТАМЕНТ С ПАНОРАМНА МОРСКА ГЛЕДКА, БРИЗ ВАРНА ✨ 65 кв.м. | 5-т ...",https://www.imot.bg/obiava-1b178651674457653-prodava-dvustaen-apartament-grad-varna-briz-obrashtacha,https://imotstatic3.focus.bg/imot/photosimotbg/1/653/1b178651674457653_or.jpg,,NO
търговски,агенция,Център,11,39500,3590.91,0875363330,"Продава МАГАЗИН, град Варна, Център | 11 кв.м, 1-ви ет. от 6, Въведен в експлоатация 1970 - 1979 г., С ЛИЦЕ НА УЛИЦА! Home2U предлага за продажба помещение със статут на магазин в близост до Стоматолог ...",https://www.imot.bg/obiava-1l178651638437201-prodava-magazin-grad-varna-tsentar,https://imotstatic3.focus.bg/imot/photosimotbg/1/201/1l178651638437201_2D.jpg,,NO
апартамент,агенция,Кайсиева градина,47,74500,1585.11,0894625282,"Продава 2-СТАЕН, град Варна, Кайсиева градина | 47 кв.м, 4-ти ет. от 4, Не е въведен в експлоатация, ЕКСКЛУЗИВНО! ВЕЧЕ С АКТ 14! ЕРА Варна Тренд предлага за продажба двустаен апартамент в новострояща с ...",https://www.imot.bg/obiava-1b177433951036857-prodava-dvustaen-apartament-grad-varna-kaysieva-gradina,https://imotstatic1.focus.bg/imot/photosimotbg/1/857/1b177433951036857_Za.jpg,,NO
апартамент,агенция,Цветен квартал,86,189900,2208.14,0878615405,"Продава 4-СТАЕН, град Варна, Цветен квартал | 86 кв.м, 6-ти ет. от 9, Газ, Въведен в експлоатация 1980 - 1989 г., Матекс имоти и брокер Петя Касабова предлагат за продажба просторен апартамент с отличен потенциа ...",https://www.imot.bg/obiava-1d177417713401349-prodava-chetiristaen-apartament-grad-varna-tsveten-kvartal,https://cdn3.focus.bg/imot/photosimotbg/1/349/1d177417713401349_VK.jpg,,NO
апартамент,агенция,Възраждане,90,226000,2511.11,0882121458,"Продава 3-СТАЕН, град Варна, Възраждане 2 | 90 кв.м, 5-ти ет. от 8, Въведен в експлоатация 1980 - 1989 г., Продавам голям четиристаен апартамент във Възраждане, бл.51, етаж 5/8. Жилището е с чиста площ /без ...",https://www.imot.bg/obiava-1c178402861424076-prodava-tristaen-apartament-grad-varna-vazrazhdane-2,https://imotstatic2.focus.bg/imot/photosimotbg/1/076/1c178402861424076_zF.jpg,,NO
апартамент,агенция,Чайка,110,390000,3545.45,0892517742,"Продава 4-СТАЕН, град Варна, Чайка | 110 кв.м, 7-ми ет. от 7, Лок.отопл., Въведен в експлоатация, Предлагаме Ви за продажба многостаен панорамен апартамент с три спални и фронтална морска панорама ...",https://www.imot.bg/obiava-1d178648176758998-prodava-chetiristaen-apartament-grad-varna-chayka,https://imotstatic1.focus.bg/imot/photosimotbg/1/998/1d178648176758998_ok.jpg,,NO
апартамент,агенция,Бриз,72,225000,3125.0,0888924681,"Продава 2-СТАЕН, град Варна, Бриз | 72 кв.м, Партер от 5, Въведен в експлоатация 2019 г., Модерно градско жилище, ситуирано в паркова среда. Апартаментът се намира в комплекс Корал, удостоен ...",https://www.imot.bg/obiava-1b176132585937971-prodava-dvustaen-apartament-grad-varna-briz,https://cdn3.focus.bg/imot/photosimotbg/1/971/1b176132585937971_sO.jpg,,NO
апартамент,агенция,Младост,61,105000,1721.31,0897885152,"Продава 2-СТАЕН, град Варна, Младост 1 | 61 кв.м, Дом Младост, 4-ти ет. от 17, Ще бъде въведен в експлоатация 2027 г., 🏡 **БУЛ ИМОТ ПРЕДЛАГА ЕКСЛУЗИВОНО ДВУСТАЕН АПАРТАМЕН В кв. МЛАДОСТ** Представяме Ви чудес ...",https://www.imot.bg/obiava-1b177910018750056-prodava-dvustaen-apartament-grad-varna-mladost-1-dom-mladost,https://imotstatic1.focus.bg/imot/photosimotbg/1/056/1b177910018750056_ZS.jpg,,NO
апартамент,агенция,Бриз,114,289990,2543.77,0875363330,"Продава 3-СТАЕН, град Варна, Бриз | 114 кв.м, 2-ри ет. от 13, Въведен в експлоатация 2020 г., КОМПЛЕКС ПАНОРАМА ПАРК | ИЗТОЧЕН | ГОЛЕМИ ПЛОЩИ НА СТАИТЕ | ПАРКОМЯСТО Апартаментът се намира в &# ...",https://www.imot.bg/obiava-1c178645274966357-prodava-tristaen-apartament-grad-varna-briz,https://imotstatic3.focus.bg/imot/photosimotbg/1/357/1c178645274966357_IZ.jpg,,NO
апартамент,агенция,Окръжна болница-Генерали,69,209990,3043.33,0875363330,"Продава 3-СТАЕН, град Варна, Окръжна болница-Генерали | 69 кв.м, 2-ри ет. от 6, Въведен в експлоатация 2005 г., НА МЕТРИ ОТ ВИНС И МЕДИЦИНСКИ УНИВЕРСИТЕТ! ТУХЛА! АСАНСЬОР! ИЗТОК И ЗАПАД! Хоум Ту Ю предлага за про ...",https://www.imot.bg/obiava-1c178645261993510-prodava-tristaen-apartament-grad-varna-okrazhna-bolnitsa-generali,https://imotstatic3.focus.bg/imot/photosimotbg/1/510/1c178645261993510_uS.jpg,,NO
апартамент,агенция,Лятно кино Тракия,83,168000,2024.1,0879900993,"Продава 3-СТАЕН, град Варна, Лятно кино Тракия | 83 кв.м, 5-ти ет. от 6, Въведен в експлоатация 1999 г., БИЛДИНГ БОКС предлага за продажба тристаен апартамент в тухлена сграда. ЛОКАЦИЯ: Сградата се нами ...",https://www.imot.bg/obiava-1c178126526015284-prodava-tristaen-apartament-grad-varna-lyatno-kino-trakiya,https://imotstatic3.focus.bg/imot/photosimotbg/1/284/1c178126526015284_UJ.jpg,,NO
апартамент,агенция,Виница,68,113900,1675.0,0879900993,"Продава 2-СТАЕН, град Варна, Виница | 68 кв.м, 2-ри ет. от 5, Ще бъде въведен в експлоатация 2026 г., БИЛДИНГ БОКС продава двустаен апартамент в кв.Виница. Изключително подходящ за живеене или отдаване ...",https://www.imot.bg/obiava-1b178401602790436-prodava-dvustaen-apartament-grad-varna-vinitsa,https://imotstatic3.focus.bg/imot/photosimotbg/1/436/1b178401602790436_wV.jpg,,NO
апартамент,агенция,Кайсиева градина,74,159900,2160.81,0879900420,"Продава 3-СТАЕН, град Варна, Кайсиева градина | 74 кв.м, 5-ти ет. от 6, Въведен в експлоатация 2025 г., Описание В Сърцето на Кайсиева Градина/Сграда АКТ16/ До ключ / Извънредно Слънчев / Отлични параметр ...",https://www.imot.bg/obiava-1c176614319507025-prodava-tristaen-apartament-grad-varna-kaysieva-gradina,https://imotstatic4.focus.bg/imot/photosimotbg/1/025/1c176614319507025_ti.jpg,,NO
апартамент,агенция,Левски,74,187500,2533.78,0877363450,"Продава 3-СТАЕН, град Варна, Левски 1 | 74 кв.м, 4-ти ет. от 5, Въведен в експлоатация 2023 г., Предлагаме за продажба тристаен апартамент, разположен в гр. Варна, м-ст Сотира, ул. 'Георги Китов', ...",https://www.imot.bg/obiava-1c178394373322283-prodava-tristaen-apartament-grad-varna-levski-1,https://imotstatic3.focus.bg/imot/photosimotbg/1/283/1c178394373322283_WI.jpg,,NO
апартамент,агенция,к.к. Чайка,74,136500,1844.59,0898533570,"Продава 3-СТАЕН, град Варна, к.к. Чайка | 74 кв.м, 1-ви ет. от 2, Въведен в експлоатация 2005 г., ЕКСКЛУЗИВНО! МОРСКА ПАНОРАМА! ОЗЕЛЕНЕН ДВОР! ДНЕВЕН ТРАКТ И ДВЕ СПАЛНИ! ГОТОВ ЗА ЖИВЕЕНЕ ИЛИ ИНВЕСТИ ...",https://www.imot.bg/obiava-1c177909077863335-prodava-tristaen-apartament-grad-varna-k-k-chayka,https://imotstatic4.focus.bg/imot/photosimotbg/1/335/1c177909077863335_kj.jpg,,NO
апартамент,агенция,Гръцка махала,120,465000,3875.0,0897885152,"Продава 3-СТАЕН, град Варна, Гръцка махала | 120 кв.м, до Морската градина, 4-ти ет. от 6, Въведен в експлоатация 2024 г., ТОП ЛОКАЦИЯ!ДО МОРСКАТА ГРАДИНА!НОВА ЛУКСОЗНО ЗАВЪРШЕНА СГРАДА!КЛЮЧ В ОФИСА!Бул имот продава чудесен ...",https://www.imot.bg/obiava-1c176414844623212-prodava-tristaen-apartament-grad-varna-gratska-mahala-do-morskata-gradina,https://cdn3.focus.bg/imot/photosimotbg/1/212/1c176414844623212_tV.jpg,,NO
апартамент,агенция,Автогара,90,94900,1054.44,0897885152,"Продава 3-СТАЕН, град Варна, Автогара | 90 кв.м, 3-ти ет. от 3, Въведен в експлоатация, ЕКСКЛУЗИВНА ОФЕРТА !!! ТОП ЦЕНА ЗА РАЙОНА! ПОДХОДЯЩ ЗА ЖИВЕЕНЕ ИЛИ ИЗГОДНА ИНВЕСТИЦИЯ! СТАТУТ АПАРТА ...",https://www.imot.bg/obiava-1c178643538536817-prodava-tristaen-apartament-grad-varna-avtogara,https://imotstatic1.focus.bg/imot/photosimotbg/1/817/1c178643538536817_s7.jpg,,NO
къща,агенция,Бриз,118,380000,3220.34,0882121460,"Продава КЪЩА, град Варна, Бриз | 118 кв.м, двор 496 кв.м, Въведен в експлоатация 2000 г., Само от АДРЕС! Луксозна двуетажна къща с морска панорама в м-ст Свети Никола, с функционално разпред ...",https://www.imot.bg/obiava-1j178272330990129-prodava-kashta-grad-varna-briz,https://imotstatic1.focus.bg/imot/photosimotbg/1/129/1j178272330990129_p5.jpg,,NO
офис,агенция,Център,82,397062,4842.22,0889444150,"Продава ОФИС, град Варна, Център | 82 кв.м, ул.Преслав 57, 1-ви ет. от 6, Въведен в експлоатация, Офисът се намира на 1ви партерен етаж в в новоизградена сграда-паметник на архитектурата и културата ...",https://www.imot.bg/obiava-1g175316926487794-prodava-ofis-grad-varna-tsentar-ul-preslav-57,https://imotstatic2.focus.bg/imot/photosimotbg/1/794/1g175316926487794_PH.jpg,,NO
апартамент,агенция,Възраждане,65,105000,1615.38,0882005858,"Продава 2-СТАЕН, град Варна, Възраждане 3 | 65 кв.м, 3-ти ет. от 5, Ще бъде въведен в експлоатация 2026 г., Среден апартамент на среден етаж с приятна панорама и практично разпределение. Състои се от входно а ...",https://www.imot.bg/obiava-1b178643144179768-prodava-dvustaen-apartament-grad-varna-vazrazhdane-3,https://imotstatic4.focus.bg/imot/photosimotbg/1/768/1b178643144179768_nH.jpg,,NO
апартамент,агенция,Център,81,189000,2333.33,0882121460,"Продава 3-СТАЕН, град Варна, Център | 81 кв.м, 3-ти ет. от 5, Въведен в експлоатация 2003 г., 'Адрес' предлага отличен Тристаен апартамент в един от най-желаните раойни за живеене. Жилищ ...",https://www.imot.bg/obiava-1c178643074261797-prodava-tristaen-apartament-grad-varna-tsentar,https://imotstatic4.focus.bg/imot/photosimotbg/1/797/1c178643074261797_qC.jpg,,NO
апартамент,агенция,Погреби,64,128000,2000.0,0894390242,"Продава 2-СТАЕН, град Варна, Погреби | 64 кв.м, 7-ми ет. от 8, Ще бъде въведен в експлоатация 2027 г., Апартамент с една спалня в новостроящ се комплекс във Варна, на 5 минути от центъра на града Отличн ...",https://www.imot.bg/obiava-1b178340680467289-prodava-dvustaen-apartament-grad-varna-pogrebi,https://imotstatic1.focus.bg/imot/photosimotbg/1/289/1b178340680467289_Jb.jpg,,NO
апартамент,агенция,Бриз,172,407990,2372.03,0882121458,"Продава 3-СТАЕН, град Варна, Бриз | 172 кв.м, Партер от 4, Въведен в експлоатация 2015 г., Представям ви просторен , тристаен апартамент в кв. Бриз. Жилището е с площ от 172 кв.м, след основе ...",https://www.imot.bg/obiava-1c178392812237363-prodava-tristaen-apartament-grad-varna-briz,https://imotstatic2.focus.bg/imot/photosimotbg/1/363/1c178392812237363_CK.jpg,,NO
апартамент,агенция,Център,80,240000,3000.0,0879236303,"Продава 3-СТАЕН, град Варна, Център | 80 кв.м, ул. Кап. Петко Войвода, 1-ви ет. от 6, Въведен в експлоатация 1998 г., Предлагаме Ви за продажба тристаен апартамент с реална застроена площ от 74,60 кв. м, разположен на ...",https://www.imot.bg/obiava-1c178637572497612-prodava-tristaen-apartament-grad-varna-tsentar-ul-kap-petko-voyvoda,https://imotstatic4.focus.bg/imot/photosimotbg/1/612/1c178637572497612_Ly.jpg,,NO
апартамент,агенция,Виница,88,125000,1420.45,0898508787,"Продава 3-СТАЕН, град Варна, Виница | 88 кв.м, Партер от 4, Ще бъде въведен в експлоатация 2026 г., НОВА ХОУМ Ви предлага за продажба тристаен апартамент със самостоятелен собствен двор на партерен ет ...",https://www.imot.bg/obiava-1c176182829892377-prodava-tristaen-apartament-grad-varna-vinitsa,https://cdn3.focus.bg/imot/photosimotbg/1/377/1c176182829892377_Ww.jpg,,NO
апартамент,агенция,Бриз,140,195000,1392.86,0897885152,"Продава 4-СТАЕН, град Варна, Бриз | 140 кв.м, ПАРКОМЯСТО В ЦЕНАТА, 3-ти ет. от 6, Въведен в експлоатация 2025 г., 🌟 ЕКСКЛУЗИВНО ОТ БУЛ ИМОТ ГРУП 🌟 🏡 ЧЕТИРИСТАЕН ТУХЛЕН АПАРТАМЕНТ В НОВА МОДЕ ...",https://www.imot.bg/obiava-1d177849916093495-prodava-chetiristaen-apartament-grad-varna-briz-parkomyasto-v-tsenata,https://imotstatic4.focus.bg/imot/photosimotbg/1/495/1d177849916093495_qV.jpg,,NO
парцел,агенция,Галата,3500,123456,35.27,0879401333,"Продава ПАРЦЕЛ, град Варна, Галата | 3500 кв.м, HOLDING GROUP real estate представя на Вашето внимание парцел за жилищно строителство в кв. Галата. ...",https://www.imot.bg/obiava-1r176398091584742-prodava-partsel-grad-varna-galata,https://cdn3.focus.bg/imot/photosimotbg/1/742/1r176398091584742_WJ.jpg,,NO
апартамент,агенция,м-т Евксиноград,83,275000,3313.25,0879191333,"Продава 3-СТАЕН, град Варна, м-т Евксиноград | 83 кв.м, 3-ти ет. от 5, Въведен в експлоатация 2007 г., Holding Group представя на вашето внимание: ТРИСТАЕН имот С ПОДЗЕМНО ПАРКОМЯСТО Локация: гр.Варна, ...",https://www.imot.bg/obiava-1c177097871873715-prodava-tristaen-apartament-grad-varna-m-t-evksinograd,https://cdn3.focus.bg/imot/photosimotbg/1/715/1c177097871873715_Gm.jpg,,NO
къща,агенция,Виница,170,195000,1147.06,0879090400,"Продава КЪЩА, град Варна, Виница | 170 кв.м, двор 600 кв.м, Въведен в експлоатация 2021 г., Голяма Къща - Изрядни документи - Морска панорама - Равен Парцел - Партида за Ток - Партида за Вода ...",https://www.imot.bg/obiava-1j171895647293533-prodava-kashta-grad-varna-vinitsa,https://imotstatic4.focus.bg/imot/photosimotbg/1/533/1j171895647293533_ws.jpg,,NO
апартамент,агенция,Кайсиева градина,64,99990,1562.34,0879090400,"Продава 2-СТАЕН, град Варна, Кайсиева градина | 64 кв.м, 9-ти ет. от 10, Въведен в експлоатация, - НОВА ТУХЛА - ПРЕД АКТ 15 - ОТЛИЧНА ЛОКАЦИЯ - ПАНОРАМА - ПРОСТОР - Детайлна информация на : www.no ...",https://www.imot.bg/obiava-1b178057733045715-prodava-dvustaen-apartament-grad-varna-kaysieva-gradina,https://imotstatic3.focus.bg/imot/photosimotbg/1/715/1b178057733045715_q0.jpg,,NO
офис,агенция,Конфуто,151,369000,2443.71,0898508787,"Продава ОФИС, град Варна, Конфуто | 151 кв.м, ул. Топола 26, Партер от 6, Въведен в експлоатация 2015 г., Търговско помещение с голямо лице към улица 131,40 кв.м Нова Хоум има удоволствието да Ви предста ...",https://www.imot.bg/obiava-1g176172788206537-prodava-ofis-grad-varna-konfuto-ul-topola-26,https://imotstatic1.focus.bg/imot/photosimotbg/1/537/1t176172788206537_Uv.jpg,,NO
апартамент,агенция,Лятно кино Тракия,62,129900,2095.16,0897885152,"Продава 2-СТАЕН, град Варна, Лятно кино Тракия | 62 кв.м, 1-ви ет. от 5, Въведен в експлоатация 2024 г., 🏢 БУЛ ИМОТ предлага двустаен апартамент в новопостроена сграда с акт 16! 🏠 Перфектен ...",https://www.imot.bg/obiava-1b168778105726299-prodava-dvustaen-apartament-grad-varna-lyatno-kino-trakiya,https://imotstatic4.focus.bg/imot/photosimotbg/1/299/1b168778105726299_67.jpg,,NO
апартамент,агенция,Аспарухово,90,155000,1722.22,0887878833,"Продава 3-СТАЕН, град Варна, Аспарухово | 90 кв.м, ИЗЦЯЛО ЮЖЕН, 2-ри ет. от 7, Въведен в експлоатация 2026 г., САМО ЗА КЛИЕНТИ НА БУЛИМОТ!!! 3-СТАЕН, ТУХЛЕН АПАРТАМЕНТ, В НОВА МОДЕРНА СГРАДА ПРЕД АКТ 16!!! ИМОТ ...",https://www.imot.bg/obiava-1c177381776025834-prodava-tristaen-apartament-grad-varna-asparuhovo-iztsyalo-yuzhen,https://imotstatic3.focus.bg/imot/photosimotbg/1/834/1c177381776025834_Kg.jpg,,NO
апартамент,агенция,к.к. Чайка,67,154900,2311.94,0897885152,"Продава 2-СТАЕН, град Варна, к.к. Чайка | 67 кв.м, Кабакум плаза, 4-ти ет. от 6, Въведен в експлоатация 2020 г., БУЛ ИМОТ ПРОДАВА!ПЪРВА ЛИНИЯ МОРЕ!КАБАКУМ ПЛАЗА! **Продава се 2-стаен апартамент в гр. Варна, КАБАКУ ...",https://www.imot.bg/obiava-1b178392177829561-prodava-dvustaen-apartament-grad-varna-k-k-chayka-kabakum-plaza,https://imotstatic3.focus.bg/imot/photosimotbg/1/561/1b178392177829561_bz.jpg,,NO
апартамент,агенция,Колхозен пазар,137,199500,1456.2,0889000885,"Продава 4-СТАЕН, град Варна, Колхозен пазар | 137 кв.м, 4-ти ет. от 5, Ще бъде въведен в експлоатация 2026 г., ЕКСКЛУЗИВНО! ТОПИММО предлага за продажба четиристаен апартамент в района на Колхозен пазар на ул. ...",https://www.imot.bg/obiava-1d177633529725336-prodava-chetiristaen-apartament-grad-varna-kolhozen-pazar,https://cdn3.focus.bg/imot/photosimotbg/1/336/1d177633529725336_Ed.jpg,,NO
апартамент,агенция,Фестивален комплекс,40,,,0888785777,"Продава 2-СТАЕН, град Варна, Фестивален комплекс | 40 кв.м, 1-ви ет. от 2, Въведен в експлоатация, ЦЕНА - ПО ДОГОВАРЯНЕ !!!ОТЛИЧНА ЛОКАЦИЯ! ФЕСТИВАЛЕН КОМПЛЕКС! Дом Имоти предлага за продажба двуста ...",https://www.imot.bg/obiava-1b177090292537313-prodava-dvustaen-apartament-grad-varna-festivalen-kompleks,https://imotstatic3.focus.bg/imot/photosimotbg/1/313/1b177090292537313_Xs.jpg,,NO
апартамент,агенция,Завод Дружба,285,399900,1403.16,0888658118,"Продава МНОГОСТАЕН, град Варна, Завод Дружба | 285 кв.м, 6-ти ет. от 7, Въведен в експлоатация 2015 г., Уважаеми клиенти, Агенция за недвижими имоти Ронева ви представя ексклузивна оферта просторен и н ...",https://www.imot.bg/obiava-1e178629074179608-prodava-mnogostaen-apartament-grad-varna-zavod-druzhba,https://imotstatic3.focus.bg/imot/photosimotbg/1/608/1e178629074179608_S3.jpg,,NO
апартамент,агенция,Център,90,228800,2542.22,0882121458,"Продава 3-СТАЕН, град Варна, Център | 90 кв.м, 1-ви ет. от 8, Газ, Въведен в експлоатация 1990 г., Предлагаме за продажба просторен многостаен апартамент, разположен в един от най-предпочитаните райо ...",https://www.imot.bg/obiava-1c177859201193584-prodava-tristaen-apartament-grad-varna-tsentar,https://imotstatic4.focus.bg/imot/photosimotbg/1/584/1c177859201193584_6E.jpg,,NO
апартамент,агенция,Владислав Варненчик,62,93000,1500.0,0882121458,"Продава 2-СТАЕН, град Варна, Владислав Варненчик 1 | 62 кв.м, 5-ти ет. от 8, Въведен в експлоатация 2026 г., Чудесен двустаен апартамент на среден етаж. Състои се от дневен тракт с кухненеска част - 21 кв.м, ...",https://www.imot.bg/obiava-1b176822294361942-prodava-dvustaen-apartament-grad-varna-vladislav-varnenchik-1,https://imotstatic1.focus.bg/imot/photosimotbg/1/942/1b176822294361942_VI.jpg,,NO
къща,агенция,Галата,283,499000,1763.25,0877224484,"Продава КЪЩА, град Варна, Галата | 283 кв.м, двор 600 кв.м, м-т Зеленика, 3 ет., Въведен в експлоатация 2015 г., Ексклузивно! Ключ в офиса! Еднофамилна жилищна сграда, м-т.Зеленика, ул 19-та на три етажа, с ЗП-94 ...",https://www.imot.bg/obiava-1j176193749160157-prodava-kashta-grad-varna-galata-m-t-zelenika,https://imotstatic4.focus.bg/imot/photosimotbg/1/157/1j176193749160157_6h.jpg,,NO
парцел,агенция,м-т Сотира,920,180000,195.65,0888009009,"Продава ПАРЦЕЛ, град Варна, м-т Сотира | 920 кв.м, Регулация, Ток, Вода, ID 7654 Предлагаме Ви за продажба парцел в м-ст Сотира, гр.Варна Парцелът е с площ 920 кв.м., урегу ...",https://www.imot.bg/obiava-1r176103752172990-prodava-partsel-grad-varna-m-t-sotira,https://cdn3.focus.bg/imot/photosimotbg/1/990/1r176103752172990_jT.jpg,,NO
апартамент,агенция,Кайсиева градина,52,66961,1287.71,0897885152,"Продава 2-СТАЕН, град Варна, Кайсиева градина | 52 кв.м, 2-ри ет. от 8, Ще бъде въведен в експлоатация 2029 г., САМО ЗА КЛИЕНТИ НА БУЛИМОТ!!! ПРОДАЖБИТЕ СТАРТИРАХА!!! ВЪЗПОЛЗВАЙТЕ СЕ ОТ НАЙ-ДОБРИТЕ ЦЕНИ СЕГА!!! ...",https://www.imot.bg/obiava-1b178307061933840-prodava-dvustaen-apartament-grad-varna-kaysieva-gradina,https://imotstatic2.focus.bg/imot/photosimotbg/1/840/1b178307061933840_fl.jpg,,NO
апартамент,агенция,Левски,63,169900,2696.83,0882121458,"Продава 2-СТАЕН, град Варна, Левски 1 | 63 кв.м, 2-ри ет. от 7, Въведен в експлоатация 2008 г., Имотека продава ЕКСКЛУЗИВНО двустаен апартамент в кв. Левски, к-с 'Вивите'. Имотът се намира ...",https://www.imot.bg/obiava-1b178368871400608-prodava-dvustaen-apartament-grad-varna-levski-1,https://imotstatic3.focus.bg/imot/photosimotbg/1/608/1b178368871400608_JO.jpg,,NO
къща,агенция,с. Звездица,180,290000,1611.11,0894625282,"Продава КЪЩА, град Варна, с. Звездица | 180 кв.м, двор 290 кв.м, Не е въведен в експлоатация, ЕКСКЛУЗИВНО! ДВУЕТАЖНА НОВОСТРОЯЩА СЕ КЪЩА С АКТ 14 И СОБСТВЕН ДВОР, НА УЛ. АНДРОМЕДА. ЕРА Варна Тре ...",https://www.imot.bg/obiava-1j178368967878677-prodava-kashta-grad-varna-s-zvezditsa,https://imotstatic4.focus.bg/imot/photosimotbg/1/677/1j178368967878677_DX.jpg,,NO
търговски,агенция,Галата,113,188000,1663.72,0875363330,"Продава ЗАВЕДЕНИЕ, град Варна, Галата | 113 кв.м, Партер от 6, Въведен в експлоатация 2008 г., ГАЛАТА! ТЪРГОВСКО ПОМЕЩЕНИЕ! 113 КВ.М! СНЕК-БАР! ПАРТЕР! 3,20 М ВИСОЧИНА! НА МЕТРИ ОТ ПЛАЖА! Предлаг ...",https://www.imot.bg/obiava-1m178610969762185-prodava-zavedenie-grad-varna-galata,https://cdn3.focus.bg/imot/photosimotbg/1/185/1m178610969762185_kP.jpg,,NO
търговски,агенция,Галата,92,153000,1663.04,0875363330,"Продава МАГАЗИН, град Варна, Галата | 92 кв.м, Партер от 6, Въведен в експлоатация 2008 г., ГАЛАТА! ТЪРГОВСКИ ОБЕКТ! 92.26 КВ.М! БУТИКОВА СГРАДА! ЛУКСОЗНО ИЗПЪЛНЕНИЕ! ПАРТЕР! ПАРКИНГ! Предлага ...",https://www.imot.bg/obiava-1l178610926758053-prodava-magazin-grad-varna-galata,https://cdn3.focus.bg/imot/photosimotbg/1/053/1l178610926758053_Ry.jpg,,NO
парцел,агенция,Островна промишлена зона,3026,470000,155.32,0878363511,"Продава ПАРЦЕЛ, град Варна, Островна промишлена зона | 3026 кв.м, Ток, IMMOTIVE притежава правата за продажба на имота, предмет на настоящата обява, а именно: Поземлен имо ...",https://www.imot.bg/obiava-1r176770827356323-prodava-partsel-grad-varna-ostrovna-promishlena-zona,https://imotstatic4.focus.bg/imot/photosimotbg/1/323/1r176770827356323_j0.jpg,,NO
къща,агенция,м-т Горна Трака,297,935000,3148.15,0878363511,"Продава КЪЩА, град Варна, м-т Горна Трака | 297 кв.м, двор 694 кв.м, 3 ет., Въведен в експлоатация 2022 г., IMMOTIVE представя дом от ново поколение съчетание на архитектура, естетика и безкомпромисен комфо ...",https://www.imot.bg/obiava-1j177788305132510-prodava-kashta-grad-varna-m-t-gorna-traka,https://imotstatic3.focus.bg/imot/photosimotbg/1/510/1j177788305132510_Wk.jpg,,NO
апартамент,агенция,Възраждане,94,250000,2659.57,0886366606,"Продава 4-СТАЕН, град Варна, Възраждане 1 | 94 кв.м, 14-ти ет. от 16, ТЕЦ, Въведен в експлоатация 1991 г., Код на обявата: 21806 Акцент Инвест предлага на Вашето внимание четиристаен апартамент в квартал Въ ...",https://www.imot.bg/obiava-1d178610407607447-prodava-chetiristaen-apartament-grad-varna-vazrazhdane-1,https://imotstatic1.focus.bg/imot/photosimotbg/1/447/1d178610407607447_Y1.jpg,,NO
апартамент,агенция,Кайсиева градина,62,129900,2095.16,0877779462,"Продава 2-СТАЕН, град Варна, Кайсиева градина | 62 кв.м, 9-ти ет. от 10, Въведен в експлоатация 2023 г., Южен | До ключ | Акт 16 | Нова сграда Vivahome ПРОДАВА ексклузивно удобно разпределен двустаен ап ...",https://www.imot.bg/obiava-1b178107187705918-prodava-dvustaen-apartament-grad-varna-kaysieva-gradina,https://imotstatic1.focus.bg/imot/photosimotbg/1/918/1b178107187705918_YK.jpg,,NO
апартамент,агенция,Възраждане,61,113000,1852.46,0889106881,"Продава 2-СТАЕН, град Варна, Възраждане 2 | 61 кв.м, 6-ти ет. от 8, Не е въведен в експлоатация, Само в ЕРА Лайф! Двустаен имот с площ 61.38 кв.м. /застроена площ 52.21 кв.м./ разположен на шести е ...",https://www.imot.bg/obiava-1b178610221470314-prodava-dvustaen-apartament-grad-varna-vazrazhdane-2,https://imotstatic3.focus.bg/imot/photosimotbg/1/314/1b178610221470314_fC.jpg,,NO
апартамент,агенция,Владислав Варненчик,92,140000,1521.74,0889106881,"Продава 4-СТАЕН, град Варна, Владислав Варненчик 1 | 92 кв.м, 12-ти ет. от 14, Въведен в експлоатация 1980 - 1989 г., Само в ЕРА Лайф! Обявеният за продажба апартамент с площ 92,47 кв.м. е разположен на дванадесети ета ...",https://www.imot.bg/obiava-1d178359695090362-prodava-chetiristaen-apartament-grad-varna-vladislav-varnenchik-1,https://imotstatic2.focus.bg/imot/photosimotbg/1/362/1d178359695090362_eK.jpg,,NO
друго,частно лице,Варна,,,,,"Германия смята, че ЕС издава твърде много туристически визи на руснаци, Варна | преди 43 минути",https://fakti.bg/world/1078463-germania-smata-che-es-izdava-tvarde-mnogo-turisticheski-vizi-na-rusnaci,https://cdn4.focus.bg/fakti/photos/small/16b/germania-smata-che-es-izdava-tvarde-mnogo-turisticheski-vizi-na-rusnaci-1.webp,,NO
апартамент,агенция,Кайсиева градина,73,159900,2190.41,0889106881,"Продава 2-СТАЕН, град Варна, Кайсиева градина | 73 кв.м, 9-ти ет. от 10, Въведен в експлоатация 2026 г., Само в ЕРА Лайф! Обявеният за продажба голям двустаен апартамент с площ 73,63 кв.м. /застроена площ ...",https://www.imot.bg/obiava-1b178350309834358-prodava-dvustaen-apartament-grad-varna-kaysieva-gradina,https://imotstatic2.focus.bg/imot/photosimotbg/1/358/1b178350309834358_QI.jpg,,NO
апартамент,агенция,Трошево,92,235000,2554.35,0894625282,"Продава 3-СТАЕН, град Варна, Трошево | 92 кв.м, 4-ти ет. от 7, Въведен в експлоатация 2021 г., ЕКСКЛУЗИВНО! ТРИСТАЕН ОБЗАВЕДЕН АПАРТАМЕНТ НА СРЕДЕН ЕТАЖ, С 3 СЕРВИЗНИ ПОМЕЩЕНИЯ, НА УЛ. РАДОСТ 10, ...",https://www.imot.bg/obiava-1c178609110235553-prodava-tristaen-apartament-grad-varna-troshevo,https://imotstatic1.focus.bg/imot/photosimotbg/1/553/1c178609110235553_by.jpg,,NO
апартамент,агенция,Кайсиева градина,62,82900,1337.1,0875363330,"Продава 2-СТАЕН, град Варна, Кайсиева градина | 62 кв.м, 3-ти ет. от 9, Ще бъде въведен в експлоатация 2026 г., АКТ14!2-СТАЕН!СРЕДЕН ЕТАЖ!АСАНСЬОР! Предлагаме 2-стаен апартамент с площ от 62 кв.м на 3-ти етаж с а ...",https://www.imot.bg/obiava-1b177798188689380-prodava-dvustaen-apartament-grad-varna-kaysieva-gradina,https://imotstatic1.focus.bg/imot/photosimotbg/1/380/1b177798188689380_GX.jpg,,NO
апартамент,агенция,Владислав Варненчик,63,105800,1679.37,0875363330,"Продава 2-СТАЕН, град Варна, Владислав Варненчик 1 | 63 кв.м, 7-ми ет. от 9, Въведен в експлоатация 2024 г., 2-СТАЕН!АКТ16!АСАНСЬОР!СРЕДЕН ЕТАЖ! Предлагаме 2-стаен апартамент в гр. Варна, район Владиславово бл ...",https://www.imot.bg/obiava-1b177545898582522-prodava-dvustaen-apartament-grad-varna-vladislav-varnenchik-1,https://cdn3.focus.bg/imot/photosimotbg/1/522/1b177545898582522_p.jpg,,NO
апартамент,агенция,Бриз,140,195000,1392.86,0897885152,"Продава 3-СТАЕН, град Варна, Бриз | 140 кв.м, 3-ти ет. от 6, Въведен в експлоатация 2025 г., 🌟 ЕКСКЛУЗИВНО ОТ БУЛ ИМОТ ГРУП 🌟 🏡 ТУХЛЕН АПАРТАМЕНТ В НОВА МОДЕРНА СГРАДА В ...",https://www.imot.bg/obiava-1c178608454426459-prodava-tristaen-apartament-grad-varna-briz,https://imotstatic3.focus.bg/imot/photosimotbg/1/459/1c178608454426459_mJ.jpg,,NO
парцел,агенция,к.к. Св.Св. Константин и Елена,606,259500,428.22,0875363320,"Продава ПАРЦЕЛ, град Варна, к.к. Св.Св. Константин и Елена | 606 кв.м, Регулация, ТИШИНА И УЕДИНЕНИЕ! ЧИСТ ВЪЗДУХ И СПОКОЙСТВИЕ! ДАЛЕЧ ОТ ГРАДСКИЯ ШУМ! INCLUSIVE Варна представя на ...",https://www.imot.bg/obiava-1r177979707627803-prodava-partsel-grad-varna-k-k-sv-sv-konstantin-i-elena,https://imotstatic2.focus.bg/imot/photosimotbg/1/803/1r177979707627803_Sh.jpg,,NO
апартамент,агенция,Аспарухово,61,129990,2130.98,0875363330,"Продава 3-СТАЕН, град Варна, Аспарухово | 61 кв.м, 4-ти ет. от 8, Въведен в експлоатация 1990 г., АСПАРУХОВО! ЮЖЕН! СРЕДЕН АПАРТАМЕНТ!!! Хоум Ту Ю предлага на вашето внимание панелен апартамент разп ...",https://www.imot.bg/obiava-1c178220659711113-prodava-tristaen-apartament-grad-varna-asparuhovo,https://imotstatic1.focus.bg/imot/photosimotbg/1/113/1c178220659711113_J3.jpg,,NO
апартамент,агенция,Владислав Варненчик,62,115900,1869.35,0879900993,"Продава 3-СТАЕН, град Варна, Владислав Варненчик 1 | 62 кв.м, 1-ви ет. от 8, Въведен в експлоатация 1970 - 1979 г., БИЛДИНГ БОКС продава апартамент с три отделни стаи в кв. Владислав Варненчик. Имотът е подходящ какт ...",https://www.imot.bg/obiava-1c178601135815765-prodava-tristaen-apartament-grad-varna-vladislav-varnenchik-1,https://imotstatic3.focus.bg/imot/photosimotbg/1/765/1c178601135815765_PC.jpg,,NO
апартамент,агенция,Колхозен пазар,41,82000,2000.0,0894555640,"Продава 2-СТАЕН, град Варна, Колхозен пазар | 41 кв.м, 3-ти ет. от 7, Ще бъде въведен в експлоатация 2026 г., Инвестиционен Имот / Буквално ул. Бенковски / ЮГ ЮГ ЮГ За повече информация: Павел Петров тел. 0894 ...",https://www.imot.bg/obiava-1b171993081655167-prodava-dvustaen-apartament-grad-varna-kolhozen-pazar,https://imotstatic3.focus.bg/imot/photosimotbg/1/167/1b171993081655167_ea.jpg,,NO
апартамент,агенция,Гранд Мол,104,199800,1921.15,0875363330,"Продава 3-СТАЕН, град Варна, Гранд Мол | 104 кв.м, до гранд мол варна, 4-ти ет. от 6, Ще бъде въведен в експлоатация 2028 г., ДО ГРАНД МОЛ! 3-СТАЕН!СРЕДЕН ЕТАЖ!АСАНСЬОР! Предлагаме 3 -стаен апартамент с площ от 104 кв.м в гр. ...",https://www.imot.bg/obiava-1c178600404326397-prodava-tristaen-apartament-grad-varna-grand-mol-do-grand-mol-varna,https://imotstatic2.focus.bg/imot/photosimotbg/1/397/1c178600404326397_ak.jpg,,NO
апартамент,агенция,Победа,70,143500,2050.0,0882121458,"Продава 2-СТАЕН, град Варна, Победа | 70 кв.м, 2-ри ет. от 5, Въведен в експлоатация 2012 г., Двустаен тухлен апартамент в района на Техникумите. Състои се от дневна, спалня, баня с тоалет, тера ...",https://www.imot.bg/obiava-1b178600114718021-prodava-dvustaen-apartament-grad-varna-pobeda,https://imotstatic1.focus.bg/imot/photosimotbg/1/021/1b178600114718021_G1.jpg,,NO
апартамент,агенция,м-т Пчелина,64,107990,1687.34,0899704949,"Продава 2-СТАЕН, град Варна, м-т Пчелина | 64 кв.м, 2-ри ет. от 4, Ще бъде въведен в експлоатация 2026 г., ДО КЛЮЧ! СГРАДА ПРЕД АКТ 16! ЮГО-ЗАПАДНО ИЗЛОЖЕНИЕ! СТАТУТ НА АПАРТАМЕНТ! Файв Старс недвижими имо ...",https://www.imot.bg/obiava-1b178341449372030-prodava-dvustaen-apartament-grad-varna-m-t-pchelina,https://cdn3.focus.bg/imot/photosimotbg/1/030/1b178341449372030_9W.jpg,,NO
апартамент,агенция,м-т Долна Трака,73,138900,1902.74,0899164871,"Продава 2-СТАЕН, град Варна, м-т Долна Трака | 73 кв.м, Бела Вита, 2-ри ет. от 5, Въведен в експлоатация 2025 г., Екип SART предлага за продажба двустаен тухлен апартамент в нова сграда с Акт 16. Апартаментът разп ...",https://www.imot.bg/obiava-1b178341787764728-prodava-dvustaen-apartament-grad-varna-m-t-dolna-traka-bela-vita,https://imotstatic2.focus.bg/imot/photosimotbg/1/728/1b178341787764728_oO.jpg,,NO
апартамент,агенция,Кайсиева градина,64,94900,1482.81,0882121458,"Продава 2-СТАЕН, град Варна, Кайсиева градина | 64 кв.м, 2-ри ет. от 9, Ще бъде въведен в експлоатация 2027 г., Имотека предлага за продажба двустаен апартамент в новострояща се жилищна сграда с Акт 14. Жилището ...",https://www.imot.bg/obiava-1b178098962126940-prodava-dvustaen-apartament-grad-varna-kaysieva-gradina,https://cdn3.focus.bg/imot/photosimotbg/1/940/1b178098962126940_U7.jpg,,NO
апартамент,агенция,Лятно кино Тракия,45,115900,2575.56,0897885152,"Продава 2-СТАЕН, град Варна, Лятно кино Тракия | 45 кв.м, У - ЩЕ ЙОРДАН ЙОВОВ, 5-ти ет. от 6, Въведен в експлоатация, ЕКСКЛУЗИВНО ПРЕДЛОЖЕНИЕ! НАЙ-ДОБРАТА ЦЕНА ЗА РАЙОНА! ТОП ОФЕРТА! ПОДХОДЯЩ ЗА ЖИВЕЕНЕ ИЛИ ИЗГОДНА ИН ...",https://www.imot.bg/obiava-1b178483601175012-prodava-dvustaen-apartament-grad-varna-lyatno-kino-trakiya-u-shte-yordan-yovov,https://cdn3.focus.bg/imot/photosimotbg/1/012/1b178483601175012_Oh.jpg,,NO
апартамент,агенция,Кайсиева градина,99,227000,2292.93,0882121460,"Продава 3-СТАЕН, град Варна, Кайсиева градина | 99 кв.м, 9-ти ет. от 9, Въведен в експлоатация 2020 г., ЕКСКЛУЗИВНО! ТРИСТАЕН АПАРТАМЕНТ в блок 245, Кайсиева градина, С АКТ 16 от 2020 година, ...",https://www.imot.bg/obiava-1c178584893314933-prodava-tristaen-apartament-grad-varna-kaysieva-gradina,https://imotstatic2.focus.bg/imot/photosimotbg/1/933/1c178584893314933_3D.jpg,,NO
апартамент,агенция,Възраждане,62,124000,2000.0,0889106881,"Продава 2-СТАЕН, град Варна, Възраждане 2 | 62 кв.м, 5-ти ет. от 8, Не е въведен в експлоатация, Само в ЕРА ЛАЙФ! Двустаен апартамент с площ 62,63 кв.м. /застроена площ 54,04 кв.м./, разположен на ...",https://www.imot.bg/obiava-1b177520561230618-prodava-dvustaen-apartament-grad-varna-vazrazhdane-2,https://imotstatic4.focus.bg/imot/photosimotbg/1/618/1b177520561230618_dB.jpg,,NO
апартамент,агенция,Възраждане,62,139900,2256.45,0889106881,"Продава 2-СТАЕН, град Варна, Възраждане 2 | 62 кв.м, 4-ти ет. от 8, Не е въведен в експлоатация, Само в ЕРА ЛАЙФ! Двустаен апартамент с площ 62,63 кв.м. /застроена площ 54,04 кв.м./, разположен на ...",https://www.imot.bg/obiava-1b177823712558855-prodava-dvustaen-apartament-grad-varna-vazrazhdane-2,https://cdn3.focus.bg/imot/photosimotbg/1/855/1b177823712558855_eq.jpg,,NO
апартамент,агенция,ВИНС-Червен площад,64,185000,2890.62,0897885152,"Продава 2-СТАЕН, град Варна, ВИНС-Червен площад | 64 кв.м, Медицински университет, 2-ри ет. от 7, Ще бъде въведен в експлоатация 2027 г., Булимот предлага на своите клиенти Двустаен апартамент в бутикова сграда до Медицински университет ...",https://www.imot.bg/obiava-1b178584370758743-prodava-dvustaen-apartament-grad-varna-vins-cherven-ploshtad-meditsinski-universitet,https://imotstatic2.focus.bg/imot/photosimotbg/1/743/1b178584370758743_9c.jpg,,NO
гараж,агенция,Аспарухово,22,25000,1136.36,0893300940,"Продава ГАРАЖ, град Варна, Аспарухово | 22 кв.м, ниво -3 от 1, РЕФ. 85197 Гаражът е на партерно ниво-без асансьорна платформа -с директен подход, с обща площ 22,17 ...",https://www.imot.bg/obiava-1o177495495960718-prodava-garazh-parkomyasto-grad-varna-asparuhovo,https://imotstatic1.focus.bg/imot/photosimotbg/1/718/1o177495495960718_H0.jpg,,NO
търговски,агенция,Галата,114,188100,1650.0,0893300940,"Продава ЗАВЕДЕНИЕ, град Варна, Галата | 114 кв.м, Партер от 5, Въведен в експлоатация 2008 г., РЕФ. 43715 ТОП ОФЕРТА! СТАТУТ СНЕКБАР! ЛУКСОЗНО ИЗПЪЛНЕНИЕ! Снекбарът е с площ от 113,55 кв.м и 1 ...",https://www.imot.bg/obiava-1m156388362388942-prodava-zavedenie-grad-varna-galata,https://cdn3.focus.bg/imot/photosimotbg/1/942/1m156388362388942_4s.pic,,NO
апартамент,агенция,к.к. Св.Св. Константин и Елена,200,540000,2700.0,0897842525,"Продава МНОГОСТАЕН, град Варна, к.к. Св.Св. Константин и Елена | 200 кв.м, 3-ти ет. от 6, Въведен в експлоатация 2008 г., 3 Имота в 1: Два 2-Стайни + Един 1-Стаен! Супер Инвестиция / Голяма Възвръщаемост и Печалба / В к-с ...",https://www.imot.bg/obiava-1e178575788848995-prodava-mnogostaen-apartament-grad-varna-k-k-sv-sv-konstantin-i-elena,https://imotstatic2.focus.bg/imot/photosimotbg/1/995/1e178575788848995_E4.jpg,,NO
апартамент,агенция,Левски,49,113900,2324.49,0896380249,"Продава 2-СТАЕН, град Варна, Левски 1 | 49 кв.м, 6-ти ет. от 6, Въведен в експлоатация 1990 г., Империум груп продава: ДВУстаен апартамент в кв. Левски 1, Варна Код на офертата: 25931 Предлагаме ...",https://www.imot.bg/obiava-1b178575570616796-prodava-dvustaen-apartament-grad-varna-levski-1,https://imotstatic3.focus.bg/imot/photosimotbg/1/796/1b178575570616796_O1.jpg,,NO
къща,агенция,с. Звездица,1476,99900,67.68,0875363330,"Продава КЪЩА, град Варна, с. Звездица | 1476 кв.м, двор 1476 кв.м, 1 ет., Въведен в експлоатация 2000 г., КЪЩА! ПАРЦЕЛ 1476 КВ.М! ТОК И ВОДА! Предлагаме парцел в с. Звездица на 10 мин от гр. Варна с площ 14 ...",https://www.imot.bg/obiava-1j178169477772686-prodava-kashta-grad-varna-s-zvezditsa,https://imotstatic4.focus.bg/imot/photosimotbg/1/686/1j178169477772686_1Q.jpg,,NO
апартамент,агенция,Погреби,50,105000,2100.0,0879590082,"Продава 2-СТАЕН, град Варна, Погреби | 50 кв.м, 2-ри ет. от 5, Въведен в експлоатация 1999 г., Имоти Премиер предлага за продажба двустаен апартамент, разположен в централната част на града, в не ...",https://www.imot.bg/obiava-1b178575198144408-prodava-dvustaen-apartament-grad-varna-pogrebi,https://imotstatic3.focus.bg/imot/photosimotbg/1/408/1b178575198144408_Eh.jpg,,NO
апартамент,частно лице,к.к. Св.Св. Константин и Елена,96,185000,1927.08,0877016817,"Продава 3-СТАЕН, град Варна, к.к. Св.Св. Константин и Елена | 96 кв.м, 3-ти ет. от 5, Ще бъде въведен в експлоатация 2026 г., ТРИСТАЕН СВ.СВ КОНСТАНТИН И ЕЛЕНА ОТ СОБСТВЕНИК 185 000 Представям ви изключителен тристаен апарт ...",https://www.imot.bg/obiava-1c177834156616586-prodava-tristaen-apartament-grad-varna-k-k-sv-sv-konstantin-i-elena,https://imotstatic2.focus.bg/imot/photosimotbg/1/586/1c177834156616586_Pr.jpg,,NO
апартамент,агенция,Зимно кино Тракия,72,165000,2291.67,0888698405,"Продава 3-СТАЕН, град Варна, Зимно кино Тракия | 72 кв.м, 2-ри ет. от 6, Въведен в експлоатация 2000 г., Отлична локация - в централната зона на град Варна, в близост до ЗК Тракия, Централна поща и Клхозен ...",https://www.imot.bg/obiava-1c178560507093686-prodava-tristaen-apartament-grad-varna-zimno-kino-trakiya,https://imotstatic4.focus.bg/imot/photosimotbg/1/686/1c178560507093686_tP.jpg,,NO
апартамент,агенция,Бриз,63,235000,3730.16,0897885152,"Продава 2-СТАЕН, град Варна, Бриз | 63 кв.м, 13-ти ет. от 14, Въведен в експлоатация 2023 г., 🏡 ** БУЛ ИМОТ ПРЕДЛАГА ЗА ПРОДАЖБА ДВУСТАЕН АПАРТАМЕНТ В КВ. БРИЗ, ВАРНА** Представяме Ви ...",https://www.imot.bg/obiava-1b178558998379450-prodava-dvustaen-apartament-grad-varna-briz,https://imotstatic2.focus.bg/imot/photosimotbg/1/450/1b178558998379450_vA.jpg,,NO
апартамент,агенция,Кайсиева градина,70,99810,1425.86,0897885152,"Продава 3-СТАЕН, град Варна, Кайсиева градина | 70 кв.м, 2-ри ет. от 8, Ще бъде въведен в експлоатация 2029 г., САМО ЗА КЛИЕНТИ НА БУЛИМОТ!!! ПРОДАЖБИТЕ СТАРТИРАХА!!! ВЪЗПОЛЗВАЙТЕ СЕ ОТ НАЙ-ДОБРИТЕ ЦЕНИ СЕГА!!! ...",https://www.imot.bg/obiava-1c178307089491603-prodava-tristaen-apartament-grad-varna-kaysieva-gradina,https://imotstatic4.focus.bg/imot/photosimotbg/1/603/1c178307089491603_8B.jpg,,NO
парцел,частно лице,Летище,4500,728000,161.78,0888535530,"Продава ПАРЦЕЛ, град Варна, Летище | 14500 кв.м, ДВА ПАРЦЕЛА С ОБЩА ПЛОЩ 29105 КВ.М, С ПОЕТАПНО РАЗРЕШЕНИЕ ЗА СТРОЕЖ / С 200 М ЛИЦЕ НА МАГИСТРАЛА ХЕМ ...",https://www.imot.bg/obiava-1r177694281780302-prodava-partsel-grad-varna-letishte,https://imotstatic3.focus.bg/imot/photosimotbg/1/302/1r177694281780302_K3.jpg,,NO
апартамент,агенция,Виница,72,135000,1875.0,0875363330,"Продава 2-СТАЕН, град Варна, Виница | 72 кв.м, Център, 3-ти ет. от 4, Въведен в експлоатация 2013 г., ВИНИЦА!2-СТАЕН!ОБЗАВЕДЕН!АКТ16!ТУХЛА!ЦЕНТЪР! Предлагаме 2- стаен апартамент на 3-ти етаж с площ от 7 ...",https://www.imot.bg/obiava-1b178548947048222-prodava-dvustaen-apartament-grad-varna-vinitsa-tsentar,https://cdn3.focus.bg/imot/photosimotbg/1/222/1b178548947048222_SL.jpg,,NO
къща,агенция,м-т Прибой,175,395000,2257.14,0896380276,"Продава КЪЩА, град Варна, м-т Прибой | 175 кв.м, двор 345 кв.м, 3 ет., Въведен в експлоатация 2013 г., Империум Груп недвижими имоти представя: Прекрасна еднофамилна къща с морска панорама, разположена ...",https://www.imot.bg/obiava-1j178548406743698-prodava-kashta-grad-varna-m-t-priboy,https://imotstatic4.focus.bg/imot/photosimotbg/1/698/1j178548406743698_ee.jpg,,NO
апартамент,агенция,Възраждане,128,175000,1367.19,0895142147,"Продава 3-СТАЕН, град Варна, Възраждане 1 | 128 кв.м, 11-ти ет. от 11, Ще бъде въведен в експлоатация 2026 г., ‼️🏡 ЕКСКЛУЗИВЕН ИМОТ ЗА ПРОДАЖБА 🏡‼️ СГРАДА С АКТ 16  ...",https://www.imot.bg/obiava-1c177332000493797-prodava-tristaen-apartament-grad-varna-vazrazhdane-1,https://imotstatic3.focus.bg/imot/photosimotbg/1/797/1c177332000493797_IN.jpg,,NO
търговски,агенция,Център,110,490000,4454.55,0877224484,"Продава МАГАЗИН, град Варна, Център | 110 кв.м, Партер от 4, Въведен в експлоатация 1980 - 1989 г., Ексклузивно! Продава се атрактивен търговски обект на гл. булевард, действащ магазин със самостоятел ...",https://www.imot.bg/obiava-1l178178418941400-prodava-magazin-grad-varna-tsentar,https://www.imot.bg/images/picturess/nophoto_490x341.svg,,NO
офис,агенция,Център,25,77000,3080.0,0875363330,"Продава ОФИС, град Варна, Център | 25 кв.м, Партер от 4, Въведен в експлоатация 2000 г., ОФИС!! СЕВАСТОПОЛ - ЦЕНТЪР! СЛЕД РЕМОНТ! Предлагаме офис в центъра на град Варна с площ от 25кв.м. в ...",https://www.imot.bg/obiava-1g178533640601869-prodava-ofis-grad-varna-tsentar,https://imotstatic1.focus.bg/imot/photosimotbg/1/869/1g178533640601869_Gc.jpg,,NO
апартамент,агенция,Виница,65,118990,1830.62,0875363330,"Продава 2-СТАЕН, град Варна, Виница | 65 кв.м, 4-ти ет. от 5, Въведен в експлоатация 2010 г., !!СРЕДЕН ЕТАЖ!!АСАНСЬОР!!НАПЪЛНО ОБЗАВЕДЕН!! Представяме ви слънчев двустаен апартамент в квартал Ви ...",https://www.imot.bg/obiava-1b178533060432060-prodava-dvustaen-apartament-grad-varna-vinitsa,https://imotstatic3.focus.bg/imot/photosimotbg/1/060/1b178533060432060_YT.jpg,,NO
офис,агенция,Бриз,64,130000,2031.25,0875363330,"Продава ОФИС, град Варна, Бриз | 64 кв.м, Въведен в експлоатация 2021 г., ПРАВИЛНИ ФОРМИ! ВИСОК КЛАС СГРАДА! Представяме ви помещение със статут на офис, находящо се в сград ...",https://www.imot.bg/obiava-1g178490675497572-prodava-ofis-grad-varna-briz,https://imotstatic4.focus.bg/imot/photosimotbg/1/572/1g178490675497572_4p.jpg,,NO
апартамент,агенция,Гръцка махала,93,315000,3387.1,0875363330,"Продава 3-СТАЕН, град Варна, Гръцка махала | 93 кв.м, 2-ри ет. от 6, Въведен в експлоатация 2006 г., СВЕТЪЛ И ПРОСТОРЕН ТРИСТАЕН В ЦЕНТЪРА НА ВАРНА ГОТОВ ЗА НАНАСЯНЕ! НА 5 МИНУТИ ОТ МОРЕТО! Продава ...",https://www.imot.bg/obiava-1c178170260604924-prodava-tristaen-apartament-grad-varna-gratska-mahala,https://imotstatic1.focus.bg/imot/photosimotbg/1/924/1c178170260604924_wv.jpg,,NO
парцел,агенция,м-т Боровец - юг,6000,67900,11.32,0875363330,"Продава ПАРЦЕЛ, град Варна, м-т Боровец - юг | 6000 кв.м, Регулация, БОРОВЕЦ ЮГ!ПАРЦЕЛ!6 ДЕКАРА! Предлагаме парцел в район БОРОВЕЦ ЮГ, 4 декара използваеми и 2 декара го ...",https://www.imot.bg/obiava-1r178488070988498-prodava-partsel-grad-varna-m-t-borovets-yug,https://imotstatic3.focus.bg/imot/photosimotbg/1/498/1r178488070988498_uR.jpg,,NO
апартамент,агенция,Център,99,198000,2000.0,0876999139,"Продава 3-СТАЕН, град Варна, Център | 99 кв.м, ул.Александър Дякович 24, 3-ти ет. от 8, Ще бъде въведен в експлоатация 2027 г., БЕЗ КОМИСИОН ОТ КУПУВАЧА! ДИРЕКТНО ОТ ИНВЕСТИТОРИТЕ!!! Сграда ново строителство в центъра на град Ва ...",https://www.imot.bg/obiava-1c166333379474366-prodava-tristaen-apartament-grad-varna-tsentar-ul-aleksandar-dyakovich-24,https://imotstatic4.focus.bg/imot/photosimotbg/1/366/1c166333379474366_4N.jpg,,NO
апартамент,агенция,Център,57,142000,2491.23,0876999139,"Продава 2-СТАЕН, град Варна, Център | 57 кв.м, ул. Александър Дякович 24, 1-ви ет. от 8, Ще бъде въведен в експлоатация 2027 г., БЕЗ КОМИСИОН ОТ КУПУВАЧА! ДИРЕКТНО ОТ ИНВЕСТИТОРИТЕ!!! Сграда ново строителство в центъра на град Ва ...",https://www.imot.bg/obiava-1b155100437371990-prodava-dvustaen-apartament-grad-varna-tsentar-ul-aleksandar-dyakovich-24,https://cdn3.focus.bg/imot/photosimotbg/1/990/1c155100437371990_yE.pic,,NO
апартамент,агенция,Лятно кино Тракия,57,159900,2805.26,0875363330,"Продава 3-СТАЕН, град Варна, Лятно кино Тракия | 57 кв.м, 7-ми ет. от 8, Въведен в експлоатация 1980 - 1989 г., 3-СТАЕН!СРЕДЕН ЕТАЖ!АСАНСЬОР!ОБЗАВЕДЕН! Предлагаме жилище с 3 отделни стаи в район ЛЯТНО КИНО ТРАКИЯ ...",https://www.imot.bg/obiava-1c178487928491915-prodava-tristaen-apartament-grad-varna-lyatno-kino-trakiya,https://imotstatic4.focus.bg/imot/photosimotbg/1/915/1c178487928491915_ip.jpg,,NO
апартамент,агенция,к.к. Св.Св. Константин и Елена,79,170000,2151.9,0877224484,"Продава 2-СТАЕН, град Варна, к.к. Св.Св. Константин и Елена | 79 кв.м, ' Есенция', 1-ви ет. от 5, Въведен в експлоатация 2010 г., Ексклузивно! Св.Св. Константин и Елена, Двустаен слънчев апартамент в к.к. 'Есенция', 70 кв. м. чист ...",https://www.imot.bg/obiava-1b177800958422941-prodava-dvustaen-apartament-grad-varna-k-k-sv-sv-konstantin-i-elena-esentsiya,https://imotstatic1.focus.bg/imot/photosimotbg/1/941/1b177800958422941_IP.jpg,,NO
апартамент,агенция,Бриз,100,245000,2450.0,0882121460,"Продава 3-СТАЕН, град Варна, Бриз | 100 кв.м, 2-ри ет. от 2, Въведен в експлоатация 2014 г., ЛУКСОЗНО ОБЗАВЕДЕН ТРИСТАЕН АПАРТАМЕНТ в кв. БРИЗ, гр. ВАРНА! ЕКСКЛУЗИВНО с ключ в офиса! Предла ...",https://www.imot.bg/obiava-1c178481043984568-prodava-tristaen-apartament-grad-varna-briz,https://imotstatic4.focus.bg/imot/photosimotbg/1/568/1c178481043984568_gL.jpg,,NO
апартамент,агенция,Виница,116,197500,1702.59,0886320202,"Продава 3-СТАЕН, град Варна, Виница | 116 кв.м, 4-ти ет. от 5, Въведен в експлоатация, ГОТОВ ЗА НАНАСЯНЕ! ВЪЗМОЖНОСТ ЗА 100% КРЕДИТИРАНЕ! МОРСКА ПАНОРАМА! Предлагаме за продажба прекрасе ...",https://www.imot.bg/obiava-1c178133907430149-prodava-tristaen-apartament-grad-varna-vinitsa,https://cdn3.focus.bg/imot/photosimotbg/1/149/1c178133907430149_8l.jpg,,NO
апартамент,агенция,Завод Дружба,94,239000,2542.55,0875363330,"Продава 3-СТАЕН, град Варна, Завод Дружба | 94 кв.м, 5-ти ет. от 5, Въведен в експлоатация 2006 г., СРЕЩУ СТАДИОН 'ЧЕРНО МОРЕ'!! ГОЛЯМ ДНЕВЕН ТРАКТ !! ПРОСТОР!! ВЪЗМОЖНОСТ ЗА ГАРАЖ !! Представ ...",https://www.imot.bg/obiava-1c178461662664934-prodava-tristaen-apartament-grad-varna-zavod-druzhba,https://imotstatic1.focus.bg/imot/photosimotbg/1/934/1c178461662664934_Sh.jpg,,NO
апартамент,агенция,к.к. Св.Св. Константин и Елена,105,310000,2952.38,0877224484,"Продава 3-СТАЕН, град Варна, к.к. Св.Св. Константин и Елена | 105 кв.м, 2-ри ет. от 5, Въведен в експлоатация 2010 г., Ексклузивно! 3-стаен апартамент, к.к. Св.Св. Константин и Елена, чист.площ. 85 кв.м, изба 4 кв.м, съ ...",https://www.imot.bg/obiava-1c178355380592929-prodava-tristaen-apartament-grad-varna-k-k-sv-sv-konstantin-i-elena,https://cdn3.focus.bg/imot/photosimotbg/1/929/1c178355380592929_xU.jpg,,NO
парцел,агенция,м-т Горна Трака,881,150000,170.26,0875363330,"Продава ПАРЦЕЛ, град Варна, м-т Горна Трака | 881 кв.м, Регулация, -ПАРЦЕЛ С ПУП! ТОК и ВОДА НА ГРАНИЦА! М-СТ ТРАКАТА! Предлагаме за продажба урегулиран поземлен имот ...",https://www.imot.bg/obiava-1r178452539904864-prodava-partsel-grad-varna-m-t-gorna-traka,https://imotstatic2.focus.bg/imot/photosimotbg/1/864/1r178452539904864_yw.jpg,,NO
апартамент,агенция,Погреби,50,135000,2700.0,0875363330,"Продава 2-СТАЕН, град Варна, Погреби | 50 кв.м, 2-ри ет. от 5, Въведен в експлоатация 2008 г., 2-СТАЕН!ТУХЛА!СРЕДЕН ЕТАЖ!АСАНСЬОР!ОБЗАВЕДЕН! Предлгаме 2-стаен апартамент с площ от 50 кв.м в гр. В ...",https://www.imot.bg/obiava-1b178369540590472-prodava-dvustaen-apartament-grad-varna-pogrebi,https://imotstatic4.focus.bg/imot/photosimotbg/1/472/1b178369540590472_Fx.jpg,,NO
апартамент,агенция,Владислав Варненчик,105,175000,1666.67,0889106881,"Продава 3-СТАЕН, град Варна, Владислав Варненчик 1 | 105 кв.м, 4-ти ет. от 10, Въведен в експлоатация 2025 г., Само в ЕРА Лайф! Обявеният за продажба апартамент с площ 105,58 кв.м. /застроена площ 92,05 кв.м./, ...",https://www.imot.bg/obiava-1c178368412198699-prodava-tristaen-apartament-grad-varna-vladislav-varnenchik-1,https://imotstatic4.focus.bg/imot/photosimotbg/1/699/1c178368412198699_f5.jpg,,NO
апартамент,агенция,Лятно кино Тракия,73,165000,2260.27,0882121460,"Продава 3-СТАЕН, град Варна, Лятно кино Тракия | 73 кв.м, 2-ри ет. от 5, Въведен в експлоатация 2005 г., Ексклузивно предложение за уютен и функционален тристаен апартамент с площ от 63 кв.м, разположен на ...",https://www.imot.bg/obiava-1c178358190706316-prodava-tristaen-apartament-grad-varna-lyatno-kino-trakiya,https://imotstatic4.focus.bg/imot/photosimotbg/1/316/1c178358190706316_Bw.jpg,,NO
апартамент,агенция,м-т Ален мак,72,110000,1527.78,0877224484,"Продава 2-СТАЕН, град Варна, м-т Ален мак | 72 кв.м, 4-ти ет. от 4, Въведен в експлоатация 2010 г., Ексклузивно! Намалена цена! Ключ в офиса! 2-стаен апартамент, 67.26 кв.м. чист, площ, на 4-ти етаж, ...",https://www.imot.bg/obiava-1b175759868507131-prodava-dvustaen-apartament-grad-varna-m-t-alen-mak,https://imotstatic2.focus.bg/imot/photosimotbg/1/131/1b175759868507131_Bi.jpg,,YES
къща,агенция,м-т Горна Трака,219,410000,1872.15,0875363330,"Продава КЪЩА, град Варна, м-т Горна Трака | 219 кв.м, двор 489 кв.м, 2 ет., Ще бъде въведен в експлоатация 2026 г., -ДНЕВЕН ТРАКТ- 62 КВ.М.; САМОСТОЯТЕЛЕН ПАРЦЕЛ; АСФАЛТОВ ДОСТЪП Намалена цена до 15.08.2026г.! Пред ...",https://www.imot.bg/obiava-1j177546814681428-prodava-kashta-grad-varna-m-t-gorna-traka,https://imotstatic2.focus.bg/imot/photosimotbg/1/428/1j177546814681428_Ce.jpg,,YES
търговски,агенция,Аспарухово,95,104500,1100.0,0885044458,"Продава МАГАЗИН, град Варна, Аспарухово | 95 кв.м, Костур 5, Партер от 6, Ще бъде въведен в експлоатация 2027 г., СТРОИТЕЛНА ФИРМА 'ЛЪКИ' предлага за продажба търговски обекти в ЖИЛИЩНА КООПЕРАЦИЯ ПРЕД АКТ 15 В Ж.К ...",https://www.imot.bg/obiava-1l178333676649226-prodava-magazin-grad-varna-asparuhovo-kostur-5,https://cdn3.focus.bg/imot/photosimotbg/1/226/1l178333676649226_AT.jpg,,NO
апартамент,агенция,к.к. Златни пясъци,120,159900,1332.5,0875363330,"Продава 3-СТАЕН, град Варна, к.к. Златни пясъци | 120 кв.м, 1-ви ет. от 5, Въведен в експлоатация 2008 г., !!НАПЪЛНО ОБЗАВЕДЕН!!ГОЛЕМИ ПЛОЩИ!!ЦЕЛОГОДИШНО ПОЛЗВАНЕ!! Представяме Ви тристаен апартамент в Злат ...",https://www.imot.bg/obiava-1c178038300968012-prodava-tristaen-apartament-grad-varna-k-k-zlatni-pyasatsi,https://imotstatic3.focus.bg/imot/photosimotbg/1/012/1c178038300968012_32.jpg,,NO
парцел,агенция,Виница,1340,,,,"Продава ПАРЦЕЛ, град Варна, Виница | 1340 кв.м, Регулация, Морска гледка от кота 0. Готов ПУП. Квадратура: 1340 кв.м. Възможности за строеж: Плътност: 40% К ..., тел.: 052920186",https://www.imot.bg/obiava-1r171162625873265-prodava-partsel-grad-varna-vinitsa,https://imotstatic2.focus.bg/imot/photosimotbg/1/265/1r171162625873265_Tj.jpg,,NO
парцел,агенция,Възраждане,508,245000,482.28,,"Продава ПАРЦЕЛ, град Варна, Възраждане 3 | 508 кв.м, Регулация, Ток, Вода, Готов ПУП. Правилна форма. В съседство има нови жилищни сгради и къщи. Възможности за строеж: Плът ..., тел.: 052920186",https://www.imot.bg/obiava-1r175112462184644-prodava-partsel-grad-varna-vazrazhdane-3,https://imotstatic2.focus.bg/imot/photosimotbg/1/644/1r175112462184644_hq.jpg,,NO
офис,агенция,Чаталджа,85,399000,4694.12,0875376092,"Продава ОФИС, град Варна, Чаталджа | 85 кв.м, Партер от 4, Въведен в експлоатация 2000 г., 463848 Продавам партерен офис в кв. Чаталджа с отлична видимост, интензивен човекопоток и осигурено ...",https://www.imot.bg/obiava-1g178237219318359-prodava-ofis-grad-varna-chataldzha,https://cdn3.focus.bg/imot/photosimotbg/1/359/1g178237219318359_3q.jpg,,NO
апартамент,агенция,Бриз,98,228900,2335.71,0887801951,"Продава 3-СТАЕН, град Варна, Бриз | 98 кв.м, 3-ти ет. от 5, Въведен в експлоатация 2015 г., БРИЗ!МОРСКА ПАНОРАМА!3-СТАЕН!СРЕДЕН ЕТАЖ!ОБЗАВЕДЕН! Предлагаме 3-стаен апартамент в гр. Варна, район ...",https://www.imot.bg/obiava-1c176408047215463-prodava-tristaen-apartament-grad-varna-briz,https://imotstatic4.focus.bg/imot/photosimotbg/1/463/1c176408047215463_wz.jpg,,NO
апартамент,агенция,Владислав Варненчик,116,180000,1551.72,0885995510,"Продава 4-СТАЕН, град Варна, Владислав Варненчик 1 | 116 кв.м, ул. Янко Мустаков, 3-ти ет. от 4, Ще бъде въведен в експлоатация 2026 г., ОТ СОБСТВЕНИК! ЧЕТИРИСТАЕН ИМОТ ! В СГРАДА ПРЕД АКТ 15! Компания 'НЕКТОН' има удоволствието да Ви пр ...",https://www.imot.bg/obiava-1d177321733257403-prodava-chetiristaen-apartament-grad-varna-vladislav-varnenchik-1-ul-yanko-mustakov,https://imotstatic4.focus.bg/imot/photosimotbg/1/403/1d177321733257403_b6.jpg,,NO
апартамент,агенция,Победа,114,180000,1578.95,0886320202,"Продава 3-СТАЕН, град Варна, Победа | 114 кв.м, 5-ти ет. от 6, Въведен в експлоатация 2024 г., ДНЕВЕН ТРАКТ (25кв.м.) + ТРИ ПРОСТОРНИ СПАЛНИ (12кв.м.-14кв.м.-20кв.м.)! ЗАВЪРШЕН ДО КЛЮЧ! ГОТОВ ЗА ...",https://www.imot.bg/obiava-1c175447425670687-prodava-tristaen-apartament-grad-varna-pobeda,https://imotstatic2.focus.bg/imot/photosimotbg/1/687/1c175447425670687_xM.jpg,,NO
апартамент,агенция,Погреби,179,210000,1173.18,0877224484,"Продава МНОГОСТАЕН, град Варна, Погреби | 179 кв.м, 5-ти ет. от 6, Въведен в експлоатация 2024 г., Намалена цена! Ексклузивно! Гр. Варна, ул. Хан Тервел. ново строителство, Акт 16 от 2024 г. Гледка к ...",https://www.imot.bg/obiava-1e177021295642492-prodava-mnogostaen-apartament-grad-varna-pogrebi,https://imotstatic4.focus.bg/imot/photosimotbg/1/492/1e177021295642492_FO.jpg,,YES
апартамент,агенция,Бриз,150,295000,1966.67,0898448485,"Продава 3-СТАЕН, град Варна, Бриз | 150 кв.м, 9-ти ет. от 9, Въведен в експлоатация 2018 г., 🏢 Луксозен апартамент с бутиково изпълнение в град Варна Насладете се на комбинация от стил ...",https://www.imot.bg/obiava-1c175509350724079-prodava-tristaen-apartament-grad-varna-briz,https://imotstatic4.focus.bg/imot/photosimotbg/1/079/1c175509350724079_BM.jpg,,NO
апартамент,агенция,м-т Салтанат,170,350000,2058.82,0887342456,"Продава 3-СТАЕН, град Варна, м-т Салтанат | 170 кв.м, 5-ти ет. от 5, Въведен в експлоатация 2008 г., SProperties продава ЕКСКЛУЗИВНО просторен тристаен апартамент в Морската градина на гр. Варна. Жили ...",https://www.imot.bg/obiava-1c175630629940334-prodava-tristaen-apartament-grad-varna-m-t-saltanat,https://cdn3.focus.bg/imot/photosimotbg/1/334/1c175630629940334_pA.jpg,,NO
апартамент,агенция,Център,120,267900,2232.5,0875363330,"Продава 4-СТАЕН, град Варна, Център | 120 кв.м, 1-ви ет. от 6, Въведен в експлоатация 1970 - 1979 г., ЦЕНТЪР!4-СТАЕН!120 КВ.М!ПАРКОМЯСТО В ЦЕНАТА! Предлагаме 4-стаен апартамент на метри от бул. МАРИЯ ЛУ ...",https://www.imot.bg/obiava-1d177969863693929-prodava-chetiristaen-apartament-grad-varna-tsentar,https://imotstatic3.focus.bg/imot/photosimotbg/1/929/1d177969863693929_un.jpg,,NO
парцел,агенция,Западна промишлена зона,2490,189900,76.27,0882817456,"Продава ПАРЦЕЛ, град Варна, Западна промишлена зона | 2490 кв.м, Регулация, За повече информация обадете ни се на тел: или 052 813 703 и цитирайте референтния номе ...",https://www.imot.bg/obiava-1r176498018547999-prodava-partsel-grad-varna-zapadna-promishlena-zona,https://imotstatic3.focus.bg/imot/photosimotbg/1/999/1r176498018547999_3F.jpg,,NO
апартамент,агенция,Левски,102,146000,1431.37,0894555640,"Продава 3-СТАЕН, град Варна, Левски 2 | 102 кв.м, 8-ми ет. от 10, Ще бъде въведен в експлоатация 2027 г., Дневна 31м2 Съвременна сграда, Големи тераси, Качествено строителство Специална оферта за клиентите ...",https://www.imot.bg/obiava-1c177943056160975-prodava-tristaen-apartament-grad-varna-levski-2,https://cdn3.focus.bg/imot/photosimotbg/1/975/1c177943056160975_MH.jpg,,NO
апартамент,агенция,к.к. Чайка,68,126000,1852.94,0887716323,"Продава 3-СТАЕН, град Варна, к.к. Чайка | 68 кв.м, 6-ти ет. от 7, Ще бъде въведен в експлоатация 2026 г., Тристаен апартамент с морска панорама, завършен по БДС, с акт 15. Намира се в к.к. Чайка (Кабакум)до ...",https://www.imot.bg/obiava-1c166038457099707-prodava-tristaen-apartament-grad-varna-k-k-chayka,https://imotstatic3.focus.bg/imot/photosimotbg/1/707/1b166038457099707_FV.jpg,,NO
апартамент,агенция,к.к. Св.Св. Константин и Елена,58,229000,3948.28,0887871100,"Продава 2-СТАЕН, град Варна, к.к. Св.Св. Константин и Елена | 58 кв.м, 3-ти ет. от 6, Въведен в експлоатация 2021 г., Агенция ВЕЛДОМ продава двустаен обзаведен и оборудван висок клас апартамент в затворен комплекс А ...",https://www.imot.bg/obiava-1b174187546075031-prodava-dvustaen-apartament-grad-varna-k-k-sv-sv-konstantin-i-elena,https://imotstatic2.focus.bg/imot/photosimotbg/1/031/1b174187546075031_jg.jpg,,NO
търговски,агенция,Център,80,480000,6000.0,0884608008,"Продава МАГАЗИН, град Варна, Център | 80 кв.м, Партер от 5, Въведен в експлоатация, ТОП ЦЕНТЪР, МАГАЗИН НА БУЛ.'МАРИЯ ЛУИЗА'! Real Home ексклузивно продава самостоятелен, действащ, па ...",https://www.imot.bg/obiava-1l177243430570291-prodava-magazin-grad-varna-tsentar,https://imotstatic3.focus.bg/imot/photosimotbg/1/291/1l177243430570291_OJ.jpg,,NO
къща,агенция,м-т Ален мак,421,590000,1401.43,0882817456,"Продава КЪЩА, град Варна, м-т Ален мак | 421 кв.м, двор 1162 кв.м, Въведен в експлоатация 2002 г., За повече информация обадете ни се на тел: или 052 813 703 и цитирайте референтния номе ...",https://www.imot.bg/obiava-1j177676105507398-prodava-kashta-grad-varna-m-t-alen-mak,https://imotstatic1.focus.bg/imot/photosimotbg/1/398/1j177676105507398_1u.jpg,,NO
апартамент,агенция,Бриз,93,180000,1935.48,0878985967,"Продава 3-СТАЕН, град Варна, Бриз | 93 кв.м, 2-ри ет. от 4, Въведен в експлоатация 2026 г., ЕКСКЛУЗИВНО ОТ РИКОМ БЪЛГАРИЯ! Тристаен апартамент в кв.Бриз с Акт 16! Сградата е разположена на 15 ...",https://www.imot.bg/obiava-1c177323668981282-prodava-tristaen-apartament-grad-varna-briz,https://imotstatic3.focus.bg/imot/photosimotbg/1/282/1c177323668981282_94.jpg,,NO
къща,агенция,Виница,256,400000,1562.5,0896316898,"Продава КЪЩА, град Варна, Виница | 256 кв.м, двор 552 кв.м, Въведен в експлоатация 2026 г., АКТ 16! Къща 2 Комплекс 𝑀𝑒𝓁ó𝒹𝒾𝒸𝒶 ! Ча ...",https://www.imot.bg/obiava-1j176614939821921-prodava-kashta-grad-varna-vinitsa,https://cdn3.focus.bg/imot/photosimotbg/1/921/1j176614939821921_HD.jpg,,NO
къща,агенция,м-т Сотира,120,269000,2241.67,0899655555,"Продава КЪЩА, град Варна, м-т Сотира | 120 кв.м, двор 300 кв.м, Ще бъде въведен в експлоатация 2026 г., ЕРА Вива предлага за продажба новостроящи се двуетажни къщи в м-т Сотира, гр. Варна. Имотът е с РЗП ...",https://www.imot.bg/obiava-1j177124942353788-prodava-kashta-grad-varna-m-t-sotira,https://imotstatic4.focus.bg/imot/photosimotbg/1/788/1j177124942353788_uI.jpg,,NO
апартамент,агенция,Погреби,80,229000,2862.5,0899655555,"Продава 3-СТАЕН, град Варна, Погреби | 80 кв.м, 2-ри ет. от 8, Въведен в експлоатация 1980 - 1989 г., ЕКСКЛУЗИВНО! ЕРА Вива продава просторен тристаен апартамент в кв. Погреби, гр. Варна. Жилището се съ ...",https://www.imot.bg/obiava-1c178349820361472-prodava-tristaen-apartament-grad-varna-pogrebi,https://cdn3.focus.bg/imot/photosimotbg/1/472/1c178349820361472_Cv.jpg,,NO
апартамент,агенция,Колхозен пазар,21,55000,2619.05,0899655555,"Продава 1-СТАЕН, град Варна, Колхозен пазар | 21 кв.м, Партер от 5, Въведен в експлоатация 2008 г., ЕКСКЛУЗИВНО! ЕРА Вива продава едностаен имот в района на Колхозен пазар, гр. Варна. Имотът е с площ ...",https://www.imot.bg/obiava-1a177849399777119-prodava-ednostaen-apartament-grad-varna-kolhozen-pazar,https://imotstatic2.focus.bg/imot/photosimotbg/1/119/1a177849399777119_BJ.jpg,,NO
апартамент,агенция,м-т Горна Трака,96,214000,2229.17,0899655555,"Продава 3-СТАЕН, град Варна, м-т Горна Трака | 96 кв.м, 1-ви ет. от 4, Ще бъде въведен в експлоатация 2026 г., ЕКСКЛУЗИВНО! ЕРА Вива продава тристаен апартамент с включени довършителни дейности и с паркомясто в ...",https://www.imot.bg/obiava-1c178283050921510-prodava-tristaen-apartament-grad-varna-m-t-gorna-traka,https://imotstatic2.focus.bg/imot/photosimotbg/1/510/1c178283050921510_U7.jpg,,NO
апартамент,агенция,Виница,65,98990,1522.92,0899655555,"Продава 2-СТАЕН, град Варна, Виница | 65 кв.м, 4-ти ет. от 4, Не е въведен в експлоатация, САМО В ЕРА ВИВА! Двустаен апартамент в нов и модерен жилищен комплекс, без такса поддръжка в кв. Вин ...",https://www.imot.bg/obiava-1b176337150852730-prodava-dvustaen-apartament-grad-varna-vinitsa,https://imotstatic3.focus.bg/imot/photosimotbg/1/730/1b176337150852730_dH.jpg,,NO
апартамент,агенция,Фестивален комплекс,70,244000,3485.71,0892518011,"Продава 2-СТАЕН, град Варна, Фестивален комплекс | 70 кв.м, Лок.отопл., Въведен в експлоатация, Агенция Явлена ви предлага тухлен апартамент, разположен на втори етаж от четериетажна сграда, на из ...",https://www.imot.bg/obiava-1b178838231625360-prodava-dvustaen-apartament-grad-varna-festivalen-kompleks,https://imotstatic4.focus.bg/imot/photosimotbg/1/360/1b178838231625360_lj.jpg,Нова обява,NO
гараж,агенция,Изгрев,15,27500,1833.33,0879321402,"Продава ПАРКОМЯСТО, град Варна, Изгрев | 15 кв.м, Партер от 4, 🎯Продава: Закрито паркомясто, 15.3 кв.м., кв.Изгрев, гр. Варна🎯 👉 Имотът: П ...",https://www.imot.bg/obiava-1o178397658085308-prodava-garazh-parkomyasto-grad-varna-izgrev,https://imotstatic2.focus.bg/imot/photosimotbg/1/308/1o178397658085308_tL.jpg,,NO
къща,агенция,Колхозен пазар,84,189900,2260.71,0879321402,"Продава КЪЩА, град Варна, Колхозен пазар | 84 кв.м, двор 85 кв.м, Въведен в експлоатация 2020 г., 👉 Имотът: Просторно Входно антре; Дневен тракт, Кухня и Трапезария в едно; Две спални, Баня ...",https://www.imot.bg/obiava-1j178837321143920-prodava-kashta-grad-varna-kolhozen-pazar,https://imotstatic1.focus.bg/imot/photosimotbg/1/920/1j178837321143920_Qu.jpg,Нова обява,NO
парцел,агенция,с. Звездица,650,85000,130.77,0897737117,"Продава ПАРЦЕЛ, град Варна, с. Звездица | 650 кв.м, Орехчето, Регулация, Ток, Вода, 🎯 СУПЕР ЛОКАЦИЯ - ИНВЕСТИЦИОНЕН ИМОТ С ГОЛЯМ ПОТЕНЦИАЛ ! 🌊 МОРСКА ПАНОРАМА - АСФАЛТО ...",https://www.imot.bg/obiava-1r178836650204761-prodava-partsel-grad-varna-s-zvezditsa-orehcheto,https://imotstatic3.focus.bg/imot/photosimotbg/1/761/1r178836650204761_Go.jpg,Нова обява,NO
апартамент,агенция,Център,120,288500,2404.17,0879590020,"Продава 4-СТАЕН, град Варна, Център | 120 кв.м, 2-ри ет. от 3, Въведен в експлоатация, ТРИ СПАЛНИ! ЧИСТО НОВ! СТИЛ! ПРОСТОР! ПРЕСТИЖНА ЛОКАЦИЯ! Предлагаме за продажба изключителен четири ...",https://www.imot.bg/obiava-1d178836487822768-prodava-chetiristaen-apartament-grad-varna-tsentar,https://cdn3.focus.bg/imot/photosimotbg/1/768/1d178836487822768_Ur.jpg,Нова обява,NO
парцел,агенция,м-т Манастирски рид,1370,99000,72.26,0892329247,"Продава ПАРЦЕЛ, град Варна, м-т Манастирски рид | 1370 кв.м, ПИ 1370 кв.м за жилищно строителство в м-т Манастирски рид, Варна Предлагаме за продажба урегулиран ...",https://www.imot.bg/obiava-1r178836157084059-prodava-partsel-grad-varna-m-t-manastirski-rid,https://imotstatic2.focus.bg/imot/photosimotbg/1/059/1r178836157084059_Iz.jpg,Нова обява,NO
апартамент,агенция,Бриз,91,159900,1757.14,0889806540,"Продава 3-СТАЕН, град Варна, Бриз | 91 кв.м, Партер от 5, Ще бъде въведен в експлоатация 2027 г., ЕКСКЛУЗИВНО! ПОСЛЕДЕН АПАРТАМЕНТ ДИРЕКТНО ОТ СТРОИТЕЛЯ! ЮЖНО ИЗЛОЖЕНИЕ! БОНУС 20кв.м. двор! Предлага ...",https://www.imot.bg/obiava-1c178836109182089-prodava-tristaen-apartament-grad-varna-briz,https://imotstatic4.focus.bg/imot/photosimotbg/1/089/1c178836109182089_T6.jpg,Нова обява,NO
парцел,агенция,м-т Сълзица,1099,25000,22.75,0892329247,"Продава ПАРЦЕЛ, град Варна, м-т Сълзица | 1099 кв.м, ПРОДАВА СЕ ПАРЦЕЛ | м-ст СЪЛЗИЦА, ВАРНА Парцел с площ 1099 кв.м, на цена, сравнима с тази на едно п ...",https://www.imot.bg/obiava-1r178836010623134-prodava-partsel-grad-varna-m-t-salzitsa,https://cdn3.focus.bg/imot/photosimotbg/1/134/1r178836010623134_3u.jpg,Нова обява,NO
апартамент,агенция,Чайка,70,220000,3142.86,0889806540,"Продава 2-СТАЕН, град Варна, Чайка | 70 кв.м, 5-ти ет. от 17, Ще бъде въведен в експлоатация 2027 г., ЕКСКЛУЗИВНО! Апартамент с панорамна гледка, като съчетава комфорт, функционалност и модерен дизайн. ...",https://www.imot.bg/obiava-1b178835936650201-prodava-dvustaen-apartament-grad-varna-chayka,https://imotstatic1.focus.bg/imot/photosimotbg/1/201/1b178835936650201_jM.jpg,Нова обява,NO
апартамент,агенция,Възраждане,110,194990,1772.64,0879590020,"Продава 3-СТАЕН, град Варна, Възраждане 3 | 110 кв.м, 2-ри ет. от 4, Въведен в експлоатация, -НАПЪЛНО ОБЗАВЕДЕН И ОБОРУДВАН С ВСИЧКО НЕОБХОДИМО! -ВЪЗМОЖНОСТ ЗА ПАРКОМЯСТО ИЛИ ГАРАЖ! -СРЕДЕН ЕТА ...",https://www.imot.bg/obiava-1c178835919505268-prodava-tristaen-apartament-grad-varna-vazrazhdane-3,https://imotstatic3.focus.bg/imot/photosimotbg/1/268/1c178835919505268_kY.jpg,Нова обява,NO
апартамент,агенция,Бриз,186,439900,2365.05,0879590020,"Продава МНОГОСТАЕН, град Варна, Бриз | 186 кв.м, 2-ри ет. от 5, Въведен в експлоатация, -ВПЕЧАТЛЯВАЩА ДНЕВНА ОТ ОКОЛО 60 КВ.М. -ТРИ ПРОСТОРНИ СПАЛНИ -ДВЕ ЛУКСОЗНИ БАНИ С ТОАЛЕТНИ -ДВЕ ТЕРА ...",https://www.imot.bg/obiava-1e178835908124878-prodava-mnogostaen-apartament-grad-varna-briz,https://imotstatic1.focus.bg/imot/photosimotbg/1/878/1e178835908124878_qT.jpg,Нова обява,NO
апартамент,агенция,Бриз,70,137000,1957.14,0889806540,"Продава 2-СТАЕН, град Варна, Бриз | 70 кв.м, 3-ти ет. от 5, Ще бъде въведен в експлоатация 2027 г., ЕКСКЛУЗИВНО! МОРСКА ПАНОРАМА! ЮЖНО ИЗЛОЖЕНИЕ! Предлагаме на Вашето внимание двустаен апартамент в но ...",https://www.imot.bg/obiava-1b178835792739507-prodava-dvustaen-apartament-grad-varna-briz,https://imotstatic4.focus.bg/imot/photosimotbg/1/507/1b178835792739507_XJ.jpg,Нова обява,NO
апартамент,агенция,Чайка,69,210000,3043.48,0889806540,"Продава 2-СТАЕН, град Варна, Чайка | 69 кв.м, 4-ти ет. от 17, Ще бъде въведен в експлоатация 2027 г., ЕКСКЛУЗИВНО! Предлагаме апартамент с изключителна локация в луксозна сграда, като съчетава комфорт, ...",https://www.imot.bg/obiava-1b178835765842713-prodava-dvustaen-apartament-grad-varna-chayka,https://imotstatic4.focus.bg/imot/photosimotbg/1/713/1b178835765842713_X6.jpg,Нова обява,NO
къща,агенция,м-т Долна Трака,119,230000,1932.77,0879900993,"Продава КЪЩА, град Варна, м-т Долна Трака | 119 кв.м, двор 120 кв.м, 0 от 3, Лок.отопл., Ще бъде въведен в експлоатация 2026 г., Представяме Ви уникална възможност да притежавате дом без аналог на пазара. Това е място за споеделн ...",https://www.imot.bg/obiava-1j178835761461293-prodava-kashta-grad-varna-m-t-dolna-traka,https://imotstatic4.focus.bg/imot/photosimotbg/1/293/1j178835761461293_T6.jpg,Нова обява,NO
апартамент,агенция,к.к. Чайка,111,258000,2324.32,0889806540,"Продава 3-СТАЕН, град Варна, к.к. Чайка | 111 кв.м, Кабакум, 5-ти ет. от 7, Въведен в експлоатация 2016 г., ЕКСКЛУЗИВНО! Предлагаме чудесен инвестиционен имот в един от най - луксозните комплекси по нашето че ...",https://www.imot.bg/obiava-1c178835724316157-prodava-tristaen-apartament-grad-varna-k-k-chayka-kabakum,https://cdn3.focus.bg/imot/photosimotbg/1/157/1c178835724316157_c7.jpg,Нова обява,NO
апартамент,агенция,Чайка,90,330000,3666.67,0889806540,"Продава 3-СТАЕН, град Варна, Чайка | 90 кв.м, 12-ти ет. от 17, Ще бъде въведен в експлоатация 2027 г., ЕКСКЛУЗИВНО! Апартамент с панорамна гледка, като съчетава комфорт, функционалност и модерен дизайн. ...",https://www.imot.bg/obiava-1c178835677900964-prodava-tristaen-apartament-grad-varna-chayka,https://imotstatic4.focus.bg/imot/photosimotbg/1/964/1c178835677900964_QC.jpg,Нова обява,NO
апартамент,агенция,Бриз,90,189900,2110.0,0889806540,"Продава 3-СТАЕН, град Варна, Бриз | 90 кв.м, 3-ти ет. от 5, Ще бъде въведен в експлоатация 2027 г., ЕКСКЛУЗИВНО! МОРСКА ПАНОРАМА! ЮЖНО ИЗЛОЖЕНИЕ! Предлагаме на Вашето внимание панорамен тристаен апарт ...",https://www.imot.bg/obiava-1c178835645910390-prodava-tristaen-apartament-grad-varna-briz,https://cdn3.focus.bg/imot/photosimotbg/1/390/1c178835645910390_5z.jpg,Нова обява,NO
апартамент,агенция,Левски,90,198000,2200.0,0879063888,"Продава 3-СТАЕН, град Варна, Левски 2 | 90 кв.м, 4-ти ет. от 7, Въведен в експлоатация 1992 г., International Real Estates (IRE) Ви предлага ТРИСТАЕН апартамент в района на Конфуто СВЕТЛА ЖИЛИЩА П ...",https://www.imot.bg/obiava-1c178835577677325-prodava-tristaen-apartament-grad-varna-levski-2,https://imotstatic2.focus.bg/imot/photosimotbg/1/325/1c178835577677325_bu.jpg,Нова обява,NO
апартамент,агенция,Младост,67,133000,1985.07,0878449249,"Продава 3-СТАЕН, град Варна, Младост 2 | 67 кв.м, 7-ми ет. от 8, Въведен в експлоатация 1980 - 1989 г., ТРИСТАЕН АПАРТАМЕНТ | МЛАДОСТ | ДО ЛЕДЕНАТА ПЪРЗАЛКА И KAUFLAND | САНИРАНА СГРАДА Арканум Груп недви ...",https://www.imot.bg/obiava-1c178835561448272-prodava-tristaen-apartament-grad-varna-mladost-2,https://imotstatic4.focus.bg/imot/photosimotbg/1/272/1c178835561448272_VL.jpg,Нова обява,NO
апартамент,агенция,Базар Левски,64,119000,1859.38,0882466606,"Продава 2-СТАЕН, град Варна, Базар Левски | 64 кв.м, 7-ми ет. от 11, Ще бъде въведен в експлоатация 2026 г., Представяме Ви отлична възможност да закупите **2-стаен апартамент в новострояща се сграда** пред Ак ...",https://www.imot.bg/obiava-1b178584404805922-prodava-dvustaen-apartament-grad-varna-bazar-levski,https://imotstatic4.focus.bg/imot/photosimotbg/1/922/1b178584404805922_Yk.jpg,,NO
апартамент,агенция,Левски,86,175300,2038.37,0882121458,"Продава 3-СТАЕН, град Варна, Левски 1 | 86 кв.м, 6-ти ет. от 7, Ще бъде въведен в експлоатация 2028 г., Без комисиона за купувача! Имотека предлага за продажба тристаен апартамент в жилищна сграда в кв. ...",https://www.imot.bg/obiava-1c178835411438042-prodava-tristaen-apartament-grad-varna-levski-1,https://imotstatic1.focus.bg/imot/photosimotbg/1/042/1c178835411438042_ij.jpg,Нова обява,NO
апартамент,агенция,Окръжна болница-Генерали,42,70000,1666.67,0894625282,"Продава 1-СТАЕН, град Варна, Окръжна болница-Генерали | 42 кв.м, 1-ви ет. от 5, Въведен в експлоатация 2009 г., НОВА, НАМАЛЕНА ЦЕНА! ЕКСКЛУЗИВНО! ЕРА Варна Тренд предлага за продажба едностаен, ремонтиран и обзав ...",https://www.imot.bg/obiava-1a177865324741122-prodava-ednostaen-apartament-grad-varna-okrazhna-bolnitsa-generali,https://cdn3.focus.bg/imot/photosimotbg/1/122/1a177865324741122_RU.jpg,,YES
апартамент,агенция,Кайсиева градина,86,148000,1720.93,0897885152,"Продава 4-СТАЕН, град Варна, Кайсиева градина | 86 кв.м, 3-ти ет. от 8, Въведен в експлоатация, Просторен 4-стаен имот с площ от 86 кв.м, разположен в утвърдения варненски квартал Кайсиева градина ...",https://www.imot.bg/obiava-1d178835360392255-prodava-chetiristaen-apartament-grad-varna-kaysieva-gradina,https://imotstatic2.focus.bg/imot/photosimotbg/1/255/1d178835360392255_PB.jpg,Нова обява,NO
апартамент,агенция,Централна поща,84,174000,2071.43,0888966770,"Продава 3-СТАЕН, град Варна, Централна поща | 84 кв.м, 3-ти ет. от 3, Въведен в експлоатация 2000 г., 'Елиз дом' предлага на вашето внимание тристаен артистичен апартамент с отлична локация в непосред ...",https://www.imot.bg/obiava-1c178585216431263-prodava-tristaen-apartament-grad-varna-tsentralna-poshta,https://imotstatic1.focus.bg/imot/photosimotbg/1/263/1c178585216431263_Hs.jpg,,NO
къща,агенция,м-т Евксиноград,597,1190000,1993.3,0888966770,"Продава КЪЩА, град Варна, м-т Евксиноград | 597 кв.м, двор 836 кв.м, Въведен в експлоатация, Ексклузивно! 'Елиз дом' предлага на вашето внимание разкошна къща с елегантна архитектура, прекрасна ...",https://www.imot.bg/obiava-1j178835322566315-prodava-kashta-grad-varna-m-t-evksinograd,https://imotstatic1.focus.bg/imot/photosimotbg/1/315/1j178835322566315_BE.jpg,Нова обява,NO
друго,частно лице,Варна,,,,,"Лавров обяви „край на германското културно присъствие”: Русия ще закрие центровете на института „Гьоте“, Варна | преди 2 часа и 29 минути",https://fakti.bg/world/1078455-lavrov-obavi-krai-na-germanskoto-kulturno-prisastvie-rusia-shte-zakrie-centrovete-na-instituta-gyote,https://cdn4.focus.bg/fakti/photos/small/087/lavrov-obavi-krai-na-germanskoto-kulturno-prisastvie-rusia-shte-zakrie-centrovete-na-instituta-gyote-1.webp,,NO
апартамент,агенция,Младост,92,146000,1586.96,0878590072,"Продава 3-СТАЕН, град Варна, Младост 1 | 92 кв.м, 8-ми ет. от 8, Въведен в експлоатация, Имоти Премиер продава апартамент с четири отделни стаи и четири сервизни помещения в квартал Младос ...",https://www.imot.bg/obiava-1c178835217316157-prodava-tristaen-apartament-grad-varna-mladost-1,https://cdn3.focus.bg/imot/photosimotbg/1/157/1c178835217316157_ij.jpg,Нова обява,NO
апартамент,агенция,Чайка,65,275000,4230.77,0885212117,"Продава 3-СТАЕН, град Варна, Чайка | 65 кв.м, 6-ти ет. от 6, Въведен в експлоатация, ATLANTA продава луксозен тристаен апартамент в близост до морската градина. Жилището се намира в кв. ...",https://www.imot.bg/obiava-1c178835162704850-prodava-tristaen-apartament-grad-varna-chayka,https://imotstatic2.focus.bg/imot/photosimotbg/1/850/1c178835162704850_cF.jpg,Нова обява,NO
апартамент,агенция,к.к. Св.Св. Константин и Елена,61,172907,2834.54,0887912371,"Продава 2-СТАЕН, град Варна, к.к. Св.Св. Константин и Елена | 61 кв.м, 1-ви ет. от 4, Въведен в експлоатация 2024 г., ЕКСКЛУЗИВНО! Луксозен двустаен апартамент до ключ с частна озеленена тераса в к.к. Св. Св. Конст ...",https://www.imot.bg/obiava-1b173202447369874-prodava-dvustaen-apartament-grad-varna-k-k-sv-sv-konstantin-i-elena,https://imotstatic3.focus.bg/imot/photosimotbg/1/874/1b173202447369874_us.jpg,,NO
апартамент,агенция,Чайка,63,248000,3936.51,0883777799,"Продава 3-СТАЕН, град Варна, Чайка | 63 кв.м, 2-ри ет. от 6, Въведен в експлоатация 1970 - 1979 г., ЕКСКЛУЗИВНО ОТ АГЕНЦИЯ РОНЕВА! Тристаен апартамент в кв. Чайка на метри от Морската градина! Пре ...",https://www.imot.bg/obiava-1c178592084176767-prodava-tristaen-apartament-grad-varna-chayka,https://imotstatic2.focus.bg/imot/photosimotbg/1/767/1c178592084176767_ZV.jpg,,NO
апартамент,агенция,Бриз,114,228620,2005.44,0897834439,"Продава 3-СТАЕН, град Варна, Бриз | 114 кв.м, 3-ти ет. от 4, Ще бъде въведен в експлоатация 2028 г., Експерт Инвест предлага за продажба тристаен апартамент в нов жилищен проект в строеж, разположен в ...",https://www.imot.bg/obiava-1c178835067171345-prodava-tristaen-apartament-grad-varna-briz,https://cdn3.focus.bg/imot/photosimotbg/1/345/1c178835067171345_5Q.jpg,Нова обява,NO
апартамент,агенция,к.к. Св.Св. Константин и Елена,66,165528,2508.0,0887912371,"Продава 2-СТАЕН, град Варна, к.к. Св.Св. Константин и Елена | 66 кв.м, 2-ри ет. от 4, Въведен в експлоатация 2024 г., ЕКСКЛУЗИВНО! Модерен двустаен апартамент НОВО СТРОИТЕЛСТВО, завършен ДО КЛЮЧ! Готов за обзавеждане ...",https://www.imot.bg/obiava-1b178835060305577-prodava-dvustaen-apartament-grad-varna-k-k-sv-sv-konstantin-i-elena,https://imotstatic4.focus.bg/imot/photosimotbg/1/577/1b178835060305577_5J.jpg,Нова обява,NO
апартамент,агенция,Трошево,92,155000,1684.78,0878699196,"Продава 3-СТАЕН, град Варна, Трошево | 92 кв.м, 4-ти ет. от 5, Ще бъде въведен в експлоатация 2027 г., Агенция за недвижими имоти Адмирал предлага ЕКСКЛУЗИВНО за продажба тристаен апартамент в новостро ...",https://www.imot.bg/obiava-1c176958523001589-prodava-tristaen-apartament-grad-varna-troshevo,https://imotstatic4.focus.bg/imot/photosimotbg/1/589/1c176958523001589_Ni.jpg,,NO
апартамент,агенция,Левски,63,115990,1841.11,0876300832,"Продава 2-СТАЕН, град Варна, Левски 1 | 63 кв.м, 4-ти ет. от 4, Ще бъде въведен в експлоатация 2026 г., ВАРНА ЛЕВСКИ - ПАНОРАМЕН ДВУСТАЕН - ТОП ЦЕНА ЗА РАЙОНА - ДВЕ ТЕРАСИ - ГОТОВА СГРАДА ВЯЧЕСЛАВ ХАДЖИ ...",https://www.imot.bg/obiava-1b176426129344222-prodava-dvustaen-apartament-grad-varna-levski-1,https://imotstatic1.focus.bg/imot/photosimotbg/1/222/1b176426129344222_9u.jpg,,NO
апартамент,агенция,Аспарухово,162,179000,1104.94,0889000885,"Продава 2-СТАЕН, град Варна, Аспарухово | 162 кв.м, 3-ти ет. от 7, Въведен в експлоатация 2012 г., ТОПИММО предлага за продажба двустаен апартамент с гледка към морето в престижния комплекс Varna Sou ...",https://www.imot.bg/obiava-1b177572201335414-prodava-dvustaen-apartament-grad-varna-asparuhovo,https://cdn3.focus.bg/imot/photosimotbg/1/414/1b177572201335414_yy.jpg,,NO
апартамент,агенция,Цветен квартал,60,103990,1733.17,0876300832,"Продава 2-СТАЕН, град Варна, Цветен квартал | 60 кв.м, 2-ри ет. от 5, Ще бъде въведен в експлоатация 2026 г., ВАРНА до УЛ.ПРИЛЕП - БЕЗ АНАЛОГ ЗА ДВУСТАЕН АПАРТАМЕНТ - ТОП ЦЕНА -103900 ОТЛИЧЕН ДОСТЪП - СРЕДЕН ...",https://www.imot.bg/obiava-1b177545996419947-prodava-dvustaen-apartament-grad-varna-tsveten-kvartal,https://imotstatic3.focus.bg/imot/photosimotbg/1/947/1b177545996419947_2z.jpg,,NO
апартамент,агенция,Възраждане,65,102990,1584.46,0876300832,"Продава 2-СТАЕН, град Варна, Възраждане 3 | 65 кв.м, 1-ви ет. от 4, Ще бъде въведен в експлоатация 2026 г., ВАРНА ВЪЗРАЖДАНЕ 3 - НАПЪЛНО ОБЗАВЕДЕН ДВУСТАЕН - ЧИСТО НОВ - БЕЗ АНАЛОГ Вячеслав Хаджиоглов - 087 ...",https://www.imot.bg/obiava-1b176579581970958-prodava-dvustaen-apartament-grad-varna-vazrazhdane-3,https://imotstatic3.focus.bg/imot/photosimotbg/1/958/1b176579581970958_Jk.jpg,,NO
апартамент,агенция,Възраждане,101,124990,1237.52,0876300832,"Продава 2-СТАЕН, град Варна, Възраждане 3 | 101 кв.м, 2-ри ет. от 4, Въведен в експлоатация 2026 г., ВЪЗРАЖДАНЕ 3 ПРОСТОРЕН ДВУСТАЕН 101кв.м - СРЕДЕН ЕТАЖ - ГОЛЯМА ТЕРАСА 30кв.м - НОВА СГРАДА АКТ16 ...",https://www.imot.bg/obiava-1b176475343987090-prodava-dvustaen-apartament-grad-varna-vazrazhdane-3,https://cdn3.focus.bg/imot/photosimotbg/1/090/1b176475343987090_QG.jpg,,NO
апартамент,агенция,Бизнес хотел,86,150000,1744.19,0899117009,"Продава 3-СТАЕН, град Варна, Бизнес хотел | 86 кв.м, 12-ти ет. от 12, Въведен в експлоатация, Продава се тристаен апартамент на две нива в централната част на град Варна, в непосредствена близос ...",https://www.imot.bg/obiava-1c178834888928232-prodava-tristaen-apartament-grad-varna-biznes-hotel,https://imotstatic1.focus.bg/imot/photosimotbg/1/232/1c178834888928232_sB.jpg,Нова обява,NO
апартамент,агенция,Младост,69,107900,1563.77,0887222477,"Продава 2-СТАЕН, град Варна, Младост 1 | 69 кв.м, 9-ти ет. от 18, Ще бъде въведен в експлоатация 2028 г., LIONS GROUP представя ЕКСКЛУЗИВНО двустаен апартамент в кв Младост 1. ЦЕНА САМО 107 990 Доказан стро ...",https://www.imot.bg/obiava-1b178333946753091-prodava-dvustaen-apartament-grad-varna-mladost-1,https://imotstatic3.focus.bg/imot/photosimotbg/1/091/1b178333946753091_mW.jpg,,NO
апартамент,агенция,Цветен квартал,82,169000,2060.98,0899117009,"Продава 4-СТАЕН, град Варна, Цветен квартал | 82 кв.м, 8-ми ет. от 8, Въведен в експлоатация 1970 - 1979 г., Предлагаме за продажба четиристаен апартамент с реална чиста площ от 82 кв.м, разположен в поддържан ...",https://www.imot.bg/obiava-1d178834819736126-prodava-chetiristaen-apartament-grad-varna-tsveten-kvartal,https://imotstatic2.focus.bg/imot/photosimotbg/1/126/1d178834819736126_9V.jpg,Нова обява,NO
апартамент,агенция,м-т Ален мак,54,90000,1666.67,0898316898,"Продава 2-СТАЕН, град Варна, м-т Ален мак | 54 кв.м, 1-ви ет. от 3, Въведен в експлоатация 2005 г., РИКОМ БЪЛГАРИЯ предлага просторен двустаен апартамент в четириетажна сграда на 300 м. от морето и пл ...",https://www.imot.bg/obiava-1b178834804040358-prodava-dvustaen-apartament-grad-varna-m-t-alen-mak,https://imotstatic4.focus.bg/imot/photosimotbg/1/358/1b178834804040358_Hi.jpg,Нова обява,NO
къща,агенция,м-т Акчелар,260,519900,1999.62,0897034545,"Продава КЪЩА, град Варна, м-т Акчелар | 260 кв.м, двор 500 кв.м, 3 ет., Ще бъде въведен в експлоатация 2027 г., КОМПЛЕКС ОТ КЪЩИ | М-Т АКЧЕЛАР | ЗАТВОРЕН ТИП | МОРСКА ПАНОРАМА | ВИСОК КЛАС Nexa Homes предлага но ...",https://www.imot.bg/obiava-1j177986597708369-prodava-kashta-grad-varna-m-t-akchelar,https://imotstatic2.focus.bg/imot/photosimotbg/1/369/1j177986597708369_f5.jpg,,NO
апартамент,агенция,Център,95,219900,2314.74,0897034545,"Продава 3-СТАЕН, град Варна, Център | 95 кв.м, 2-ри ет. от 3, Въведен в експлоатация, ОБЗАВЕДЕН!! ПРОСТОРЕН!! ЦЕНТРАЛНА ЛОКАЦИЯ!! Nexa Homes предлага тристаен апартамент, разположен в ц ...",https://www.imot.bg/obiava-1c178784849558967-prodava-tristaen-apartament-grad-varna-tsentar,https://cdn3.focus.bg/imot/photosimotbg/1/967/1c178784849558967_vT.jpg,,NO
апартамент,агенция,Левски,87,156800,1802.3,0897034545,"Продава 3-СТАЕН, град Варна, Левски 1 | 87 кв.м, 3-ти ет. от 11, Ще бъде въведен в експлоатация 2028 г., ПАНОРАМА!! ПРОСТОРЕН!! ГОЛЕМИ ПЛОЩИ!! ПРЕД АКТ 14!! NEXA Homes предлага за продажба тристаен апарта ...",https://www.imot.bg/obiava-1c178731635838967-prodava-tristaen-apartament-grad-varna-levski-1,https://imotstatic3.focus.bg/imot/photosimotbg/1/967/1c178731635838967_AR.jpg,,NO
апартамент,агенция,Победа,62,157000,2532.26,0897034545,"Продава 2-СТАЕН, град Варна, Победа | 62 кв.м, 7-ми ет. от 8, Въведен в експлоатация 2019 г., Nexa Homes Ви предлага напълно обзаведен двустаен апартамент, разположен в затворен комплекс Адам и ...",https://www.imot.bg/obiava-1b178781424838555-prodava-dvustaen-apartament-grad-varna-pobeda,https://imotstatic3.focus.bg/imot/photosimotbg/1/555/1b178781424838555_um.jpg,,NO
апартамент,агенция,Център,76,233000,3065.79,0882691186,"Продава 2-СТАЕН, град Варна, Център | 76 кв.м, Сливница 50, 2-ри ет. от 11, Газ, Ще бъде въведен в експлоатация 2027 г., Планекс Пропърти продава двустаен апартамент в Центъра на булевард Сливница 50 Апартаментът се нами ...",https://www.imot.bg/obiava-1b177918021845870-prodava-dvustaen-apartament-grad-varna-tsentar-slivnitsa-50,https://imotstatic4.focus.bg/imot/photosimotbg/1/870/1b177918021845870_RW.jpg,,NO
апартамент,агенция,Владислав Варненчик,60,66000,1100.0,0897034545,"Продава 2-СТАЕН, град Варна, Владислав Варненчик 1 | 60 кв.м, 1-ви ет. от 5, Ще бъде въведен в експлоатация 2028 г., НОВ ПРОЕКТ ВЪВ ВЛАДИСЛАВ ВАРНЕНЧИК! АПАРТАМЕНТИ ОТ САМО 1100 евро /КВ.М! Търсите изгоден имот във В ...",https://www.imot.bg/obiava-1b177925482149808-prodava-dvustaen-apartament-grad-varna-vladislav-varnenchik-1,https://imotstatic3.focus.bg/imot/photosimotbg/1/808/1b177925482149808_ej.jpg,,NO
апартамент,агенция,Левски,31,88800,2864.52,0897034545,"Продава 1-СТАЕН, град Варна, Левски 1 | 31 кв.м, 4-ти ет. от 11, Ще бъде въведен в експлоатация 2028 г., NEXA Homes предлага за продажба едностаен апартамент в новострояща се жилищна сграда, разположена в ...",https://www.imot.bg/obiava-1a178731656201519-prodava-ednostaen-apartament-grad-varna-levski-1,https://imotstatic2.focus.bg/imot/photosimotbg/1/519/1a178731656201519_3l.jpg,,NO
апартамент,агенция,Аспарухово,105,163500,1557.14,0894625282,"Продава 3-СТАЕН, град Варна, Аспарухово | 105 кв.м, 6-ти ет. от 7, Ще бъде въведен в експлоатация 2026 г., ЕКСКЛУЗИВНО! ТРИСТАЕН ЮЖЕН АПАРТАМЕНТ В НОВ К-С АКВА ВИСТА ПАРК. ЕРА Варна Тренд предлага за продажб ...",https://www.imot.bg/obiava-1c178834680214436-prodava-tristaen-apartament-grad-varna-asparuhovo,https://imotstatic1.focus.bg/imot/photosimotbg/1/436/1c178834680214436_sD.jpg,Нова обява,NO
апартамент,агенция,Бриз,147,283500,1928.57,0899704949,"Продава 3-СТАЕН, град Варна, Бриз | 147 кв.м, 1-ви ет. от 5, Ще бъде въведен в експлоатация 2026 г., МОРСКА ПАНОРАМА! НОВА ЛУКСОЗНА СГРАДА С ОТЛИЧНА ЛОКАЦИЯ! ИЗЦЯЛО ЮЖЕН! Файв Старс недвижими имоти пре ...",https://www.imot.bg/obiava-1c173986832433067-prodava-tristaen-apartament-grad-varna-briz,https://imotstatic3.focus.bg/imot/photosimotbg/1/067/1c173986832433067_O0.jpg,,NO
апартамент,агенция,Кайсиева градина,61,72900,1195.08,0899704949,"Продава 2-СТАЕН, град Варна, Кайсиева градина | 61 кв.м, 4-ти ет. от 9, Ще бъде въведен в експлоатация 2027 г., ДВУСТАЕН АПАРТАМЕНТ В НОВОСТРОЯЩА СЕ СГРАДА! ДНЕВЕН ТРАКТ - 21кв.м - СПАЛНЯ - 11кв.м. чиста площ на ...",https://www.imot.bg/obiava-1b178308153178430-prodava-dvustaen-apartament-grad-varna-kaysieva-gradina,https://cdn3.focus.bg/imot/photosimotbg/1/430/1b178308153178430_YW.jpg,,NO
парцел,агенция,м-т Боровец - север,1054,89000,84.44,0897993718,"Продава ПАРЦЕЛ, град Варна, м-т Боровец - север | 1054 кв.м, Регулация, Ток, Вода, Реф. 1264 КОМПАНИЯ ХОУМ ПОЙНТ предлагает к продаже ровный участок площадью 1054 кв. м, расположен ...",https://www.imot.bg/obiava-1r178004663155315-prodava-partsel-grad-varna-m-t-borovets-sever,https://imotstatic2.focus.bg/imot/photosimotbg/1/315/1r178004663155315_jh.jpg,,NO
къща,агенция,м-т Ален мак,424,500000,1179.25,0893477699,"Продава КЪЩА, град Варна, м-т Ален мак | 424 кв.м, двор 550 кв.м, Въведен в експлоатация 2015 г., ИМОТИ ТРИУМФ предлага за продажба луксозна самостоятелна къща с морска панорама в м-т Ален мак, гр. ...",https://www.imot.bg/obiava-1j178583575748962-prodava-kashta-grad-varna-m-t-alen-mak,https://imotstatic4.focus.bg/imot/photosimotbg/1/962/1j178583575748962_bo.jpg,,NO
апартамент,агенция,Цветен квартал,66,116900,1771.21,0877935798,"Продава 2-СТАЕН, град Варна, Цветен квартал | 66 кв.м, 5-ти ет. от 11, Ще бъде въведен в експлоатация 2027 г., Имотен Център Варна представя двустаен апартамент в Цветен Квартал! Цена: 116 900 Строителство: Ту ...",https://www.imot.bg/obiava-1b178834624263237-prodava-dvustaen-apartament-grad-varna-tsveten-kvartal,https://imotstatic4.focus.bg/imot/photosimotbg/1/237/1b178834624263237_pu.jpg,Нова обява,NO
апартамент,агенция,ХЕИ,67,124990,1865.52,0888550593,"Продава 2-СТАЕН, град Варна, ХЕИ | 67 кв.м, 3-ти ет. от 7, Ще бъде въведен в експлоатация 2026 г., 🔥ЗА КОНТАКТ : НЕДЕЛЧО СТОЯНОВ 🔥 ✅ДВУСТАЕН АПАРТАМЕНТ НА ТОП ЦЕНА ...",https://www.imot.bg/obiava-1b178834617485404-prodava-dvustaen-apartament-grad-varna-hei,https://imotstatic2.focus.bg/imot/photosimotbg/1/404/1c178834617485404_oJ.jpg,Нова обява,NO
апартамент,агенция,ХЕИ,99,189900,1918.18,0888550593,"Продава 3-СТАЕН, град Варна, ХЕИ | 99 кв.м, 5-ти ет. от 7, Ще бъде въведен в експлоатация 2026 г., 🔥ЗА КОНТАКТ : НЕДЕЛЧО СТОЯНОВ 🔥 ✅СТРАХОТЕН ТРИСТАЕН АПАРТАМЕНТ & ...",https://www.imot.bg/obiava-1c178834602589344-prodava-tristaen-apartament-grad-varna-hei,https://imotstatic2.focus.bg/imot/photosimotbg/1/344/1c178834602589344_kY.jpg,Нова обява,NO
апартамент,агенция,к.к. Златни пясъци,92,129000,1402.17,0888797275,"Продава 2-СТАЕН, град Варна, к.к. Златни пясъци | 92 кв.м, 3-ти ет. от 6, Въведен в експлоатация 2018 г., Продава се напълно обзаведен двустаен апартамент в к.к. Златни пясъци. Голямо предимство на сградата ...",https://www.imot.bg/obiava-1b178041061311504-prodava-dvustaen-apartament-grad-varna-k-k-zlatni-pyasatsi,https://imotstatic1.focus.bg/imot/photosimotbg/1/504/1b178041061311504_Sk.jpg,,NO
парцел,агенция,м-т Зеленика,1030,125000,121.36,0884030464,"Продава ПАРЦЕЛ, град Варна, м-т Зеленика | 1030 кв.м, ПУП започнат, Регулация, Ток, Вода, 🏡 ЛОГО ХОУМ ПРЕДСТАВЯ ПАНОРАМЕН ПАРЦЕЛ В М-Т ЗЕЛЕНИКА, ГР. ВАРНА 🌊 ПАНОРАМНА ГЛЕДКА ...",https://www.imot.bg/obiava-1r178538773824316-prodava-partsel-grad-varna-m-t-zelenika-pup-zapochnat,https://cdn3.focus.bg/imot/photosimotbg/1/316/1r178538773824316_jP.jpg,,NO
парцел,агенция,м-т Прибой,950,99000,104.21,0884030464,"Продава ПАРЦЕЛ, град Варна, м-т Прибой | 950 кв.м, ПУП 50м. от спирка, Регулация, 🌊 ЛОГО ХОУМ Ви представя! 📍 ПРИБОЙ, гр. Варна място, където всяка сутрин започва ...",https://www.imot.bg/obiava-1r177031252740283-prodava-partsel-grad-varna-m-t-priboy-pup-50m-ot-spirka,https://imotstatic4.focus.bg/imot/photosimotbg/1/283/1r177031252740283_4W.jpg,,NO
парцел,агенция,м-т Ален мак,1100,239990,218.17,0884030464,"Продава ПАРЦЕЛ, град Варна, м-т Ален мак | 1100 кв.м, 500м. от ПЕТЪР ПОПОВ, Регулация, Ток, Вода, 🏡 ЛОГО ХОУМ има удоволствието да Ви представи 🌿 ПАРЦЕЛ С ПУП-ПРЗ В АЛЕН МАК, ВАРН ...",https://www.imot.bg/obiava-1r178067103139769-prodava-partsel-grad-varna-m-t-alen-mak-500m-ot-petar-popov,https://imotstatic3.focus.bg/imot/photosimotbg/1/769/1r178067103139769_lr.jpg,,NO
апартамент,агенция,Възраждане,65,139990,2153.69,0875363330,"Продава 2-СТАЕН, град Варна, Възраждане 1 | 65 кв.м, 4-ти ет. от 10, Въведен в експлоатация 2026 г., СГРАДА С АКТ 16!! СРЕДЕН ЕТАЖ!! ЮГОИЗТОЧЕН!! Представяме Ви просторен двустаен апартамент в сграда ...",https://www.imot.bg/obiava-1b178487114351258-prodava-dvustaen-apartament-grad-varna-vazrazhdane-1,https://cdn3.focus.bg/imot/photosimotbg/1/258/1b178487114351258_RI.jpg,,NO
апартамент,агенция,к.к. Чайка,137,245000,1788.32,0875363320,"Продава 3-СТАЕН, град Варна, к.к. Чайка | 137 кв.м, 2-ри ет. от 7, Въведен в експлоатация 2020 г., ПРОСТОРЕН! ГЛЕДКА МОРЕ! ГОТОВ ЗА НАНАСЯНЕ! INCLUSIVE Варна има удоволствието да Ви представи обза ...",https://www.imot.bg/obiava-1c178291330079187-prodava-tristaen-apartament-grad-varna-k-k-chayka,https://imotstatic1.focus.bg/imot/photosimotbg/1/187/1c178291330079187_C4.jpg,,NO
апартамент,агенция,к.к. Златни пясъци,121,270000,2231.4,0875375614,"Продава 3-СТАЕН, град Варна, к.к. Златни пясъци | 121 кв.м, 5-ти ет. от 7, Въведен в експлоатация 2020 г., 465336 Очаквайте скоро тази оферта да бъде обявена официално. В момента изясняваме всички параметри ...",https://www.imot.bg/obiava-1c178834458547904-prodava-tristaen-apartament-grad-varna-k-k-zlatni-pyasatsi,https://imotstatic1.focus.bg/imot/photosimotbg/1/904/1c178834458547904_43.jpg,Нова обява,NO
къща,агенция,Колхозен пазар,48,74990,1562.29,0884030464,"Продава КЪЩА, град Варна, Колхозен пазар | 48 кв.м, двор 68 кв.м, Въведен в експлоатация 1970 - 1979 г., 🏡🔥 ТОП ИНВЕСТИЦИЯ ВЪВ ВАРНА | КЪЩА + ДВОР | 75 000 🔥 📍 КОЛХОЗЕН П ...",https://www.imot.bg/obiava-1j178834450633469-prodava-kashta-grad-varna-kolhozen-pazar,https://imotstatic3.focus.bg/imot/photosimotbg/1/469/1j178834450633469_Ah.jpg,Нова обява,NO
апартамент,агенция,Център,101,219000,2168.32,0988170819,"Продава 3-СТАЕН, град Варна, Център | 101 кв.м, 2-ри ет. от 3, Въведен в експлоатация, Агенция SUPRIMMO: www.suprimmo.bg Представяме тристаен апартамент, разположен в сърцето на Варна л ...",https://www.imot.bg/obiava-1c178093093058145-prodava-tristaen-apartament-grad-varna-tsentar,https://imotstatic2.focus.bg/imot/photosimotbg/1/145/1c178093093058145_HT.jpg,,NO
друго,частно лице,Варна,,,,,"Манекен и инфлуенсър ли е Андрей Гюров?, Варна | преди 23 часа и 31 минути",https://fakti.bg/collision/4113-maneken-i-influensar-li-e-andrey-gyurov-,https://cdn4.focus.bg/fakti/collisions/745/maneken-i-influensar-li-e-andrey-gyurov-_msmall-3.jpg,,NO
къща,агенция,м-т Евксиноград,450,1190000,2644.44,0988154553,"Продава КЪЩА, град Варна, м-т Евксиноград | 450 кв.м, двор 836 кв.м, Въведен в експлоатация, LUXIMMO FINEST ESTATES: www.luximmo.bg НАМАЛЕНА ЦЕНА. Луксозна къща в сърцето на м-т Евксиноград ...",https://www.imot.bg/obiava-1j177194893773634-prodava-kashta-grad-varna-m-t-evksinograd,https://cdn3.focus.bg/imot/photosimotbg/1/634/1j177194893773634_IB.jpg,,YES
къща,агенция,м-т Манастирски рид,198,500000,2525.25,0988154553,"Продава КЪЩА, град Варна, м-т Манастирски рид | 198 кв.м, двор 1142 кв.м, Въведен в експлоатация, LUXIMMO FINEST ESTATES: www.luximmo.bg Впечатляваща къща с панорамна гледка в м-т Манастирски рид, б ...",https://www.imot.bg/obiava-1j177687018026988-prodava-kashta-grad-varna-m-t-manastirski-rid,https://imotstatic1.focus.bg/imot/photosimotbg/1/988/1j177687018026988_gE.jpg,,NO
апартамент,агенция,к.к. Св.Св. Константин и Елена,265,,,0988154553,"Продава 4-СТАЕН, град Варна, к.к. Св.Св. Константин и Елена | 265 кв.м, 4-ти ет. от 6, Въведен в експлоатация, LUXIMMO FINEST ESTATES: www.luximmo.bg Представяме изключителен дизайнерски имот за продажба в един ...",https://www.imot.bg/obiava-1d175691166784129-prodava-chetiristaen-apartament-grad-varna-k-k-sv-sv-konstantin-i-elena,https://imotstatic2.focus.bg/imot/photosimotbg/1/129/1d175691166784129_Nf.jpg,,NO
апартамент,агенция,м-т Долна Трака,158,317000,2006.33,0988154553,"Продава 3-СТАЕН, град Варна, м-т Долна Трака | 158 кв.м, 4-ти ет. от 4, Въведен в експлоатация, LUXIMMO FINEST ESTATES: www.luximmo.bg Пентхаус с впечатляваща морска панорама. Представяме забеле ...",https://www.imot.bg/obiava-1c178119009671889-prodava-tristaen-apartament-grad-varna-m-t-dolna-traka,https://cdn3.focus.bg/imot/photosimotbg/1/889/1c178119009671889_4e.jpg,,NO
апартамент,агенция,Свети Никола,81,165000,2037.04,0875363330,"Продава 2-СТАЕН, град Варна, Свети Никола | 81 кв.м, 1-ви ет. от 5, Въведен в експлоатация 2016 г., !!НАПЪЛНО ОБЗАВЕДЕН!!ГОТОВ ЗА ЖИВЕЕНЕ!!ГОЛЕМИ СТАИ!! Представяме Ви слънчев двустаен апартамент в т ...",https://www.imot.bg/obiava-1b178834357436092-prodava-dvustaen-apartament-grad-varna-sveti-nikola,https://imotstatic3.focus.bg/imot/photosimotbg/1/092/1b178834357436092_mL.jpg,Нова обява,NO
къща,агенция,Свети Никола,240,890000,3708.33,0887222477,"Продава КЪЩА, град Варна, Свети Никола | 240 кв.м, двор 650 кв.м, 1 ет., Въведен в експлоатация 2023 г., 🦁НОВА ЕКСКЛУЗИВНА КЪЩА ЗА ПРОДАЖБА САМО ОТ ЛАЙЪНС ГРУП 🦁 🏡 НОВА НАПЪЛНО ОБЗ ...",https://www.imot.bg/obiava-1j178582627399756-prodava-kashta-grad-varna-sveti-nikola,https://cdn3.focus.bg/imot/photosimotbg/1/756/1j178582627399756_V.jpg,,NO
апартамент,агенция,к.к. Златни пясъци,59,89000,1508.47,0894834190,"Продава 2-СТАЕН, град Варна, к.к. Златни пясъци | 59 кв.м, 3-ти ет. от 8, Въведен в експлоатация, Предлагаме ви ексклузивно за продажба просторен двустаен апартамент, разположен в затворен комплекс ...",https://www.imot.bg/obiava-1b178834241683220-prodava-dvustaen-apartament-grad-varna-k-k-zlatni-pyasatsi,https://imotstatic2.focus.bg/imot/photosimotbg/1/220/1b178834241683220_19.jpg,Нова обява,NO
къща,агенция,Виница,271,395000,1457.56,0894834190,"Продава КЪЩА, град Варна, Виница | 271 кв.м, двор 799 кв.м, Въведен в експлоатация 2010 г., Предлагаме ви за продажба стилна и функционална къща, разположена в една от най-зелените и спокойни ...",https://www.imot.bg/obiava-1j174135044460158-prodava-kashta-grad-varna-vinitsa,https://imotstatic4.focus.bg/imot/photosimotbg/1/158/1j174135044460158_hS.jpg,,NO
апартамент,агенция,Кайсиева градина,84,131000,1559.52,0875375162,"Продава 3-СТАЕН, град Варна, Кайсиева градина | 84 кв.м, 9-ти ет. от 12, Ще бъде въведен в експлоатация 2027 г., 465335 Продавам нов тристаен апартамент пред Акт 14 в жк. Кайсиева градина, в близост до бул. Трети ...",https://www.imot.bg/obiava-1c178834098573155-prodava-tristaen-apartament-grad-varna-kaysieva-gradina,https://imotstatic4.focus.bg/imot/photosimotbg/1/155/1c178834098573155_M2.jpg,Нова обява,NO
апартамент,агенция,Виница,68,129000,1897.06,0878606185,"Продава 2-СТАЕН, град Варна, Виница | 68 кв.м, 3-ти ет. от 5, Ще бъде въведен в експлоатация 2027 г., Предлагаме ви двустаен тухлен апартамент за продажба в района на Виница. Имота е разположен на трети ...",https://www.imot.bg/obiava-1b177858039614299-prodava-dvustaen-apartament-grad-varna-vinitsa,https://cdn3.focus.bg/imot/photosimotbg/1/299/1b177858039614299_qI.jpg,,NO
апартамент,агенция,Галата,82,160000,1951.22,0897363957,"Продава 3-СТАЕН, град Варна, Галата | 82 кв.м, 2-ри ет. от 4, Въведен в експлоатация 2023 г., КОМУНИКАТИВНА ЛОКАЦИЯ, НОВА СГРАДА С АКТ 16, ТРИСТАЕН АПАРТАМЕНТ ГОТОВ ЗА ОБЗАВЕЖДАНЕ! АНИ-БО недви ...",https://www.imot.bg/obiava-1c178040254091493-prodava-tristaen-apartament-grad-varna-galata,https://cdn3.focus.bg/imot/photosimotbg/1/493/1c178040254091493_V2.jpg,,NO
парцел,агенция,м-т Сотира,2428,172000,70.84,0879590047,"Продава ПАРЦЕЛ, град Варна, м-т Сотира | 2428 кв.м, Регулация, Ток, Вода, !! Ексклузивно от Имоти Премиер !! Представяме на вашето внимание парцел с изключителен потенциал з ...",https://www.imot.bg/obiava-1r177623882121743-prodava-partsel-grad-varna-m-t-sotira,https://imotstatic3.focus.bg/imot/photosimotbg/1/743/1r177623882121743_eO.jpg,,NO
апартамент,агенция,Колхозен пазар,28,67900,2425.0,0879590047,"Продава 2-СТАЕН, град Варна, Колхозен пазар | 28 кв.м, До Била, Партер от 6, Въведен в експлоатация 2008 г., Имоти Премиер представя на вашето внимание напълно обзаведен двустаен апартамент в района на Колхозе ...",https://www.imot.bg/obiava-1b178575321421854-prodava-dvustaen-apartament-grad-varna-kolhozen-pazar-do-bila,https://imotstatic4.focus.bg/imot/photosimotbg/1/854/1b178575321421854_im.jpg,,NO
апартамент,агенция,Левски,86,158700,1845.35,0879579525,"Продава 2-СТАЕН, град Варна, Левски 1 | 86 кв.м, Терапията, 5-ти ет. от 7, Ще бъде въведен в експлоатация 2026 г., IMOPOLY продава нов, двустаен апартамент пред АКТ 16 с възможност за ипотечно кредитиране. Сградата ...",https://www.imot.bg/obiava-1b178833910556402-prodava-dvustaen-apartament-grad-varna-levski-1-terapiyata,https://imotstatic4.focus.bg/imot/photosimotbg/1/402/1b178833910556402_wl.jpg,Нова обява,NO
апартамент,агенция,Левски,44,134680,3060.91,0887222477,"Продава 2-СТАЕН, град Варна, Левски 1 | 44 кв.м, 3-ти ет. от 5, Въведен в експлоатация 2005 г., ЕКСКЛУЗИВЕН ИМОТ !!! СРЕДЕН ЕТАЖ !!! ТОП ЛОКАЦИЯ !!! КЛЮЧ В АГЕНЦИЯТА !!! Лайънс груп недвижими имо ...",https://www.imot.bg/obiava-1b177978780488752-prodava-dvustaen-apartament-grad-varna-levski-1,https://imotstatic3.focus.bg/imot/photosimotbg/1/752/1b177978780488752_Fe.jpg,,NO
апартамент,агенция,Операта,100,240000,2400.0,0899138972,"Продава 4-СТАЕН, град Варна, Операта | 100 кв.м, 1-ви ет. от 2, Въведен в експлоатация, Предлагаме за продажба изключително атрактивен имот, разположен в самото сърце на града - в непосред ...",https://www.imot.bg/obiava-1d178833836657110-prodava-chetiristaen-apartament-grad-varna-operata,https://imotstatic2.focus.bg/imot/photosimotbg/1/110/1d178833836657110_UZ.jpg,Нова обява,NO
апартамент,агенция,Владислав Варненчик,116,127314,1097.53,0888328740,"Продава 3-СТАЕН, град Варна, Владислав Варненчик 1 | 116 кв.м, 2-ри ет. от 9, Ще бъде въведен в експлоатация 2028 г., НОВО КАЧЕСТВЕНО СТРОИТЕЛСТВО!!! СГРАДА РАЗПОЛОЖЕНА В НАЙ- ХУБАВА ЧАСТ НА КВАРТАЛ ВЛАДИСЛАВ ВАРНЕНЧИК ...",https://www.imot.bg/obiava-1c173047767790882-prodava-tristaen-apartament-grad-varna-vladislav-varnenchik-1,https://imotstatic2.focus.bg/imot/photosimotbg/1/882/1c173047767790882_XU.jpg,,NO
апартамент,агенция,Централна поща,41,149900,3656.1,0877240260,"Продава 2-СТАЕН, град Варна, Централна поща | 41 кв.м, 4-ти ет. от 10, Въведен в експлоатация 2010 г., ПРЕСТИЖЕН ДВУСТАЕН ИМОТ В СЪРЦЕТО НА ВАРНА СИГУРНА ИНВЕСТИЦИЯ С ДОКАЗАН ПОТЕНЦИАЛ 🏡 43 м& ...",https://www.imot.bg/obiava-1b178833822544411-prodava-dvustaen-apartament-grad-varna-tsentralna-poshta,https://cdn3.focus.bg/imot/photosimotbg/1/411/1b178833822544411_2V.jpg,Нова обява,NO
апартамент,агенция,Кайсиева градина,74,99811,1348.8,0888328740,"Продава 3-СТАЕН, град Варна, Кайсиева градина | 74 кв.м, 2-ри ет. от 9, Ще бъде въведен в експлоатация 2029 г., НОВО !!! МОДЕРНО !!! ВИСОКОКАЧЕСТВЕННО СТРОИТЕЛСТВО !!! ВЪЗМОЖНОСТ ЗА ИЗБОР НА РАЗЛИЧНИ ОБЕКТИ!!! Аг ...",https://www.imot.bg/obiava-1c178340904584378-prodava-tristaen-apartament-grad-varna-kaysieva-gradina,https://imotstatic2.focus.bg/imot/photosimotbg/1/378/1c178340904584378_IB.jpg,,NO
апартамент,агенция,Владислав Варненчик,89,120677,1355.92,0893236377,"Продава 3-СТАЕН, град Варна, Владислав Варненчик 1 | 89 кв.м, 5-ти ет. от 7, Ще бъде въведен в експлоатация 2028 г., НАЙ- ИЗГОДНА ЦЕНА ЗА РАЙОНА! НОВО, КАЧЕСТВЕНО СТРОИТЕЛСТВО! СГРАДА РАЗПОЛОЖЕНА В НАЙ- ХУБАВАТА ЧАСТ ...",https://www.imot.bg/obiava-1c178092145321631-prodava-tristaen-apartament-grad-varna-vladislav-varnenchik-1,https://imotstatic2.focus.bg/imot/photosimotbg/1/631/1c178092145321631_ug.jpg,,NO
апартамент,агенция,Чайка,98,228990,2336.63,0893236377,"Продава 3-СТАЕН, град Варна, Чайка | 98 кв.м, До Фратели, 4-ти ет. от 5, Въведен в експлоатация 1994 г., Нов Век недвижими имоти предлага за продажба просторен, тристаен апартамент, тухлено строителство в ...",https://www.imot.bg/obiava-1c178091769980166-prodava-tristaen-apartament-grad-varna-chayka-do-frateli,https://imotstatic1.focus.bg/imot/photosimotbg/1/166/1c178091769980166_LX.jpg,,NO
апартамент,агенция,Спортна зала,90,182000,2022.22,0899999083,"Продава 4-СТАЕН, град Варна, Спортна зала | 90 кв.м, Партер от 5, Въведен в експлоатация 2007 г., ГОТОВ ЗА НАНАСЯНЕ! ОБЗАВЕДЕН! ТОП ЛОКАЦИЯ ДО СПОРТНА ЗАЛА! Предлагаме Ви просторен четиристаен апар ...",https://www.imot.bg/obiava-1d178591535311337-prodava-chetiristaen-apartament-grad-varna-sportna-zala,https://cdn3.focus.bg/imot/photosimotbg/1/337/1d178591535311337_2c.jpg,,NO
апартамент,агенция,Аспарухово,123,177000,1439.02,0884551510,"Продава 3-СТАЕН, град Варна, Аспарухово | 123 кв.м, 1-ви ет. от 6, Въведен в експлоатация 2018 г., Представяме Просторен Тристаен апартамент + Паркомясто в престижния комплекс Varna South Bay Beach R ...",https://www.imot.bg/obiava-1c178540593399594-prodava-tristaen-apartament-grad-varna-asparuhovo,https://imotstatic1.focus.bg/imot/photosimotbg/1/594/1c178540593399594_IQ.jpg,,NO
гараж,агенция,Трошево,224,120000,535.71,0898527525,"Продава ГАРАЖ, град Варна, Трошево | 224 кв.м, до Пфое МОЛ, ниво -1 от 4, ЕКСКЛУЗИВ! ПОДЗЕМЕН ПАРКИНГ за 5-7 автомобила.Пешеходен вход с асансьор и вход с рампа и дистанцион ...",https://www.imot.bg/obiava-1o125500739124408-prodava-garazh-parkomyasto-grad-varna-troshevo-do-pfoe-mol,https://imotstatic4.focus.bg/imot/photosimotbg/1/408/1o125500739124408_OM.jpg,,NO
гараж,агенция,Колхозен пазар,13,22000,1692.31,0888894799,"Продава ПАРКОМЯСТО, град Варна, Колхозен пазар | 13 кв.м, Партер от 6, Продава се дворно паркомясто. Удобен достъп. Подходящо както за лично ползване, така и за инвестиция ...",https://www.imot.bg/obiava-1o177493898967987-prodava-garazh-parkomyasto-grad-varna-kolhozen-pazar,https://cdn3.focus.bg/imot/photosimotbg/1/987/1o177493898967987_zt.jpg,,NO
апартамент,агенция,Аспарухово,90,144000,1600.0,0899707807,"Продава 2-СТАЕН, град Варна, Аспарухово | 90 кв.м, 7-ми ет. от 8, Въведен в експлоатация 2024 г., СМЕНИ АДРЕСА предлага да станете собственик на чисто ново обзаведен двустаен апартамент в тухлена сг ...",https://www.imot.bg/obiava-1b178833321917716-prodava-dvustaen-apartament-grad-varna-asparuhovo,https://cdn3.focus.bg/imot/photosimotbg/1/716/1b178833321917716_AY.jpg,Нова обява,NO
апартамент,агенция,Владислав Варненчик,60,113000,1883.33,0879236303,"Продава 2-СТАЕН, град Варна, Владислав Варненчик 1 | 60 кв.м, бл.7, 1-ви ет. от 8, Въведен в експлоатация, Предлагаме Ви за продажба апартамент с три отделни стаи, разположен в една от най-предпочитаните час ...",https://www.imot.bg/obiava-1b177788715835050-prodava-dvustaen-apartament-grad-varna-vladislav-varnenchik-1-bl-7,https://imotstatic2.focus.bg/imot/photosimotbg/1/050/1b177788715835050_9j.jpg,,NO
апартамент,агенция,Кайсиева градина,59,109500,1855.93,0894625282,"Продава 2-СТАЕН, град Варна, Кайсиева градина | 59 кв.м, 9-ти ет. от 9, Въведен в експлоатация 2025 г., ЕКСКЛУЗИВНО! ДВУСТАЕН АПАРТАМЕНТ В К-С ГАРДЪН РЕЗИДЕНС, С АКТ 16, НА 100 М ОТ БУЛ. ТРЕТИ МАРТ. ЕРА В ...",https://www.imot.bg/obiava-1b177860522297953-prodava-dvustaen-apartament-grad-varna-kaysieva-gradina,https://imotstatic3.focus.bg/imot/photosimotbg/1/953/1b177860522297953_5G.jpg,,NO
апартамент,агенция,Галата,61,132000,2163.93,0894625282,"Продава 2-СТАЕН, град Варна, Галата | 61 кв.м, 2-ри ет. от 4, Въведен в експлоатация 2010 г., НОВА, НАМАЛЕНА ЦЕНА! ЕКСКЛУЗИВНО! ДВУСТАЕН, ЗАВЪРШЕН ДО КЛЮЧ АПАРТАМЕНТ, ЮГ/ЗАПАД, С ПАРКОМЯСТО, В Т ...",https://www.imot.bg/obiava-1b177860495097435-prodava-dvustaen-apartament-grad-varna-galata,https://imotstatic1.focus.bg/imot/photosimotbg/1/435/1b177860495097435_BB.jpg,,YES
апартамент,агенция,Кайсиева градина,105,139500,1328.57,0878615408,"Продава 3-СТАЕН, град Варна, Кайсиева градина | 105 кв.м, 3-ти ет. от 4, Въведен в експлоатация 2026 г., Матекс Имоти предлага ЕКСКЛУЗИВНО четиристаен апартамент. Имотът е разположен на среден етаж в четир ...",https://www.imot.bg/obiava-1c177565125711251-prodava-tristaen-apartament-grad-varna-kaysieva-gradina,https://imotstatic2.focus.bg/imot/photosimotbg/1/251/1c177565125711251_3F.jpg,,NO
търговски,агенция,Кайсиева градина,168,175000,1041.67,0898817392,"Продава МАГАЗИН, град Варна, Кайсиева градина | 168 кв.м, Партер от 6, Въведен в експлоатация 2021 г., СМЕНИ АДРЕСА ПРЕДЛАГА! ТЪРГОВСКО ПОМЕЩЕНИЕ С ПЛОЩ ОТ 168 кв.м. в нова тухлена сграда въведена в екс ...",https://www.imot.bg/obiava-1l170714944982721-prodava-magazin-grad-varna-kaysieva-gradina,https://imotstatic1.focus.bg/imot/photosimotbg/1/721/1l170714944982721_OX.jpg,,NO
парцел,агенция,м-т Ракитника,3833,395000,103.05,0894407727,"Продава ПАРЦЕЛ, град Варна, м-т Ракитника | 3833 кв.м, Регулация, Ток, Вода, ID 5564 - Виза за проектиране, ПУП, ПАНОРАМА, ТОК, ВОДА, ЪГЛОВ ИМОТ С ПРАВОЪГЪЛНА ФОРМА! Парцел в ме ...",https://www.imot.bg/obiava-1r175204647895458-prodava-partsel-grad-varna-m-t-rakitnika,https://imotstatic2.focus.bg/imot/photosimotbg/1/458/1r175204647895458_4s.jpg,,NO
апартамент,агенция,Владислав Варненчик,118,154810,1311.95,0898817392,"Продава 3-СТАЕН, град Варна, Владислав Варненчик 2 | 118 кв.м, 6-ти ет. от 7, Въведен в експлоатация 2026 г., Агенция Смени адреса предлага за продажба изключително атрактивен апартамент в новопостроена жилищ ...",https://www.imot.bg/obiava-1c178524406227166-prodava-tristaen-apartament-grad-varna-vladislav-varnenchik-2,https://imotstatic2.focus.bg/imot/photosimotbg/1/166/1c178524406227166_3.jpg,,NO
апартамент,агенция,Колхозен пазар,69,139999,2028.97,0886553555,"Продава 2-СТАЕН, град Варна, Колхозен пазар | 69 кв.м, пазара, 4-ти ет. от 6, Газ, Въведен в експлоатация 2026 г., акт 14 паркомясто - 29999 възможен БАРТЕР",https://www.imot.bg/obiava-1b178215769826085-prodava-dvustaen-apartament-grad-varna-kolhozen-pazar-pazara,https://cdn3.focus.bg/imot/photosimotbg/1/085/1b178215769826085_lV.jpg,,NO
апартамент,агенция,Окръжна болница-Генерали,120,319800,2665.0,0899655555,"Продава МНОГОСТАЕН, град Варна, Окръжна болница-Генерали | 120 кв.м, 6-ти ет. от 7, Въведен в експлоатация 2008 г., ЕКСКЛУЗИВНО! ЕРА Вива продава просторен, многостаен апартамент на бул. Цар Освободител 63, гр. Варна ...",https://www.imot.bg/obiava-1e178291011909096-prodava-mnogostaen-apartament-grad-varna-okrazhna-bolnitsa-generali,https://cdn3.focus.bg/imot/photosimotbg/1/096/1e178291011909096_d2.jpg,,NO
апартамент,агенция,к.к. Св.Св. Константин и Елена,106,350000,3301.89,0885002989,"Продава 3-СТАЕН, град Варна, к.к. Св.Св. Константин и Елена | 106 кв.м, 4-ти ет. от 6, Въведен в експлоатация 2024 г., Само от Хоум Инвестмънт! Предлагаме за продажба напълно обзаведен и изцяло оборудван тристаен апарт ...",https://www.imot.bg/obiava-1c177503022123567-prodava-tristaen-apartament-grad-varna-k-k-sv-sv-konstantin-i-elena,https://cdn3.focus.bg/imot/photosimotbg/1/567/1c177503022123567_X0.jpg,,NO
апартамент,агенция,Колхозен пазар,74,155000,2094.59,0885002989,"Продава 3-СТАЕН, град Варна, Колхозен пазар | 74 кв.м, 3-ти ет. от 4, Въведен в експлоатация 2003 г., Само от Хоум Инвестмънт! Продава се функционален тристаен апартамент, разположен в тухлена сграда на ...",https://www.imot.bg/obiava-1c178832913377089-prodava-tristaen-apartament-grad-varna-kolhozen-pazar,https://imotstatic1.focus.bg/imot/photosimotbg/1/089/1c178832913377089_5X.jpg,Нова обява,NO
апартамент,агенция,Колхозен пазар,54,126900,2350.0,0885002989,"Продава 2-СТАЕН, град Варна, Колхозен пазар | 54 кв.м, БИЛА, 4-ти ет. от 5, Въведен в експлоатация 2003 г., Само от Хоум Инвестмънт! Продава се обзаведен двустаен апартамент в района на Колхозен пазар, разпо ...",https://www.imot.bg/obiava-1b178832840015261-prodava-dvustaen-apartament-grad-varna-kolhozen-pazar-bila,https://imotstatic4.focus.bg/imot/photosimotbg/1/261/1b178832840015261_Je.jpg,Нова обява,NO
апартамент,агенция,Колхозен пазар,100,109190,1091.9,0887222477,"Продава 3-СТАЕН, град Варна, Колхозен пазар | 100 кв.м, 3-ти ет. от 6, Ще бъде въведен в експлоатация 2027 г., #ЦЕНИ ОТ 1100Е/м2! #ЦЕНИ ЗА ДВУСТАЕН ОТ 68 350Е ! #ЦЕНИ ЗА ТРИСТАЕН ОТ 109 200Е ! #ПАРКОМЕСТА/ГАРАЖИ ...",https://www.imot.bg/obiava-1c178369074416311-prodava-tristaen-apartament-grad-varna-kolhozen-pazar,https://imotstatic4.focus.bg/imot/photosimotbg/1/311/1c178369074416311_Vx.jpg,,NO
апартамент,агенция,Възраждане,69,85990,1246.23,0887222477,"Продава 2-СТАЕН, град Варна, Възраждане 3 | 69 кв.м, 1-ви ет. от 5, Ще бъде въведен в експлоатация 2027 г., #ЦЕНИ ОТ 1249Е/м2! #ЦЕНИ ЗА ДВУСТАЕН ОТ 85 990Е ! #ЦЕНИ ЗА ТРИСТАЕН ОТ 115 990Е ! #ПАРКОМЕСТА - 1199 ...",https://www.imot.bg/obiava-1b178480641610437-prodava-dvustaen-apartament-grad-varna-vazrazhdane-3,https://imotstatic3.focus.bg/imot/photosimotbg/1/437/1b178480641610437_W6.jpg,,NO
апартамент,агенция,Възраждане,90,115999,1288.88,0887222477,"Продава 3-СТАЕН, град Варна, Възраждане 3 | 90 кв.м, 1-ви ет. от 5, Ще бъде въведен в експлоатация 2027 г., #ЦЕНИ ОТ 1249Е/м2! #ЦЕНИ ЗА ДВУСТАЕН ОТ 85 990Е ! #ЦЕНИ ЗА ТРИСТАЕН ОТ 115 990Е ! #ПАРКОМЕСТА - 1199 ...",https://www.imot.bg/obiava-1c178480682103976-prodava-tristaen-apartament-grad-varna-vazrazhdane-3,https://cdn3.focus.bg/imot/photosimotbg/1/976/1c178480682103976_WE.jpg,,NO
апартамент,агенция,Колхозен пазар,63,68349,1084.9,0887222477,"Продава 2-СТАЕН, град Варна, Колхозен пазар | 63 кв.м, 3-ти ет. от 6, Ще бъде въведен в експлоатация 2027 г., #ЦЕНИ ОТ 1100Е/м2! #ЦЕНИ ЗА ДВУСТАЕН ОТ 68 350Е ! #ЦЕНИ ЗА ТРИСТАЕН ОТ 109 200Е ! #ПАРКОМЕСТА/ГАРАЖИ ...",https://www.imot.bg/obiava-1b178369117396092-prodava-dvustaen-apartament-grad-varna-kolhozen-pazar,https://imotstatic2.focus.bg/imot/photosimotbg/1/092/1b178369117396092_Ok.jpg,,NO
апартамент,агенция,к.к. Св.Св. Константин и Елена,85,228000,2682.35,0892521705,"Продава 3-СТАЕН, град Варна, к.к. Св.Св. Константин и Елена | 85 кв.м, 2-ри ет. от 5, Лок.отопл., Въведен в експлоатация, ID:169490 Нова, промоционална цена! Тристаен апартамент на цената на двустаен! Имот в един от най- х ...",https://www.imot.bg/obiava-1c178829593972209-prodava-tristaen-apartament-grad-varna-k-k-sv-sv-konstantin-i-elena,https://imotstatic1.focus.bg/imot/photosimotbg/1/209/1c178829593972209_1C.jpg,Нова обява,NO
апартамент,агенция,Лятно кино Тракия,255,270000,1058.82,0892536787,"Продава МНОГОСТАЕН, град Варна, Лятно кино Тракия | 255 кв.м, 3-ти ет. от 3, Лок.отопл., Въведен в експлоатация, ID 165887 ЕКСКЛУЗИВНО! С КЛЮЧ! Шест стаи на три нива с възможност за разделяне на 3 апартамента ...",https://www.imot.bg/obiava-1e178829569038713-prodava-mnogostaen-apartament-grad-varna-lyatno-kino-trakiya,https://imotstatic1.focus.bg/imot/photosimotbg/1/713/1e178829569038713_4B.jpg,Нова обява,NO
апартамент,агенция,Кайсиева градина,92,178000,1934.78,0888001822,"Продава 4-СТАЕН, град Варна, Кайсиева градина | 92 кв.м, 5-ти ет. от 7, Въведен в експлоатация 1980 - 1989 г., Търсите ли основно ремонтиран и обзаведен голям апартамент в Кайсиева градина, нов панел? Вече го им ...",https://www.imot.bg/obiava-1d178575492913443-prodava-chetiristaen-apartament-grad-varna-kaysieva-gradina,https://imotstatic2.focus.bg/imot/photosimotbg/1/443/1d178575492913443_bO.jpg,,NO
апартамент,агенция,Кайсиева градина,92,178000,1934.78,0888001822,"Продава 3-СТАЕН, град Варна, Кайсиева градина | 92 кв.м, 5-ти ет. от 7, Въведен в експлоатация 1980 - 1989 г., Търсите ли основно ремонтиран и обзаведен голям апартамент в Кайсиева градина, нов панел? Вече го им ...",https://www.imot.bg/obiava-1c178574987522964-prodava-tristaen-apartament-grad-varna-kaysieva-gradina,https://cdn3.focus.bg/imot/photosimotbg/1/964/1c178574987522964_KT.jpg,,NO
апартамент,агенция,Чаталджа,71,230000,3239.44,0878696622,"Продава 3-СТАЕН, град Варна, Чаталджа | 71 кв.м, ул.Столетов, 6-ти ет. от 6, Въведен в експлоатация, ГЕТ Консулт@ЕКИПЪТ предлага ексклузивно за продажба панелен апартамент на ул.'Столетов', със застрое ...",https://www.imot.bg/obiava-1c178828284185376-prodava-tristaen-apartament-grad-varna-chataldzha-ul-stoletov,https://imotstatic1.focus.bg/imot/photosimotbg/1/376/1c178828284185376_bS.jpg,Нова обява,NO
апартамент,агенция,м-т Ален мак,122,269999,2213.11,0879143888,"Продава 3-СТАЕН, град Варна, м-т Ален мак | 122 кв.м, 5-ти ет. от 7, Въведен в експлоатация 2025 г., International Real Estates (IRE) има удоволствието да ви представи голям и изключително светъл трист ...",https://www.imot.bg/obiava-1c178827616424897-prodava-tristaen-apartament-grad-varna-m-t-alen-mak,https://imotstatic1.focus.bg/imot/photosimotbg/1/897/1c178827616424897_wr.jpg,Нова обява,NO
апартамент,агенция,к.к. Св.Св. Константин и Елена,76,259900,3419.74,0899655555,"Продава 2-СТАЕН, град Варна, к.к. Св.Св. Константин и Елена | 76 кв.м, 2-ри ет. от 6, Въведен в експлоатация 2025 г., ЕКСКЛУЗИВНО! ЕРА Вива продава двустаен апартамент в модерен комплекс в кк Св.св. Константин и Елена, ...",https://www.imot.bg/obiava-1b178585416157708-prodava-dvustaen-apartament-grad-varna-k-k-sv-sv-konstantin-i-elena,https://imotstatic2.focus.bg/imot/photosimotbg/1/708/1b178585416157708_cY.jpg,,NO
апартамент,агенция,Бриз,95,270000,2842.11,0899655555,"Продава 3-СТАЕН, град Варна, Бриз | 95 кв.м, 4-ти ет. от 6, Въведен в експлоатация 2025 г., ЕКСКЛУЗИВНО! ЕРА Вива продава тристаен апартамент с нескриваема морска панорама и паркомясто в кв. Б ...",https://www.imot.bg/obiava-1c178827406925511-prodava-tristaen-apartament-grad-varna-briz,https://imotstatic3.focus.bg/imot/photosimotbg/1/511/1c178827406925511_87.jpg,Нова обява,NO
търговски,агенция,Конфуто,24,59900,2495.83,0876777309,"Продава МАГАЗИН, град Варна, Конфуто | 24 кв.м, Партер от 6, Въведен в експлоатация 1990 г., Отличен инвестиционен имот с бизнес потенциал в кв. Конфуто, Варна Представяме ви светло и функциона ...",https://www.imot.bg/obiava-1l178827397225323-prodava-magazin-grad-varna-konfuto,https://imotstatic3.focus.bg/imot/photosimotbg/1/323/1l178827397225323_fM.jpg,Нова обява,NO
апартамент,агенция,Бриз,131,365000,2786.26,0899655555,"Продава 3-СТАЕН, град Варна, Бриз | 131 кв.м, 3-ти ет. от 6, Въведен в експлоатация 2023 г., ЕРА Вива продава напълно обзаведен и оборудван тристаен апартамент с двойно паркомясто в предпочитан ...",https://www.imot.bg/obiava-1c178827391895383-prodava-tristaen-apartament-grad-varna-briz,https://cdn3.focus.bg/imot/photosimotbg/1/383/1c178827391895383_Sl.jpg,Нова обява,NO
апартамент,агенция,м-т Евксиноград,83,250000,3012.05,0897363957,"Продава 3-СТАЕН, град Варна, м-т Евксиноград | 83 кв.м, 3-ти ет. от 6, Въведен в експлоатация 2007 г., ЕКСКЛУЗИВНО ПРЕДЛОЖЕНИЕ ОТ АНИ-БО! ТРИСТАЕН АПАРТАМЕНТ С ПОДЗЕМНО ПАРКОМЯСТО В ЕВКСИНОГРАД! АНИ-БО н ...",https://www.imot.bg/obiava-1c178827346327285-prodava-tristaen-apartament-grad-varna-m-t-evksinograd,https://imotstatic2.focus.bg/imot/photosimotbg/1/285/1c178827346327285_OT.jpg,Нова обява,NO
апартамент,агенция,к.к. Св.Св. Константин и Елена,66,249900,3786.36,0899655555,"Продава 2-СТАЕН, град Варна, к.к. Св.Св. Константин и Елена | 66 кв.м, 3-ти ет. от 6, Въведен в експлоатация 2025 г., ЕКСКЛУЗИВНО! ЕРА Вива продава двустаен апартамент в модерен комплекс в кк Св.св. Константин и Елена, ...",https://www.imot.bg/obiava-1b178585106332195-prodava-dvustaen-apartament-grad-varna-k-k-sv-sv-konstantin-i-elena,https://imotstatic4.focus.bg/imot/photosimotbg/1/195/1b178585106332195_UV.jpg,,NO
апартамент,агенция,к.к. Св.Св. Константин и Елена,80,245000,3062.5,0899655555,"Продава 2-СТАЕН, град Варна, к.к. Св.Св. Константин и Елена | 80 кв.м, 3-ти ет. от 6, Въведен в експлоатация 2018 г., ЕКСКЛУЗИВНО! ЕРА Вива продава просторен двустаен апартамент в к.к. Св.св. Константин и Елена, гр. Ва ...",https://www.imot.bg/obiava-1b178298267304412-prodava-dvustaen-apartament-grad-varna-k-k-sv-sv-konstantin-i-elena,https://imotstatic3.focus.bg/imot/photosimotbg/1/412/1b178298267304412_t7.jpg,,NO
апартамент,агенция,Младост,61,133000,2180.33,0877240260,"Продава 3-СТАЕН, град Варна, Младост 2 | 61 кв.м, 7-ми ет. от 8, Въведен в експлоатация 1980 - 1989 г., ТРИСТАЕН ПАНЕЛЕН АПАРТАМЕНТ | МЛАДОСТ 2 | ОТЛИЧНА ЛОКАЦИЯ Предлагаме за продажба тристаен панелен ап ...",https://www.imot.bg/obiava-1c178826859556363-prodava-tristaen-apartament-grad-varna-mladost-2,https://imotstatic3.focus.bg/imot/photosimotbg/1/363/1c178826859556363_Hz.jpg,Нова обява,NO
апартамент,агенция,Изгрев,162,169000,1043.21,0897630830,"Продава 4-СТАЕН, град Варна, Изгрев | 162 кв.м, 3-ти ет. от 4, Въведен в експлоатация 2007 г., Компания за недвижими имоти 'Купи в България' представя на Вашето внимание просторен и обзав ...",https://www.imot.bg/obiava-1d178826781594651-prodava-chetiristaen-apartament-grad-varna-izgrev,https://imotstatic2.focus.bg/imot/photosimotbg/1/651/1c178826781594651_Oh.jpg,Нова обява,NO
апартамент,агенция,Център,65,173000,2661.54,0879063888,"Продава 2-СТАЕН, град Варна, Център | 65 кв.м, 4-ти ет. от 5, Въведен в експлоатация 2026 г., ОТ International Real Estates (IRE) Двустаен в затворен комплекс с Акт 16 Център, Варна (до 1-во Р ...",https://www.imot.bg/obiava-1b178826637485184-prodava-dvustaen-apartament-grad-varna-tsentar,https://imotstatic2.focus.bg/imot/photosimotbg/1/184/1b178826637485184_3O.jpg,Нова обява,NO
апартамент,агенция,Възраждане,58,117000,2017.24,0897885152,"Продава 2-СТАЕН, град Варна, Възраждане 3 | 58 кв.м, 3-ти ет. от 4, Въведен в експлоатация, НОВА СГРАДА С АКТ 16! СЛЪНЧЕВО И ПРОСТОРНО ЖИЛИЩЕ! СТРАХОТНА ПАНОРАМА! Прекрасен двустаен апартамент ...",https://www.imot.bg/obiava-1b178282103897088-prodava-dvustaen-apartament-grad-varna-vazrazhdane-3,https://imotstatic4.focus.bg/imot/photosimotbg/1/088/1b178282103897088_bI.jpg,,NO
апартамент,агенция,Гранд Мол,60,195000,3250.0,0899108148,"Продава 2-СТАЕН, град Варна, Гранд Мол | 60 кв.м, 11-ти ет. от 12, Въведен в експлоатация, Южен двустаен апартамент в комплекс Family Garden, създаден за хора с усет към качествения градски ж ...",https://www.imot.bg/obiava-1b178826593344900-prodava-dvustaen-apartament-grad-varna-grand-mol,https://cdn3.focus.bg/imot/photosimotbg/1/900/1b178826593344900_fz.jpg,Нова обява,NO
апартамент,агенция,Аспарухово,60,87417,1456.95,0879005060,"Продава 2-СТАЕН, град Варна, Аспарухово | 60 кв.м, 1-ви ет. от 6, Не е въведен в експлоатация, ЕРА Парадайс Ви предлага за продажба апартаменти с една, две и три самостоятелни спални в новостроящ ...",https://www.imot.bg/obiava-1b177851049694916-prodava-dvustaen-apartament-grad-varna-asparuhovo,https://imotstatic1.focus.bg/imot/photosimotbg/1/916/1b177851049694916_q.jpg,,NO
апартамент,агенция,Победа,71,195000,2746.48,0888346567,"Продава 2-СТАЕН, град Варна, Победа | 71 кв.м, 9-ти ет. от 10, Въведен в експлоатация, Тухла, Асансьор, Обзаведен, В затворен комплекс",https://www.imot.bg/obiava-1b178826521664021-prodava-dvustaen-apartament-grad-varna-pobeda,https://imotstatic3.focus.bg/imot/photosimotbg/1/021/1b178826521664021_YW.jpg,Нова обява,NO
апартамент,агенция,Колхозен пазар,95,219900,2314.74,0879590263,"Продава 3-СТАЕН, град Варна, Колхозен пазар | 95 кв.м, площад Лаврентий, 2-ри ет. от 3, Въведен в експлоатация 2003 г., ТОП ЛОКАЦИЯ ПЛОЩАД ЛАВРЕНТИЙ | ГОЛЯМА ПЛОЩ | СЛЕД ОСНОВЕН РЕМОНТ | НОВО ОБЗАВЕЖДАНЕ | СРЕДЕН ЕТА ...",https://www.imot.bg/obiava-1c178826516359941-prodava-tristaen-apartament-grad-varna-kolhozen-pazar-ploshtad-lavrentiy,https://imotstatic2.focus.bg/imot/photosimotbg/1/941/1c178826516359941_dI.jpg,Нова обява,NO
апартамент,агенция,Галата,70,102675,1466.79,0875363330,"Продава 2-СТАЕН, град Варна, Галата | 70 кв.м, 1-ви ет. от 4, Ще бъде въведен в експлоатация 2026 г., ТОП ИНВЕСТИЦИЯ! ДВУСТАЕН В ГАЛАТА, НОВА СГРАДА, ГОЛЯМА ТЕРАСА, ИДЕАЛЕН ЗА НАЕМ! Предлагаме за продаж ...",https://www.imot.bg/obiava-1b178826510739622-prodava-dvustaen-apartament-grad-varna-galata,https://imotstatic4.focus.bg/imot/photosimotbg/1/622/1b178826510739622_EB.jpg,Нова обява,NO
къща,агенция,м-т Ментешето,100,207000,2070.0,0875363320,"Продава КЪЩА, град Варна, м-т Ментешето | 100 кв.м, двор 50 кв.м, 2 ет. от 2, Ще бъде въведен в експлоатация 2028 г., НОВА ФАМИЛНА КЪЩА! ЗАТВОРЕН КОМПЛЕКС! СОБСТВЕН ДВОР! ПАРКОМЯСТО! INclusive Варна има удоволствието д ...",https://www.imot.bg/obiava-1j178550800369649-prodava-kashta-grad-varna-m-t-mentesheto,https://imotstatic2.focus.bg/imot/photosimotbg/1/649/1j178550800369649_We.jpg,,NO
къща,агенция,м-т Ментешето,138,278900,2021.01,0875363320,"Продава КЪЩА, град Варна, м-т Ментешето | 138 кв.м, двор 300 кв.м, 2 ет., Ще бъде въведен в експлоатация 2028 г., НОВА ФАМИЛНА КЪЩА! ЗАТВОРЕН КОМПЛЕКС! СОБСТВЕН ДВОР! ДВЕ ПАРКОМЕСТА! INclusive Варна има удоволствие ...",https://www.imot.bg/obiava-1j178550655002281-prodava-kashta-grad-varna-m-t-mentesheto,https://imotstatic2.focus.bg/imot/photosimotbg/1/281/1j178550655002281_OF.jpg,,NO
апартамент,агенция,Възраждане,78,155000,1987.18,0878449249,"Продава 3-СТАЕН, град Варна, Възраждане 2 | 78 кв.м, 3-ти ет. от 4, Ще бъде въведен в експлоатация 2026 г., 3-стаен апартамент в новострояща се сграда в м-т Кочмар Арканум Груп недвижими имоти предлага за про ...",https://www.imot.bg/obiava-1c178575310116118-prodava-tristaen-apartament-grad-varna-vazrazhdane-2,https://imotstatic2.focus.bg/imot/photosimotbg/1/118/1c178575310116118_XX.jpg,,NO
апартамент,агенция,Виница,78,135000,1730.77,0878449249,"Продава 2-СТАЕН, град Варна, Виница | 78 кв.м, 1-ви ет. от 4, Ще бъде въведен в експлоатация 2028 г., 2-стаен апартамент в бутиков комплекс с басейн и собствена иглолистна гора кв. Виница Арканум Груп ...",https://www.imot.bg/obiava-1b178579129213864-prodava-dvustaen-apartament-grad-varna-vinitsa,https://imotstatic4.focus.bg/imot/photosimotbg/1/864/1b178579129213864_CA.jpg,,NO
апартамент,агенция,Владислав Варненчик,62,,,0882121460,"Продава 2-СТАЕН, град Варна, Владислав Варненчик 1 | 62 кв.м, 7-ми ет. от 10, Ще бъде въведен в експлоатация 2028 г., ЕКСКЛУЗИВНО! Двустаен апартамент с изцяло ЮЖНО ИЗЛОЖЕНИЕ, в кв. Владислав Варненчик в частта до мага ...",https://www.imot.bg/obiava-1b178539393434039-prodava-dvustaen-apartament-grad-varna-vladislav-varnenchik-1,https://imotstatic3.focus.bg/imot/photosimotbg/1/039/1b178539393434039_gs.jpg,,NO
апартамент,агенция,Възраждане,78,145000,1858.97,0878449249,"Продава 3-СТАЕН, град Варна, Възраждане 2 | 78 кв.м, 1-ви ет. от 4, Ще бъде въведен в експлоатация 2026 г., 3-стаен апартамент в новострояща се сграда в м-т Кочмар Арканум Груп недвижими имоти предлага за про ...",https://www.imot.bg/obiava-1c178575315585263-prodava-tristaen-apartament-grad-varna-vazrazhdane-2,https://cdn3.focus.bg/imot/photosimotbg/1/263/1c178575315585263_El.jpg,,NO
апартамент,агенция,Трошево,72,153000,2125.0,0878449249,"Продава 2-СТАЕН, град Варна, Трошево | 72 кв.м, 3-ти ет. от 12, Въведен в експлоатация 2025 г., Просторен двустаен апартамент във ВАРНА СИТИ ПАРК ЮГ ПЛЮС, гр.Варна! Луксозен затворен комплекс с м ...",https://www.imot.bg/obiava-1b178489046448458-prodava-dvustaen-apartament-grad-varna-troshevo,https://cdn3.focus.bg/imot/photosimotbg/1/458/1b178489046448458_gG.jpg,,NO
апартамент,агенция,Кайсиева градина,115,185000,1608.7,0878449249,"Продава 3-СТАЕН, град Варна, Кайсиева градина | 115 кв.м, 3-ти ет. от 3, Въведен в експлоатация 2023 г., Арканум Груп Недвижими Имоти предлага за продажба просторен тристаен апартамент с панорамна покривна ...",https://www.imot.bg/obiava-1c178064809068036-prodava-tristaen-apartament-grad-varna-kaysieva-gradina,https://imotstatic1.focus.bg/imot/photosimotbg/1/036/1c178064809068036_jD.jpg,,NO
апартамент,агенция,Цветен квартал,66,129990,1969.55,0897842525,"Продава 2-СТАЕН, град Варна, Цветен квартал | 66 кв.м, 4-ти ет. от 7, Ще бъде въведен в експлоатация 2027 г., В самия Цветен Квартал / Лукс Сграда / 2 Стаи / Тухла / НС / Среден / Паркомясто / Простор За повеч ...",https://www.imot.bg/obiava-1b178826387667179-prodava-dvustaen-apartament-grad-varna-tsveten-kvartal,https://imotstatic4.focus.bg/imot/photosimotbg/1/179/1b178826387667179_LH.jpg,Нова обява,NO
офис,агенция,Бриз,47,110000,2340.43,0888966770,"Продава ОФИС, град Варна, Бриз | 47 кв.м, Партер от 6, Въведен в експлоатация, ЕКСКЛУЗИВНО, огледи с ключ! ПАРКИНГ! 'Елиз дом' предлага на вашето внимание отличен функционален офи ...",https://www.imot.bg/obiava-1g178576245950899-prodava-ofis-grad-varna-briz,https://imotstatic4.focus.bg/imot/photosimotbg/1/899/1g178576245950899_x3.jpg,,NO
апартамент,агенция,Владислав Варненчик,58,86016,1483.03,0899005477,"Продава 2-СТАЕН, град Варна, Владислав Варненчик 1 | 58 кв.м, 4-ти ет. от 10, Ще бъде въведен в експлоатация 2027 г., Продавам 2-стаен апартамент, намиращ се в новострояща се сграда в квартал Владислав Варненчик, с общ ...",https://www.imot.bg/obiava-1b178826333503154-prodava-dvustaen-apartament-grad-varna-vladislav-varnenchik-1,https://imotstatic3.focus.bg/imot/photosimotbg/1/154/1b178826333503154_1g.jpg,Нова обява,NO
апартамент,агенция,Погреби,30,64990,2166.33,0879590055,"Продава 1-СТАЕН, град Варна, Погреби | 30 кв.м, Въведен в експлоатация, Имоти Премиер предлага освежено едностайно помещение със статут на офис, в кв. Погреби. Имотът се на ...",https://www.imot.bg/obiava-1a178826247502119-prodava-ednostaen-apartament-grad-varna-pogrebi,https://imotstatic4.focus.bg/imot/photosimotbg/1/119/1a178826247502119_aC.jpg,Нова обява,NO
къща,агенция,к.к. Св.Св. Константин и Елена,450,495000,1100.0,0887839331,"Продава КЪЩА, град Варна, к.к. Св.Св. Константин и Елена | 450 кв.м, двор 843 кв.м, Св.Константин-Виница, Въведен в експлоатация, Открийте своя мечтан дом в близост до Св.Св.Константин и Елена в гр. Варна! Тази невероятна градска ...",https://www.imot.bg/obiava-1j174998439619009-prodava-kashta-grad-varna-k-k-sv-sv-konstantin-i-elena-sv-konstantin-vinitsa,https://cdn3.focus.bg/imot/photosimotbg/1/009/1j174998439619009_dL.jpg,,NO
апартамент,агенция,к.к. Златни пясъци,350,319000,911.43,0875331775,"Продава МЕЗОНЕТ, град Варна, к.к. Златни пясъци | 350 кв.м, 7-ми ет. от 7, Въведен в експлоатация 2008 г., Превъзходен мезонет в к.к. Златни пясъци, с неверояна гледка!Тази великолепна резиденция, разположе ...",https://www.imot.bg/obiava-1f177703001358256-prodava-mezonet-grad-varna-k-k-zlatni-pyasatsi,https://imotstatic3.focus.bg/imot/photosimotbg/1/256/1f177703001358256_2q.jpg,,NO
апартамент,агенция,ЖП Гара,110,247200,2247.27,0887839331,"Продава 3-СТАЕН, град Варна, ЖП Гара | 110 кв.м, 3-ти ет. от 7, Въведен в експлоатация 1997 г., ЕКСКЛУЗИВНО продаваме тристаен апартамент с гараж, разположен на ул.Кавала в центъра на гр. Варна, ...",https://www.imot.bg/obiava-1c174783370897674-prodava-tristaen-apartament-grad-varna-zhp-gara,https://imotstatic2.focus.bg/imot/photosimotbg/1/674/1c174783370897674_Al.jpg,,NO
апартамент,агенция,Аспарухово,101,141990,1405.84,0875363330,"Продава 2-СТАЕН, град Варна, Аспарухово | 101 кв.м, 4-ти ет. от 5, Въведен в експлоатация 2024 г., ВЪЗМОЖНОСТ ЗА ПРЕУСТРОЙСТВО В 3-СТАЕН | АКТ 16 | МОРСКА ПАНОРАМА | ЮГОЗАПАД Предлагаме за продажба п ...",https://www.imot.bg/obiava-1b178826075944509-prodava-dvustaen-apartament-grad-varna-asparuhovo,https://imotstatic1.focus.bg/imot/photosimotbg/1/509/1b178826075944509_Pj.jpg,Нова обява,NO
парцел,агенция,с. Звездица,663,70000,105.58,0882367736,"Продава ПАРЦЕЛ, град Варна, с. Звездица | 663 кв.м, Регулация, Ток, Вода, код 20627 Акцент Инвест представя на вниманието на своите клиенти атрактивни парцели в регулация в ...",https://www.imot.bg/obiava-1r177746652086000-prodava-partsel-grad-varna-s-zvezditsa,https://imotstatic4.focus.bg/imot/photosimotbg/1/000/1r177746652086000_S7.jpg,,NO
апартамент,агенция,Виница,60,91000,1516.67,0877077541,"Продава 2-СТАЕН, град Варна, Виница | 60 кв.м, 2-ри ет. от 3, Въведен в експлоатация 2026 г., Агенция за недвижими имоти HEGEMON ESTATE Ви предлага двустаен апартамент в кв. Виница в нова сграда ...",https://www.imot.bg/obiava-1b176777719911194-prodava-dvustaen-apartament-grad-varna-vinitsa,https://cdn3.focus.bg/imot/photosimotbg/1/194/1b176777719911194_Pg.jpg,,NO
апартамент,агенция,Трошево,70,139990,1999.86,0875363330,"Продава 2-СТАЕН, град Варна, Трошево | 70 кв.м, 8-ми ет. от 16, Ще бъде въведен в експлоатация 2028 г., ЮЖЕН ДВУСТАЕН | СРЕДЕН ЕТАЖ | ГЛЕДКА КЪМ ЕЗЕРОТО | ГОЛЯМА ТЕРАСА | ТРОШЕВО Предлагаме за продажба фу ...",https://www.imot.bg/obiava-1b178826037620944-prodava-dvustaen-apartament-grad-varna-troshevo,https://imotstatic1.focus.bg/imot/photosimotbg/1/944/1b178826037620944_KB.jpg,Нова обява,NO
апартамент,агенция,Младост,102,159900,1567.65,0898508787,"Продава 3-СТАЕН, град Варна, Младост 1 | 102 кв.м, 2-ри ет. от 18, Ще бъде въведен в експлоатация 2027 г., НОВА ХОУМ Ви предлага за продажба двустайни и тристайни апартаменти, открити и закрити паркоместа, ...",https://www.imot.bg/obiava-1c171092529570657-prodava-tristaen-apartament-grad-varna-mladost-1,https://cdn3.focus.bg/imot/photosimotbg/1/657/1c171092529570657_y0.jpg,,NO
апартамент,агенция,Бриз,108,280000,2592.59,0879590061,"Продава 3-СТАЕН, град Варна, Бриз | 108 кв.м, 5-ти ет. от 6, Въведен в експлоатация 2025 г., 3-СТАЕН ГЛЕДКА СВЕТЛИНА И ПРОСТОР 2 САНИТАРНИ ПОМЕЩЕНИЯ ПАРКОМЯСТО АКТ 16 НОВА СГРАДА 2025г Имоти П ...",https://www.imot.bg/obiava-1c178825996525885-prodava-tristaen-apartament-grad-varna-briz,https://imotstatic4.focus.bg/imot/photosimotbg/1/885/1c178825996525885_ah.jpg,Нова обява,NO
апартамент,агенция,Цветен квартал,82,184500,2250.0,0879663499,"Продава 3-СТАЕН, град Варна, Цветен квартал | 82 кв.м, 6-ти ет. от 8, Въведен в експлоатация 1970 - 1979 г., Предлагаме за продажба просторен и изключително функционален тристаен апартамент в Цветен квартал, ...",https://www.imot.bg/obiava-1c178004565292331-prodava-tristaen-apartament-grad-varna-tsveten-kvartal,https://imotstatic3.focus.bg/imot/photosimotbg/1/331/1c178004565292331_P1.jpg,,NO
парцел,агенция,м-т Манастирски рид,400,59990,149.97,0889595170,"Продава ПАРЦЕЛ, град Варна, м-т Манастирски рид | 400 кв.м, Регулация, Предлагаме Ви парцел в местност Манастирски рид. Имотът е с площ от 400 кв.м, равен. Лице към път ...",https://www.imot.bg/obiava-1r178825927474299-prodava-partsel-grad-varna-m-t-manastirski-rid,https://imotstatic3.focus.bg/imot/photosimotbg/1/299/1r178825927474299_qb.jpg,Нова обява,NO
къща,агенция,м-т Евксиноград,280,440000,1571.43,0888009009,"Продава КЪЩА, град Варна, м-т Евксиноград | 280 кв.м, двор 460 кв.м, Въведен в експлоатация 2026 г., ID 8081 Предлагаме Ви за продажба къща в м-ст Евксиноград, гр.Варна Къщата е триетажна (на две нив ...",https://www.imot.bg/obiava-1j178825861912875-prodava-kashta-grad-varna-m-t-evksinograd,https://imotstatic3.focus.bg/imot/photosimotbg/1/875/1j178825861912875_A7.jpg,Нова обява,NO
апартамент,агенция,Възраждане,81,96380,1189.88,0879900490,"Продава 3-СТАЕН, град Варна, Възраждане 1 | 81 кв.м, 3-ти ет. от 9, Ще бъде въведен в експлоатация 2027 г., Топ оферта / Среден етаж / Разсрочено плащане Нова сграда на утвърден строител, с класическа архите ...",https://www.imot.bg/obiava-1c175976326737116-prodava-tristaen-apartament-grad-varna-vazrazhdane-1,https://imotstatic3.focus.bg/imot/photosimotbg/1/116/1c175976326737116_y8.jpg,,NO
парцел,агенция,м-т Перчемлията,613,25000,40.78,0898606164,"Продава ПАРЦЕЛ, град Варна, м-т Перчемлията | 613 кв.м, Регулация, Живописен парцел с площ 613 кв.м., равен и с правилна форма, разположен в красивия и спокоен район м ...",https://www.imot.bg/obiava-1r177072973483923-prodava-partsel-grad-varna-m-t-perchemliyata,https://imotstatic1.focus.bg/imot/photosimotbg/1/923/1r177072973483923_os.jpg,,NO
апартамент,агенция,к.к. Златни пясъци,98,147000,1500.0,0885550724,"Продава 3-СТАЕН, град Варна, к.к. Златни пясъци | 98 кв.м, 2-ри ет. от 5, Въведен в експлоатация 2010 г., Предлагаме Ви тристаен слънчев апартамент за продажба в к.к Златни пясъци, гр. Варна. Имотът е с пл ...",https://www.imot.bg/obiava-1c175596074629562-prodava-tristaen-apartament-grad-varna-k-k-zlatni-pyasatsi,https://imotstatic4.focus.bg/imot/photosimotbg/1/562/1c175596074629562_Cw.jpg,,NO
апартамент,агенция,Виница,45,130000,2888.89,0898606164,"Продава 2-СТАЕН, град Варна, Виница | 45 кв.м, 4-ти ет. от 4, Въведен в експлоатация 2023 г., Предлагаме Ви двустаен апартамент с Акт 16, разположен в кв. Виница, гр. Варна. На застроена площ о ...",https://www.imot.bg/obiava-1b178333862911286-prodava-dvustaen-apartament-grad-varna-vinitsa,https://cdn3.focus.bg/imot/photosimotbg/1/286/1b178333862911286_93.jpg,,NO
апартамент,агенция,Възраждане,67,128500,1917.91,0877077532,"Продава 2-СТАЕН, град Варна, Възраждане 1 | 67 кв.м, 12-ти ет. от 13, Ще бъде въведен в експлоатация 2027 г., Агенция за недвижими имоти HEGEMON ESTATE Ви предлага двустаен апартамент с площ 67кв.м., на етаж 12 ...",https://www.imot.bg/obiava-1b178825763013811-prodava-dvustaen-apartament-grad-varna-vazrazhdane-1,https://imotstatic1.focus.bg/imot/photosimotbg/1/811/1b178825763013811_io.jpg,Нова обява,NO
апартамент,агенция,Младост,60,133000,2216.67,0896872847,"Продава 3-СТАЕН, град Варна, Младост 2 | 60 кв.м, 7-ми ет. от 10, Въведен в експлоатация, САНИРАН БЛОК! ТЕЦ! 2 ТЕРАСИ ИЗВЪН КВАДРАТУРАТА! В БЛИЗОСТ ДО KAUFLAND! Агенция Property Store Маг ...",https://www.imot.bg/obiava-1c178825643365537-prodava-tristaen-apartament-grad-varna-mladost-2,https://cdn3.focus.bg/imot/photosimotbg/1/537/1c178825643365537_u9.jpg,Нова обява,NO
апартамент,агенция,Левски,87,199990,2298.74,0899233192,"Продава 3-СТАЕН, град Варна, Левски 1 | 87 кв.м, 2-ри ет. от 8, Въведен в експлоатация, ЕКСКЛУЗИВНО! САМО ОТ Варна Консулт ! Предлагаме Ви обзаведен апартамент с площ от 87 кв.м, разполо ...",https://www.imot.bg/obiava-1c177926910250042-prodava-tristaen-apartament-grad-varna-levski-1,https://imotstatic3.focus.bg/imot/photosimotbg/1/042/1c177926910250042_6d.jpg,,NO
апартамент,агенция,м-т Горна Трака,88,184972,2101.95,0898508787,"Продава 3-СТАЕН, град Варна, м-т Горна Трака | 88 кв.м, 3-ти ет. от 4, Ще бъде въведен в експлоатация 2027 г., БУТИКОВ ЖИЛИЩЕН КОМПЛЕКС С МОРСКА ПАНОРАМА, ОТКРИТ БАСЕЙН, ДЕТСКА ПЛОЩАДКА, БАРБЕКЮ ЗОНА, БОГАТО ОЗЕ ...",https://www.imot.bg/obiava-1c176848223710848-prodava-tristaen-apartament-grad-varna-m-t-gorna-traka,https://imotstatic4.focus.bg/imot/photosimotbg/1/848/1c176848223710848_xN.jpg,,NO
парцел,агенция,м-т Боровец - север,600,53000,88.33,0894347252,"Продава ПАРЦЕЛ, град Варна, м-т Боровец - север | 600 кв.м, Регулация, Ток, Вода, НА 500 МЕТРА ОТ ГЛАВЕН ПЪТ !!! ДОБЪР ДОСТЪП !!! ТИХ И СПОКОЕН РАЙОН !!! Нова Хоум Ви предлага за ...",https://www.imot.bg/obiava-1r177815463586846-prodava-partsel-grad-varna-m-t-borovets-sever,https://imotstatic1.focus.bg/imot/photosimotbg/1/846/1r177815463586846_JJ.jpg,,NO
къща,агенция,м-т Евксиноград,280,445000,1589.29,0878832898,"Продава КЪЩА, град Варна, м-т Евксиноград | 280 кв.м, двор 500 кв.м, 2 ет., Въведен в експлоатация 2026 г., Агенция Имотен Център ви предлага имот в един от елитните квартали на Варна , а именно ЕВСИНОГРАД ! ...",https://www.imot.bg/obiava-1j178825023760810-prodava-kashta-grad-varna-m-t-evksinograd,https://imotstatic2.focus.bg/imot/photosimotbg/1/810/1j178825023760810_P0.jpg,Нова обява,NO
апартамент,агенция,Чайка,80,275000,3437.5,0876878750,"Продава 3-СТАЕН, град Варна, Чайка | 80 кв.м, 3-ти ет. от 6, Въведен в експлоатация 1970 - 1979 г., 🏡 СТИЛЕН ЧЕТИРИСТАЕН АПАРТАМЕНТ В КВ. ЧАЙКА ВАРНА ✨ Green Home предлага за продажб ...",https://www.imot.bg/obiava-1c178825011503799-prodava-tristaen-apartament-grad-varna-chayka,https://imotstatic3.focus.bg/imot/photosimotbg/1/799/1c178825011503799_xV.jpg,Нова обява,NO
апартамент,агенция,Кайсиева градина,60,95000,1583.33,0878449249,"Продава 2-СТАЕН, град Варна, Кайсиева градина | 60 кв.м, 6-ти ет. от 11, Ще бъде въведен в експлоатация 2026 г., ДВУСТАЕН ! ЛУКСОЗНИ ОБЩИ ЧАСТ! ПРЕД АКТ 15! НОВА СГРАДА! СРЕДЕН ЕТАЖ! ТОП ЛОКАЦИЯ!ЕКСКЛУЗИВНО!Аркан ...",https://www.imot.bg/obiava-1b174411735256627-prodava-dvustaen-apartament-grad-varna-kaysieva-gradina,https://cdn3.focus.bg/imot/photosimotbg/1/627/1b174411735256627_hM.jpg,,NO
апартамент,агенция,Бриз,171,390000,2280.7,0882121458,"Продава МНОГОСТАЕН, град Варна, Бриз | 171 кв.м, 1-ви ет. от 5, Въведен в експлоатация 1998 г., Многостаен слънчев апартамент с локално парно и възможност за гараж Предлагаме просторен, слънчев и ...",https://www.imot.bg/obiava-1e178824908123489-prodava-mnogostaen-apartament-grad-varna-briz,https://cdn3.focus.bg/imot/photosimotbg/1/489/1e178824908123489_V4.jpg,Нова обява,NO
апартамент,агенция,к.к. Златни пясъци,71,165000,2323.94,0882121458,"Продава 2-СТАЕН, град Варна, к.к. Златни пясъци | 71 кв.м, 2-ри ет. от 5, Въведен в експлоатация 2005 г., ИМОТЕКА продава Ексклузивно 2-стаен апартамент в к.к. 'Златни пясъци'. Жилището е готово за ...",https://www.imot.bg/obiava-1b178824870705055-prodava-dvustaen-apartament-grad-varna-k-k-zlatni-pyasatsi,https://imotstatic4.focus.bg/imot/photosimotbg/1/055/1b178824870705055_XB.jpg,Нова обява,NO
апартамент,агенция,Левски,40,69900,1747.5,0897885152,"Продава 1-СТАЕН, град Варна, Левски 1 | 40 кв.м, 7-ми ет. от 7, Ще бъде въведен в експлоатация 2026 г., 🏡 Едностаен апартамент в гр. Варна, кв. Левски нова сграда с хубава гледка! Предлагаме за ...",https://www.imot.bg/obiava-1a176252095546103-prodava-ednostaen-apartament-grad-varna-levski-1,https://imotstatic4.focus.bg/imot/photosimotbg/1/103/1a176252095546103_rx.jpg,,NO
къща,агенция,Изгрев,143,289000,2020.98,0882121458,"Продава КЪЩА, град Варна, Изгрев | 143 кв.м, двор 369 кв.м, Въведен в експлоатация 2026 г., Имотека предлага за продажба къща с впечатляваща морска и градска панорама! БЕЗ КОМИСИОННА от купув ...",https://www.imot.bg/obiava-1j178824813294311-prodava-kashta-grad-varna-izgrev,https://imotstatic4.focus.bg/imot/photosimotbg/1/311/1j178824813294311_x0.jpg,Нова обява,NO
гараж,агенция,к.к. Св.Св. Константин и Елена,16,48000,3000.0,0882121458,"Продава ГАРАЖ, град Варна, к.к. Св.Св. Константин и Елена | 16 кв.м, Партер от 6, Подземно паркомясто с удобен подход и видеонаблюдение в к-с Иванчов хан-к.к.Св.Св.Константин и Елена ...",https://www.imot.bg/obiava-1o178824812456073-prodava-garazh-parkomyasto-grad-varna-k-k-sv-sv-konstantin-i-elena,https://imotstatic1.focus.bg/imot/photosimotbg/1/073/1o178824812456073_xd.jpg,Нова обява,NO
апартамент,агенция,Трошево,76,189000,2486.84,0882121458,"Продава 2-СТАЕН, град Варна, Трошево | 76 кв.м, 4-ти ет. от 4, Въведен в експлоатация 2026 г., Слънчево двустайно жилище - дневна с кухня,спалня,баня с тоалетна,2 тераси,килер,маза Може закупува ...",https://www.imot.bg/obiava-1b178824811819610-prodava-dvustaen-apartament-grad-varna-troshevo,https://imotstatic3.focus.bg/imot/photosimotbg/1/610/1b178824811819610_oD.jpg,Нова обява,NO
апартамент,агенция,Галата,143,290000,2027.97,0882121458,"Продава МНОГОСТАЕН, град Варна, Галата | 143 кв.м, 3-ти ет. от 4, Въведен в експлоатация 2021 г., Многостаен апартамент с морска панорама в затворен комплекс в кв. Галата Представям ви просторен мн ...",https://www.imot.bg/obiava-1e178824810863840-prodava-mnogostaen-apartament-grad-varna-galata,https://imotstatic4.focus.bg/imot/photosimotbg/1/840/1e178824810863840_yy.jpg,Нова обява,NO
апартамент,агенция,Възраждане,82,129990,1585.24,0877300367,"Продава 3-СТАЕН, град Варна, Възраждане 3 | 82 кв.м, 4-ти ет. от 4, Ще бъде въведен в експлоатация 2026 г., ВЪЗРАЖДАНЕ 3 - ДО ул. ' ПОП ДИМИТЪР ' - ОТЛИЧЕН ДОСТЪП - ТРИСТАЕН АПАРТАМЕНТ- РАЗСРОЧЕНО ПЛАЩАНЕ Р ...",https://www.imot.bg/obiava-1c178471992666446-prodava-tristaen-apartament-grad-varna-vazrazhdane-3,https://cdn3.focus.bg/imot/photosimotbg/1/446/1c178471992666446_gK.jpg,,NO
апартамент,агенция,Окръжна болница-Генерали,110,249000,2263.64,0898506565,"Продава 4-СТАЕН, град Варна, Окръжна болница-Генерали | 110 кв.м, 5-ти ет. от 8, Въведен в експлоатация, 🏡 ЕКСКЛУЗИВНО ОТ REHOUSE | ПРОСТОРЕН ЧЕТИРИСТАЕН АПАРТАМЕНТ ДО ОБЩИНАТА И НЕПТУН ✨ Пр ...",https://www.imot.bg/obiava-1d178498444428110-prodava-chetiristaen-apartament-grad-varna-okrazhna-bolnitsa-generali,https://imotstatic3.focus.bg/imot/photosimotbg/1/110/1d178498444428110_UN.jpg,,NO
апартамент,агенция,Гръцка махала,90,349000,3877.78,0899655555,"Продава 3-СТАЕН, град Варна, Гръцка махала | 90 кв.м, 1-ви ет. от 3, Въведен в експлоатация 1920 - 1929 г., САМО В ЕРА Вива! Етаж от градска къща в Гръцка махала на крачка от Малките римски терми. Имотът е с ...",https://www.imot.bg/obiava-1c178824752526729-prodava-tristaen-apartament-grad-varna-gratska-mahala,https://imotstatic3.focus.bg/imot/photosimotbg/1/729/1c178824752526729_qz.jpg,Нова обява,NO
апартамент,агенция,Виница,98,120000,1224.49,0884373727,"Продава 2-СТАЕН, град Варна, Виница | 98 кв.м, ул. Света Параскева 55, 5-ти ет. от 5, Въведен в експлоатация 2012 г., САМО ПРИ НАС| КЛЮЧ В ОФИСА| МОРСКА ПАНОРАМА| КАЧЕСТВЕНО СТРОИТЕЛСТВО| АКТ 16| Код:13788 Предлагаме ...",https://www.imot.bg/obiava-1b177822651702760-prodava-dvustaen-apartament-grad-varna-vinitsa-ul-sveta-paraskeva-55,https://imotstatic2.focus.bg/imot/photosimotbg/1/760/1b177822651702760_t3.jpg,,NO
апартамент,агенция,к.к. Св.Св. Константин и Елена,59,250000,4237.29,0884373720,"Продава 2-СТАЕН, град Варна, к.к. Св.Св. Константин и Елена | 59 кв.м, 2-ри ет. от 6, Въведен в експлоатация 2023 г., ПРЕСТИЖЕН КОМПЛЕКС-AZUR DELUXE| ВЪЗМОЖНОСТ ЗА ПАРКОМЯСТО| ВТОРА ЛИНИЯ МОРЕ! КОД: 17660. Стефанов Ин ...",https://www.imot.bg/obiava-1b178308409350992-prodava-dvustaen-apartament-grad-varna-k-k-sv-sv-konstantin-i-elena,https://imotstatic2.focus.bg/imot/photosimotbg/1/992/1b178308409350992_kZ.jpg,,NO
апартамент,агенция,Левски,65,109900,1690.77,0877077553,"Продава 2-СТАЕН, град Варна, Левски 1 | 65 кв.м, 7-ми ет. от 7, Въведен в експлоатация 2006 г., Агенция за недвижими имоти HEGEMON ESTATE Ви предлага просторен двустаен апартамент в сърцето на Лев ...",https://www.imot.bg/obiava-1b178824568389923-prodava-dvustaen-apartament-grad-varna-levski-1,https://imotstatic3.focus.bg/imot/photosimotbg/1/923/1b178824568389923_OU.jpg,Нова обява,NO
апартамент,агенция,Младост,30,89500,2983.33,0887878833,"Продава 1-СТАЕН, град Варна, Младост 1 | 30 кв.м, 2-ри ет. от 14, Въведен в експлоатация 1980 - 1989 г., БУЛ ИМОТ предлага за продажба функционален едностаен апартамент, разположен в предпочитания квартал ...",https://www.imot.bg/obiava-1a178824408815234-prodava-ednostaen-apartament-grad-varna-mladost-1,https://cdn3.focus.bg/imot/photosimotbg/1/234/1a178824408815234_VM.jpg,,NO
апартамент,агенция,к.к. Св.Св. Константин и Елена,202,495000,2450.5,0894834190,"Продава 4-СТАЕН, град Варна, к.к. Св.Св. Константин и Елена | 202 кв.м, 4-ти ет. от 7, Въведен в експлоатация 2010 г., Представяме Ви за продажба многостаен апартамент в един от най-престижните курорти на българското Че ...",https://www.imot.bg/obiava-1d178015354742534-prodava-chetiristaen-apartament-grad-varna-k-k-sv-sv-konstantin-i-elena,https://imotstatic3.focus.bg/imot/photosimotbg/1/534/1d178015354742534_Ip.jpg,,NO
апартамент,агенция,Колхозен пазар,90,240000,2666.67,0883790113,"Продава 3-СТАЕН, град Варна, Колхозен пазар | 90 кв.м, 3-ти ет. от 5, Въведен в експлоатация 2005 г., 🏡 **Прайм глобал груп предлага просторен 3-стаен апартамент за продажба в района на Колхозен ...",https://www.imot.bg/obiava-1c177736797018050-prodava-tristaen-apartament-grad-varna-kolhozen-pazar,https://imotstatic3.focus.bg/imot/photosimotbg/1/050/1c177736797018050_ub.jpg,,NO
апартамент,агенция,Аспарухово,82,145000,1768.29,0877107264,"Продава 3-СТАЕН, град Варна, Аспарухово | 82 кв.м, 8-ми ет. от 8, Въведен в експлоатация 1980 - 1989 г., ПРИМА ИМОТИ предлага за продажба панелно жилище в централната част на квартала , състоящо се от чети ...",https://www.imot.bg/obiava-1c178824059132557-prodava-tristaen-apartament-grad-varna-asparuhovo,https://imotstatic1.focus.bg/imot/photosimotbg/1/557/1c178824059132557_XV.jpg,,NO
апартамент,агенция,Гранд Мол,65,139000,2138.46,0882121458,"Продава 2-СТАЕН, град Варна, Гранд Мол | 65 кв.м, Партер от 7, Въведен в експлоатация 2026 г., Партерен двустаен апартамент с излаз на веранда ,разположен в нова сграда с АКТ 16 .. Апартаментът ...",https://www.imot.bg/obiava-1b178576352079795-prodava-dvustaen-apartament-grad-varna-grand-mol,https://cdn3.focus.bg/imot/photosimotbg/1/795/1b178576352079795_GM.jpg,,NO
апартамент,агенция,Трошево,60,128900,2148.33,0882121458,"Продава 2-СТАЕН, град Варна, Трошево | 60 кв.м, 7-ми ет. от 16, Въведен в експлоатация 1970 - 1979 г., Панорамен апартамент състоящ се от : Хол,спалня,кухня,коридор,баня с тоалетна,тераса. Изложение из ...",https://www.imot.bg/obiava-1b178576412927771-prodava-dvustaen-apartament-grad-varna-troshevo,https://imotstatic2.focus.bg/imot/photosimotbg/1/771/1b178576412927771_FL.jpg,,NO
къща,агенция,м-т Боровец - север,955,69000,72.25,0892521835,"Продава КЪЩА, град Варна, м-т Боровец - север | 955 кв.м, двор 955 кв.м, Лок.отопл., Въведен в експлоатация, Явлена предлага вила построена в правоъгълен парцел с площ от 955 кв.м., в местност Боровец Север. П ...",https://www.imot.bg/obiava-1j178820998179182-prodava-kashta-grad-varna-m-t-borovets-sever,https://imotstatic2.focus.bg/imot/photosimotbg/1/182/1j178820998179182_6u.jpg,,NO
апартамент,агенция,Цветен квартал,82,,,0892950268,"Продава 3-СТАЕН, град Варна, Цветен квартал | 82 кв.м, 6-ти ет. от 8, Въведен в експлоатация 1970 - 1979 г., Търсите готов за нанасяне дом с много пространство и зеленина в Цветен квартал във Варна? Продава се ...",https://www.imot.bg/obiava-1c178819746407011-prodava-tristaen-apartament-grad-varna-tsveten-kvartal,https://imotstatic4.focus.bg/imot/photosimotbg/1/011/1c178819746407011_TV.jpg,,NO
апартамент,агенция,Окръжна болница-Генерали,77,205000,2662.34,0879831135,"Продава 3-СТАЕН, град Варна, Окръжна болница-Генерали | 77 кв.м, 3-ти ет. от 6, Въведен в експлоатация 2000 г., Montera Real Estate предлага за продажба тристаен апартамент в една от най-предпочитаните централни ...",https://www.imot.bg/obiava-1c176855478165221-prodava-tristaen-apartament-grad-varna-okrazhna-bolnitsa-generali,https://imotstatic4.focus.bg/imot/photosimotbg/1/221/1c176855478165221_GT.jpg,,NO
апартамент,агенция,Конфуто,80,198000,2475.0,0879831135,"Продава 3-СТАЕН, град Варна, Конфуто | 80 кв.м, 4-ти ет. от 7, Въведен в експлоатация 1980 - 1989 г., САМО ОТ Montera Real Estate! 🔑КОНФУТО!!! КЛЮЧ В ОФИСА ОГЛЕДИ В УДОБНО ЗА ВАС ВРЕМЕ! Monter ...",https://www.imot.bg/obiava-1c176216961042270-prodava-tristaen-apartament-grad-varna-konfuto,https://imotstatic2.focus.bg/imot/photosimotbg/1/270/1d176216961042270_R7.jpg,,NO
апартамент,агенция,к.к. Св.Св. Константин и Елена,228,299900,1315.35,0897737117,"Продава 3-СТАЕН, град Варна, к.к. Св.Св. Константин и Елена | 228 кв.м, 5-ти ет. от 5, Ще бъде въведен в експлоатация 2026 г., ✅ 2 СПАЛНИ - 2 БАНИ - 🌊 МОРСКА ПАНОРАМА ОТ ВСЯКА СТАЯ ! ✅ ГОЛЯМА ПАНОРАМНА Т ...",https://www.imot.bg/obiava-1c177926292712909-prodava-tristaen-apartament-grad-varna-k-k-sv-sv-konstantin-i-elena,https://imotstatic1.focus.bg/imot/photosimotbg/1/909/1c177926292712909_X.jpg,,NO
апартамент,агенция,к.к. Св.Св. Константин и Елена,117,216000,1846.15,0897737117,"Продава 4-СТАЕН, град Варна, к.к. Св.Св. Константин и Елена | 117 кв.м, до комплекс Бела Вита, 4-ти ет. от 5, Ще бъде въведен в експлоатация 2026 г., ✅ 3 СПАЛНИ - 2 БАНИ - 🌊 МОРСКА ПАНОРАМА ! ✅ ВИСОК КЛАС НЕМСКА ДОГРАМА 'Sch&# ...",https://www.imot.bg/obiava-1d177425593267938-prodava-chetiristaen-apartament-grad-varna-k-k-sv-sv-konstantin-i-elena-do-kompleks-bela-vita,https://imotstatic3.focus.bg/imot/photosimotbg/1/938/1d177425593267938_65.jpg,,NO
апартамент,агенция,к.к. Св.Св. Константин и Елена,128,236000,1843.75,0897737117,"Продава 4-СТАЕН, град Варна, к.к. Св.Св. Константин и Елена | 128 кв.м, до комплекс Бела Вита, 2-ри ет. от 5, Ще бъде въведен в експлоатация 2026 г., ✅ 3 СПАЛНИ - 2 БАНИ - ДНЕВНА 32 кв.м. ✅ ВИСОК КЛАС НЕМСКА ДОГРАМА 'Schüco' С ТР ...",https://www.imot.bg/obiava-1d177926369016393-prodava-chetiristaen-apartament-grad-varna-k-k-sv-sv-konstantin-i-elena-do-kompleks-bela-vita,https://imotstatic2.focus.bg/imot/photosimotbg/1/393/1d177926369016393_3S.jpg,,NO
парцел,агенция,м-т Добрева чешма,979,58740,60.0,0887284312,"Продава ПАРЦЕЛ, град Варна, м-т Добрева чешма | 979 кв.м, Регулация, ЕКСКЛУЗИВНО!!! Парцели с различна квадратура от 979, 453 и 409 кв.м., в м-ст 'Добрева чешма', в бли ...",https://www.imot.bg/obiava-1r142660784073164-prodava-partsel-grad-varna-m-t-dobreva-cheshma,https://imotstatic3.focus.bg/imot/photosimotbg/1/164/1r142660784073164_1.pic,,NO
гараж,агенция,Левски,13,11000,846.15,0887284312,"Продава ПАРКОМЯСТО, град Варна, Левски 1 | 13 кв.м, УМБАЛ 'Св. Марина', Ексклузивно! Предлагаме Ви за продажба подземно паркомясто в нова сграда с лесен достъп в непосредст ...",https://www.imot.bg/obiava-1o167705407701433-prodava-garazh-parkomyasto-grad-varna-levski-1-umbal-sv-marina,https://imotstatic2.focus.bg/imot/photosimotbg/1/433/1o167705407701433_bm.jpg,,NO
апартамент,агенция,м-т Евксиноград,85,250000,2941.18,0887284312,"Продава 3-СТАЕН, град Варна, м-т Евксиноград | 85 кв.м, 3-ти ет. от 3, Въведен в експлоатация, Предлагаме на Вашето внимание тристаен апартамент, на трети етаж с гледка към морето, в затворен ком ...",https://www.imot.bg/obiava-1c176225188946287-prodava-tristaen-apartament-grad-varna-m-t-evksinograd,https://imotstatic1.focus.bg/imot/photosimotbg/1/287/1c176225188946287_lx.jpg,,NO
къща,агенция,м-т Пчелина,147,275000,1870.75,0875363330,"Продава КЪЩА, град Варна, м-т Пчелина | 147 кв.м, двор 400 кв.м, Ще бъде въведен в експлоатация 2026 г., 🏡 НОВА МОДЕРНА КЪЩА С ПАНОРАМНА ГЛЕДКА КЪМ ВАРНА И ЕЗЕРОТО Предлагаме Ви новострояща се къщ ...",https://www.imot.bg/obiava-1j175377126839266-prodava-kashta-grad-varna-m-t-pchelina,https://imotstatic4.focus.bg/imot/photosimotbg/1/266/1j175377126839266_k1.jpg,,NO
апартамент,агенция,Изгрев,59,104990,1779.49,0875363330,"Продава 2-СТАЕН, град Варна, Изгрев | 59 кв.м, 3-ти ет. от 4, Ще бъде въведен в експлоатация 2026 г., Представям ви отличен двустаен апартамент в модерна сграда пред АКТ 15, разположена в една от най-с ...",https://www.imot.bg/obiava-1b177755149867312-prodava-dvustaen-apartament-grad-varna-izgrev,https://cdn3.focus.bg/imot/photosimotbg/1/312/1b177755149867312_xm.jpg,,NO
апартамент,агенция,Младост,54,165000,3055.56,0875363330,"Продава 2-СТАЕН, град Варна, Младост 1 | 54 кв.м, 6-ти ет. от 7, Въведен в експлоатация 2025 г., НАПЪЛНО ОБЗАВЕДЕН! Предлагаме за продажба светъл и просторен двустаен апартамент, разположен в нов ...",https://www.imot.bg/obiava-1b177332250248044-prodava-dvustaen-apartament-grad-varna-mladost-1,https://imotstatic2.focus.bg/imot/photosimotbg/1/044/1b177332250248044_ls.jpg,,NO
апартамент,агенция,м-т Пчелина,61,137500,2254.1,0875363330,"Продава 2-СТАЕН, град Варна, м-т Пчелина | 61 кв.м, 5-ти ет. от 5, Въведен в експлоатация 2025 г., ДО КЛЮЧ! ПАНОРАМНА ГЛЕДКА! ОТЛИЧНА ЛОКАЦИЯ! АКТ 16! Представяме ви изключителен двустаен апартамент, ...",https://www.imot.bg/obiava-1b177342270384620-prodava-dvustaen-apartament-grad-varna-m-t-pchelina,https://imotstatic2.focus.bg/imot/photosimotbg/1/620/1b177342270384620_Wh.jpg,,NO
апартамент,агенция,м-т Пчелина,73,137500,1883.56,0875363330,"Продава 2-СТАЕН, град Варна, м-т Пчелина | 73 кв.м, 2-ри ет. от 4, Въведен в експлоатация 2026 г., АКТ 16! СРЕДЕН ЕТАЖ! ДО КЛЮЧ! Представяме ви изключителен двустаен апартамент, разположен на втори, ...",https://www.imot.bg/obiava-1b177339585049264-prodava-dvustaen-apartament-grad-varna-m-t-pchelina,https://cdn3.focus.bg/imot/photosimotbg/1/264/1b177339585049264_6z.jpg,,NO
апартамент,агенция,Трошево,104,399990,3846.06,0875363330,"Продава 3-СТАЕН, град Варна, Трошево | 104 кв.м, 9-ти ет. от 12, Въведен в експлоатация 2021 г., НАПЪЛНО ОБЗАВЕДЕН ТРИСТАЕН АПАРТАМЕНТ | СРЕДЕН ЕТАЖ | ГОТОВ ЗА НАНАСЯНЕ Представяме Ви чисто нов три ...",https://www.imot.bg/obiava-1c178047373387981-prodava-tristaen-apartament-grad-varna-troshevo,https://imotstatic4.focus.bg/imot/photosimotbg/1/981/1c178047373387981_V5.jpg,,NO
апартамент,агенция,Цветен квартал,58,154999,2672.4,0879590800,"Продава 2-СТАЕН, град Варна, Цветен квартал | 58 кв.м, УЛ. ПРИЛЕП, 4-ти ет. от 4, Въведен в експлоатация, 🔑 ДВУСТАЕН АПАРТАМЕНТ | НАПЪЛНО ОБЗАВЕДЕН | ГОТОВ ЗА НАНАСЯНЕ | НА МЕТРИ ОТ УЛ. ПРИЛЕП ...",https://www.imot.bg/obiava-1b178818643587026-prodava-dvustaen-apartament-grad-varna-tsveten-kvartal-ul-prilep,https://imotstatic1.focus.bg/imot/photosimotbg/1/026/1b178818643587026_pm.jpg,,NO
апартамент,агенция,к.к. Св.Св. Константин и Елена,83,230000,2771.08,0884551510,"Продава 2-СТАЕН, град Варна, к.к. Св.Св. Константин и Елена | 83 кв.м, 1-ви ет. от 6, Въведен в експлоатация 2023 г., 🌿 ЛУКСОЗЕН ДВУСТАЕН АПАРТАМЕНТ С ВЕРАНДА | К.К. СВ. СВ. КОНСТАНТИН И ЕЛЕНА 📌 Код на ...",https://www.imot.bg/obiava-1b178332035405425-prodava-dvustaen-apartament-grad-varna-k-k-sv-sv-konstantin-i-elena,https://imotstatic2.focus.bg/imot/photosimotbg/1/425/1b178332035405425_jW.jpg,,NO
апартамент,агенция,м-т Пчелина,55,82900,1507.27,0884551510,"Продава 2-СТАЕН, град Варна, м-т Пчелина | 55 кв.м, 1-ви ет. от 5, Въведен в експлоатация 2025 г., Aгенция за недвижими имоти АТЛАНТА предлага ексклузивно функционален двустаен апартамент в една от н ...",https://www.imot.bg/obiava-1b178531301816840-prodava-dvustaen-apartament-grad-varna-m-t-pchelina,https://imotstatic4.focus.bg/imot/photosimotbg/1/840/1b178531301816840_4a.jpg,,NO
апартамент,агенция,Център,108,295000,2731.48,0884551510,"Продава 3-СТАЕН, град Варна, Център | 108 кв.м, 7-ми ет. от 7, Въведен в експлоатация 2008 г., Продажба на тристаен апартамент в Център с уникална панорамна гледка! Код на оферта: VB-216 Намира ...",https://www.imot.bg/obiava-1c178290379731429-prodava-tristaen-apartament-grad-varna-tsentar,https://imotstatic1.focus.bg/imot/photosimotbg/1/429/1c178290379731429_IW.jpg,,NO
парцел,агенция,м-т Горна Трака,1000,430000,430.0,0884551510,"Продава ПАРЦЕЛ, град Варна, м-т Горна Трака | 1000 кв.м, 🌅 ПАРЦЕЛ С ГЛЕДКА МОРЕ В М-Т ТРАКАТА ATLANTA предлага за продажба отличен парцел в една от н ...",https://www.imot.bg/obiava-1r178524393970442-prodava-partsel-grad-varna-m-t-gorna-traka,https://imotstatic3.focus.bg/imot/photosimotbg/1/442/1r178524393970442_QD.jpg,,NO
апартамент,агенция,Аспарухово,140,275000,1964.29,0884551510,"Продава МНОГОСТАЕН, град Варна, Аспарухово | 140 кв.м, 2-ри ет. от 5, Въведен в експлоатация 2005 г., 📣 ПРОДАВА СЕ: Просторен и функционален апартамент в центъра на кв. Аспарухово Търсите имот с ...",https://www.imot.bg/obiava-1e177935045170924-prodava-mnogostaen-apartament-grad-varna-asparuhovo,https://imotstatic1.focus.bg/imot/photosimotbg/1/924/1e177935045170924_JJ.jpg,,NO
апартамент,агенция,к.к. Св.Св. Константин и Елена,60,249500,4158.33,0884551510,"Продава 2-СТАЕН, град Варна, к.к. Св.Св. Константин и Елена | 60 кв.м, 5-ти ет. от 5, Въведен в експлоатация 2023 г., 🌊 Двустаен апартамент | Azur Premium, Св. Св. Константин и Елена Агенция ATLANTA предлага ст ...",https://www.imot.bg/obiava-1b177695048906925-prodava-dvustaen-apartament-grad-varna-k-k-sv-sv-konstantin-i-elena,https://cdn3.focus.bg/imot/photosimotbg/1/925/1b177695048906925_1x.jpg,,NO
парцел,агенция,м-т Кантара,581,39000,67.13,0886585361,"Продава ПАРЦЕЛ, град Варна, м-т Кантара | 581 кв.м, Регулация, Ток, Екипът на Одисей Имоти предлага за продажба парцел с правилна форма, с готов проект за еднофамилна к ...",https://www.imot.bg/obiava-1r178818459961692-prodava-partsel-grad-varna-m-t-kantara,https://imotstatic2.focus.bg/imot/photosimotbg/1/692/1r178818459961692_4e.jpg,,NO
апартамент,агенция,Бриз,98,229000,2336.73,0884195255,"Продава 3-СТАЕН, град Варна, Бриз | 98 кв.м, 3-ти ет. от 4, Въведен в експлоатация 2015 г., S PROPERTIES предлага за продажба панорамен тристаен апартамент в кв. Бриз.Нова модерна жилищна сгра ...",https://www.imot.bg/obiava-1c178818434071636-prodava-tristaen-apartament-grad-varna-briz,https://cdn3.focus.bg/imot/photosimotbg/1/636/1c178818434071636_sp.jpg,,NO
апартамент,агенция,Център,82,230000,2804.88,0884195255,"Продава 2-СТАЕН, град Варна, Център | 82 кв.м, 5-ти ет. от 7, Въведен в експлоатация 2025 г., S PROPERTIES представя на Вашето внимание за продажба стилно обзаведен и готов за нанасяне двустаен ...",https://www.imot.bg/obiava-1b178818422571890-prodava-dvustaen-apartament-grad-varna-tsentar,https://imotstatic1.focus.bg/imot/photosimotbg/1/890/1b178818422571890_AU.jpg,,NO
търговски,агенция,м-т Манастирски рид,650,670000,1030.77,0888810638,"Продава ХОТЕЛ, град Варна, м-т Манастирски рид | 650 кв.м, 3-ти ет. от 3, Въведен в експлоатация, Агенция ИРИНА ЕООД предлага за продажба имот-комплес от къщи за гости,разположен в мест.Манастирски ...",https://www.imot.bg/obiava-1q168630398885510-prodava-hotel-grad-varna-m-t-manastirski-rid,https://imotstatic4.focus.bg/imot/photosimotbg/1/510/1q168630398885510_SP.jpg,,NO
апартамент,агенция,Трошево,64,104900,1639.06,0894625282,"Продава 2-СТАЕН, град Варна, Трошево | 64 кв.м, 1-ви ет. от 16, Не е въведен в експлоатация, ЕКСКЛУЗИВНО! ПРЕД АКТ 14! ДВУСТАЕН ЮЖЕН АПАРТАМЕНТ СЪС СОБСТВЕН ДВОР, В НОВОСТРОЯЩА СЕ СГРАДА ЛИБРА. ...",https://www.imot.bg/obiava-1b178333834198027-prodava-dvustaen-apartament-grad-varna-troshevo,https://cdn3.focus.bg/imot/photosimotbg/1/027/1b178333834198027_oH.jpg,,NO
апартамент,агенция,к.к. Златни пясъци,84,120000,1428.57,0884551510,"Продава 2-СТАЕН, град Варна, к.к. Златни пясъци | 84 кв.м, 5-ти ет. от 8, Въведен в експлоатация 2008 г., 🔥 ТОП ОФЕРТА ДО МОРЕТО! ГЛЕДКА + ГОТОВ ЗА ПОЛЗВАНЕ! 🔥 Код на оферта: AD-7424 ӿ ...",https://www.imot.bg/obiava-1b178152792062932-prodava-dvustaen-apartament-grad-varna-k-k-zlatni-pyasatsi,https://imotstatic2.focus.bg/imot/photosimotbg/1/932/1b178152792062932_PX.jpg,,NO
апартамент,агенция,Виница,75,165000,2200.0,0883790123,"Продава 2-СТАЕН, град Варна, Виница | 75 кв.м, 3-ти ет. от 5, Въведен в експлоатация 2026 г., Прайм Глобал Груп представя двустаен апартамент, 75 кв.м, с югоизточно изложение и морска панорама, ...",https://www.imot.bg/obiava-1b178575996040923-prodava-dvustaen-apartament-grad-varna-vinitsa,https://cdn3.focus.bg/imot/photosimotbg/1/923/1b178575996040923_Yr.jpg,,NO
апартамент,агенция,Владислав Варненчик,60,117500,1958.33,0883790123,"Продава 3-СТАЕН, град Варна, Владислав Варненчик 1 | 60 кв.м, 1-ви ет. от 8, Въведен в експлоатация 1990 г., 🏡 ПРАЙМ ГЛОБАЛ ГРУП представя! ✨ 🔑 Тристаен апартамент в кв. Владислав Варнен ...",https://www.imot.bg/obiava-1c178575867041491-prodava-tristaen-apartament-grad-varna-vladislav-varnenchik-1,https://cdn3.focus.bg/imot/photosimotbg/1/491/1c178575867041491_3D.jpg,,NO
парцел,агенция,м-т Ален мак,490,230000,469.39,0875363320,"Продава ПАРЦЕЛ, град Варна, м-т Ален мак | 490 кв.м, Регулация, МОРКСА ПАОРАМА! В РЕГУЛАЦИЯ! ПЪРВА ЛИНИЯ НА МОРЕТО! Открийте с INclusive Варна парцел на първа лини ...",https://www.imot.bg/obiava-1r178273670915152-prodava-partsel-grad-varna-m-t-alen-mak,https://imotstatic4.focus.bg/imot/photosimotbg/1/152/1r178273670915152_xy.jpg,,NO
парцел,агенция,м-т Боровец - юг,985,57900,58.78,0875363320,"Продава ПАРЦЕЛ, град Варна, м-т Боровец - юг | 985 кв.м, Регулация, Ток, Вода, БОРОВЕЦ! В РЕГУЛАЦИЯ! ПОДХОДЯЩ ЗА КЪЩА! INclusive Варна има удоволствието да Ви представи парцел за ...",https://www.imot.bg/obiava-1r178300318970583-prodava-partsel-grad-varna-m-t-borovets-yug,https://imotstatic2.focus.bg/imot/photosimotbg/1/583/1r178300318970583_IX.jpg,,NO
апартамент,агенция,Бриз,60,160000,2666.67,0893366054,"Продава 2-СТАЕН, град Варна, Бриз | 60 кв.м, 2-ри ет. от 5, Въведен в експлоатация, МОРСКА ПАНОРАМА! НОВА СГРАДА С АКТ16! ЧИСТО НОВ, БУТИКОВ АПАРТАМЕНТ! Предлагаме ви, ново обзаведен, ...",https://www.imot.bg/obiava-1b178817815403137-prodava-dvustaen-apartament-grad-varna-briz,https://imotstatic4.focus.bg/imot/photosimotbg/1/137/1b178817815403137_on.jpg,,NO
къща,агенция,м-т Ален мак,64,239900,3748.44,0899395397,"Продава КЪЩА, град Варна, м-т Ален мак | 64 кв.м, двор 670 кв.м, 2 ет., Въведен в експлоатация 1992 г., НА МИНУТИ ОТ ПЛАЖ КАБАКУМ! РАВЕН ДВОР! ОТЛИЧНА ЛОКАЦИЯ! АНИ-БО недвижими имоти предлага за продажба ...",https://www.imot.bg/obiava-1j175835237865459-prodava-kashta-grad-varna-m-t-alen-mak,https://imotstatic1.focus.bg/imot/photosimotbg/1/459/1j175835237865459_iU.jpg,,NO
апартамент,агенция,Бриз,95,188950,1988.95,0897363957,"Продава 2-СТАЕН, град Варна, Бриз | 95 кв.м, 3-ти ет. от 5, Въведен в експлоатация, МОРСКА ПАНОРАМА! СРЕДЕН ЕТАЖ! КВ. БРИЗ! Цена: 188 950 евро АНИ-БО недвижими имоти предлага за прод ...",https://www.imot.bg/obiava-1b174041370905764-prodava-dvustaen-apartament-grad-varna-briz,https://cdn3.focus.bg/imot/photosimotbg/1/764/1b174041370905764_3C.jpg,,NO
къща,агенция,Трошево,30,40000,1333.33,0878667966,"Продава ЕТАЖ ОТ КЪЩА, град Варна, Трошево | 30 кв.м, 1-ви ет. от 1, Въведен в експлоатация 1970 - 1979 г., ИНВЕСТИЦИОНЕН ИМОТ В КВ. ТРОШЕВО-ПОД ДОМ МЛАДОСТ Нова Хоум Ви предлага за продажба имот в идеална с ...",https://www.imot.bg/obiava-1i176822311756044-prodava-etazh-ot-kashta-grad-varna-troshevo,https://imotstatic4.focus.bg/imot/photosimotbg/1/044/1i176822311756044_up.jpg,,NO
апартамент,агенция,Аспарухово,124,254159,2049.67,0884377494,"Продава 3-СТАЕН, град Варна, Аспарухово | 124 кв.м, 8-ми ет. от 10, Ще бъде въведен в експлоатация 2027 г., Код на обявата: 21648 ЕКСКЛУЗИВНО ОТ АКЦЕНТ ИНВЕСТ !!! Представяме Ви просторен тристаен Апарт ...",https://www.imot.bg/obiava-1c177141487546798-prodava-tristaen-apartament-grad-varna-asparuhovo,https://cdn3.focus.bg/imot/photosimotbg/1/798/1c177141487546798_LK.jpg,,NO
апартамент,агенция,Център,110,290000,2636.36,0883790123,"Продава 4-СТАЕН, град Варна, Център | 110 кв.м, 5-ти ет. от 5, Въведен в експлоатация 1997 г., Прайм Глобал Груп представя 4-стаен апартамент. Разположение и площ: 110 кв.м, 5 етаж 2 спални ...",https://www.imot.bg/obiava-1d178575542028749-prodava-chetiristaen-apartament-grad-varna-tsentar,https://imotstatic3.focus.bg/imot/photosimotbg/1/749/1d178575542028749_nR.jpg,,NO
апартамент,агенция,Окръжна болница-Генерали,179,356000,1988.83,0897630830,"Продава 3-СТАЕН, град Варна, Окръжна болница-Генерали | 179 кв.м, 6-ти ет. от 6, Ще бъде въведен в експлоатация 2028 г., Компания за недвижими имоти 'Купи в България' има удоволствието да представи на своите клиен ...",https://www.imot.bg/obiava-1c178817644613973-prodava-tristaen-apartament-grad-varna-okrazhna-bolnitsa-generali,https://imotstatic1.focus.bg/imot/photosimotbg/1/973/1c178817644613973_Dm.jpg,,NO
апартамент,агенция,Младост,89,245000,2752.81,0897630830,"Продава 3-СТАЕН, град Варна, Младост 1 | 89 кв.м, 6-ти ет. от 7, Въведен в експлоатация 2025 г., Компания за недвижими имоти Купи в България има удоволствието на предложи на своите клиенти ЕКСКЛУ ...",https://www.imot.bg/obiava-1c178817619804175-prodava-tristaen-apartament-grad-varna-mladost-1,https://cdn3.focus.bg/imot/photosimotbg/1/175/1c178817619804175_St.jpg,,NO
апартамент,агенция,Конфуто,124,290000,2338.71,0879590018,"Продава 4-СТАЕН, град Варна, Конфуто | 124 кв.м, Въведен в експлоатация 1980 - 1989 г., Имоти Премиер предлага на Вашето внимание Многостаен апартамент с прекрасно разпределение и топ лока ...",https://www.imot.bg/obiava-1d178817584278324-prodava-chetiristaen-apartament-grad-varna-konfuto,https://imotstatic3.focus.bg/imot/photosimotbg/1/324/1d178817584278324_y9.jpg,,NO
апартамент,агенция,Аспарухово,61,77000,1262.3,0878449249,"Продава 2-СТАЕН, град Варна, Аспарухово | 61 кв.м, 4-ти ет. от 4, Въведен в експлоатация 2026 г., 2-стаен апартамент пред Акт 16 | 61 кв.м | кв. Аспарухово Арканум Груп недвижими имоти предлага за ...",https://www.imot.bg/obiava-1b178817562551347-prodava-dvustaen-apartament-grad-varna-asparuhovo,https://imotstatic1.focus.bg/imot/photosimotbg/1/347/1b178817562551347_O3.jpg,,NO
апартамент,агенция,Виница,111,134900,1215.32,0898508787,"Продава 3-СТАЕН, град Варна, Виница | 111 кв.м, Партер от 4, Ще бъде въведен в експлоатация 2026 г., НОВ, ЕКСКЛУЗИВЕН ПРОЕКТ ОТ НОВА ХОУМ -ОТЛИЧНА СХЕМА НА ПЛАЩАНЕ 30/70 -ИЗБОР ОТ ДВУСТАЙНИ И ТРИСТАЙН ...",https://www.imot.bg/obiava-1c174860439156921-prodava-tristaen-apartament-grad-varna-vinitsa,https://imotstatic1.focus.bg/imot/photosimotbg/1/921/1c174860439156921_3P.jpg,,NO
апартамент,агенция,к.к. Чайка,101,129900,1286.14,0898508787,"Продава 3-СТАЕН, град Варна, к.к. Чайка | 101 кв.м, 4-ти ет. от 5, Въведен в експлоатация 2006 г., Нова Хоум Ви предгага тристаен апартамент, в близост до плажа и ВСУ. Жилището се сестои от две спал ...",https://www.imot.bg/obiava-1c177564821207053-prodava-tristaen-apartament-grad-varna-k-k-chayka,https://imotstatic2.focus.bg/imot/photosimotbg/1/053/1c177564821207053_Os.jpg,,NO
апартамент,агенция,Победа,94,248000,2638.3,0898508787,"Продава 3-СТАЕН, град Варна, Победа | 94 кв.м, 2-ри ет. от 10, Ще бъде въведен в експлоатация 2026 г., Нова Хоум Ви предлага за продажба тристайни апартаменти на цени от 248900 евро, в квартал Победа в б ...",https://www.imot.bg/obiava-1c172733359634193-prodava-tristaen-apartament-grad-varna-pobeda,https://cdn3.focus.bg/imot/photosimotbg/1/193/1c172733359634193_Tr.jpg,,NO
апартамент,агенция,Гранд Мол,69,175100,2537.68,0898508787,"Продава 2-СТАЕН, град Варна, Гранд Мол | 69 кв.м, 4-ти ет. от 10, Ще бъде въведен в експлоатация 2026 г., ПРЕКРАСЕН ДВУСТАЕН АПАРТАМЕНТ В НОВА СГРАДА В БЛИЗОСТ ДО ГРАНД МОЛ Апартаментът се състои от дневен ...",https://www.imot.bg/obiava-1b177564874109900-prodava-dvustaen-apartament-grad-varna-grand-mol,https://cdn3.focus.bg/imot/photosimotbg/1/900/1b177564874109900_CE.jpg,,NO
апартамент,агенция,м-т Горна Трака,75,201077,2681.03,0898508787,"Продава 3-СТАЕН, град Варна, м-т Горна Трака | 75 кв.м, 2-ри ет. от 4, Ще бъде въведен в експлоатация 2027 г., БУТИКОВ ЖИЛИЩЕН КОМПЛЕКС С МОРСКА ПАНОРАМА, ОТКРИТ БАСЕЙН, ДЕТСКА ПЛОЩАДКА, БАРБЕКЮ ЗОНА, БОГАТО ОЗЕ ...",https://www.imot.bg/obiava-1c176848138742073-prodava-tristaen-apartament-grad-varna-m-t-gorna-traka,https://imotstatic3.focus.bg/imot/photosimotbg/1/073/1c176848138742073_ph.jpg,,NO
апартамент,агенция,Гръцка махала,106,285000,2688.68,0887839331,"Продава 3-СТАЕН, град Варна, Гръцка махала | 106 кв.м, ул.Воден, 3-ти ет. от 3, Въведен в експлоатация 1970 - 1979 г., ЕКСКЛУЗИВНО! Представяме Ви просторен и слънчев апартамент за продажба, разположен в топ центъра на ...",https://www.imot.bg/obiava-1c177459986808525-prodava-tristaen-apartament-grad-varna-gratska-mahala-ul-voden,https://imotstatic1.focus.bg/imot/photosimotbg/1/525/1c177459986808525_f5.jpg,,NO
апартамент,агенция,Виница,73,148600,2035.62,0887266999,"Продава 2-СТАЕН, град Варна, Виница | 73 кв.м, 1-ви ет. от 5, Въведен в експлоатация 2026 г., Двустаен апартамент за продажба в новопостроена сграда кв. Виница Предлагаме за продажба просторен ...",https://www.imot.bg/obiava-1b178574907321725-prodava-dvustaen-apartament-grad-varna-vinitsa,https://cdn3.focus.bg/imot/photosimotbg/1/725/1b178574907321725_5B.jpg,,NO
апартамент,агенция,Владислав Варненчик,68,116900,1719.12,0883790133,"Продава 2-СТАЕН, град Варна, Владислав Варненчик 1 | 68 кв.м, 5-ти ет. от 6, Ще бъде въведен в експлоатация 2026 г., Прайм Глобал Груп предлага за продажба двустаен апартамент в ж.к. Владиславово, гр. Варна, разположе ...",https://www.imot.bg/obiava-1b178817430243284-prodava-dvustaen-apartament-grad-varna-vladislav-varnenchik-1,https://cdn3.focus.bg/imot/photosimotbg/1/284/1b178817430243284_XQ.jpg,,NO
апартамент,агенция,Завод Дружба,60,215000,3583.33,0882466609,"Продава 2-СТАЕН, град Варна, Завод Дружба | 60 кв.м, 3-ти ет. от 6, Въведен в експлоатация, Ексклузивна оферта от БЪЛГАРИЯ ЕСТЕЙТ Тип имот: Двустаен апартамент Допълнително: Паркомясто в цен ...",https://www.imot.bg/obiava-1b178817429425160-prodava-dvustaen-apartament-grad-varna-zavod-druzhba,https://imotstatic1.focus.bg/imot/photosimotbg/1/160/1b178817429425160_U6.jpg,,NO
апартамент,агенция,Изгрев,66,180000,2727.27,0882466609,"Продава 2-СТАЕН, град Варна, Изгрев | 66 кв.м, 1-ви ет. от 4, Въведен в експлоатация 2026 г., ГОТОВ ЗА НАНАСЯНЕ ДВУСТАЕН АПАРТАМЕНТ | НОВА СГРАДА С АКТ 16 | кв. ИЗГРЕВ 🏢 Нова сграда с А ...",https://www.imot.bg/obiava-1b178817415816443-prodava-dvustaen-apartament-grad-varna-izgrev,https://imotstatic4.focus.bg/imot/photosimotbg/1/443/1b178817415816443_lu.jpg,,NO
апартамент,агенция,Изгрев,73,190000,2602.74,0882466609,"Продава 2-СТАЕН, град Варна, Изгрев | 73 кв.м, 1-ви ет. от 4, Въведен в експлоатация 2026 г., ГОТОВ ЗА НАНАСЯНЕ ДВУСТАЕН АПАРТАМЕНТ | НОВА СГРАДА С АКТ 16 | кв. ИЗГРЕВ 🏢 Нова сграда с А ...",https://www.imot.bg/obiava-1b178817398375501-prodava-dvustaen-apartament-grad-varna-izgrev,https://imotstatic2.focus.bg/imot/photosimotbg/1/501/1b178817398375501_RT.jpg,,NO
апартамент,агенция,Победа,68,143000,2102.94,0879590073,"Продава 2-СТАЕН, град Варна, Победа | 68 кв.м, 6-ти ет. от 11, Ще бъде въведен в експлоатация 2026 г., НОВА ЕКСКЛУЗИВНА ОФЕРТА! ПАРКОМЯСТО! ИМОТИ ПРЕМИЕР предлага на своите клиенти ЕКСКЛУЗИВНА оферта за ...",https://www.imot.bg/obiava-1b176967848629363-prodava-dvustaen-apartament-grad-varna-pobeda,https://imotstatic4.focus.bg/imot/photosimotbg/1/363/1b176967848629363_w4.jpg,,NO
къща,агенция,Виница,140,159500,1139.29,0892238409,"Продава КЪЩА, град Варна, Виница | 140 кв.м, двор 640 кв.м, Перчемлията, 2 ет., Въведен в експлоатация 1980 - 1989 г., НОВО предложение! Предлагаме на Вашето внимание МАСИВНА двуетажна къща / с некомпроментирана констр ...",https://www.imot.bg/obiava-1j176760667084443-prodava-kashta-grad-varna-vinitsa-perchemliyata,https://imotstatic2.focus.bg/imot/photosimotbg/1/443/1j176760667084443_Iz.jpg,,NO
апартамент,агенция,Бриз,100,213000,2130.0,0892238409,"Продава 3-СТАЕН, град Варна, Бриз | 100 кв.м, Гимназиите, 4-ти ет. от 5, Въведен в експлоатация 2015 г., НОВО ПРЕДЛОЖЕНИЕ след извършен освежителен ремонт! Предлагаме на Вашето внимание артистично и функци ...",https://www.imot.bg/obiava-1c177572081077405-prodava-tristaen-apartament-grad-varna-briz-gimnaziite,https://imotstatic3.focus.bg/imot/photosimotbg/1/405/1c177572081077405_j1.jpg,,NO
парцел,агенция,м-т Зеленика,1100,135000,122.73,0888705467,"Продава ПАРЦЕЛ, град Варна, м-т Зеленика | 1100 кв.м, Регулация, ID. 4446 Североизточни имоти Ви предлага за продажба УПИ с влязъл в сила ПУП, ПРЗ в местност З ...",https://www.imot.bg/obiava-1r176044690958689-prodava-partsel-grad-varna-m-t-zelenika,https://cdn3.focus.bg/imot/photosimotbg/1/689/1r176044690958689_sz.jpg,,NO
апартамент,агенция,Свети Никола,190,649900,3420.53,0888705467,"Продава МНОГОСТАЕН, град Варна, Свети Никола | 190 кв.м, 1-ви ет. от 1, Въведен в експлоатация 2010 г., ID. 4391 ЕКСКЛУЗИВНО!!! НЕСКРИВАЕМА МОРСКА ПАНОРАМА!!! Североизточни имоти Ви предлага за продажба ...",https://www.imot.bg/obiava-1e176044956322035-prodava-mnogostaen-apartament-grad-varna-sveti-nikola,https://cdn3.focus.bg/imot/photosimotbg/1/035/1e176044956322035_qS.jpg,,NO
апартамент,агенция,Базар Левски,60,214900,3581.67,0882466609,"Продава 2-СТАЕН, град Варна, Базар Левски | 60 кв.м, 3-ти ет. от 5, Въведен в експлоатация, Ексклузивна оферта от БЪЛГАРИЯ ЕСТЕЙТ Тип имот: Двустаен апартамент Допълнително: Паркомясто в цен ...",https://www.imot.bg/obiava-1b178560229529747-prodava-dvustaen-apartament-grad-varna-bazar-levski,https://imotstatic4.focus.bg/imot/photosimotbg/1/747/1b178560229529747_sY.jpg,,NO
апартамент,агенция,Централна поща,128,330000,2578.12,0878449249,"Продава 3-СТАЕН, град Варна, Централна поща | 128 кв.м, 4-ти ет. от 6, Въведен в експлоатация 2025 г., Представяме Ви за продажба функционално обзаведен и готов за нанасяне тристаен апартамент. Разполож ...",https://www.imot.bg/obiava-1c178817212737214-prodava-tristaen-apartament-grad-varna-tsentralna-poshta,https://cdn3.focus.bg/imot/photosimotbg/1/214/1c178817212737214_s6.jpg,,NO
апартамент,агенция,м-т Ален мак,162,219900,1357.41,0879877705,"Продава 3-СТАЕН, град Варна, м-т Ален мак | 162 кв.м, 5-ти ет. от 7, Въведен в експлоатация 2023 г., Предлагаме Ви просторен и напълно обзаведен тристаен апартамент, разположен в затворен комплекс, отл ...",https://www.imot.bg/obiava-1c176579960543828-prodava-tristaen-apartament-grad-varna-m-t-alen-mak,https://imotstatic1.focus.bg/imot/photosimotbg/1/828/1c176579960543828_J4.jpg,,NO
апартамент,агенция,м-т Горна Трака,61,209000,3426.23,0897630830,"Продава 2-СТАЕН, град Варна, м-т Горна Трака | 61 кв.м, 4-ти ет. от 4, Въведен в експлоатация 2016 г., ЕКСКЛУЗИВНО: Луксозен панорамен апартамент с голяма тераса в затворен комплекс м-т Траката, Варна. ...",https://www.imot.bg/obiava-1b178817170119677-prodava-dvustaen-apartament-grad-varna-m-t-gorna-traka,https://imotstatic4.focus.bg/imot/photosimotbg/1/677/1b178817170119677_hk.jpg,,NO
гараж,агенция,Левски,11,25000,2272.73,,"Продава ПАРКОМЯСТО, град Варна, Левски 2 | 11 кв.м, ул.Д-р Ан.Железкова, ниво -1 от 6, ЕКСКЛУЗИВ! Подземно паркомясто с ел платформа.Удобно за паркиране и изход .Сух и осветен подземен п ..., тел.: 0878/527525",https://www.imot.bg/obiava-1o134071164202769-prodava-garazh-parkomyasto-grad-varna-levski-2-ul-d-r-an-zhelezkova,https://imotstatic2.focus.bg/imot/photosimotbg/1/769/1o134071164202769_Na.jpg,,NO
апартамент,агенция,Бриз,131,270000,2061.07,0899993998,"Продава 3-СТАЕН, град Варна, Бриз | 131 кв.м, 2-ри ет. от 6, Въведен в експлоатация, нвестиционна компания Стинекс, продава без комисиона, тристаен апартамент до ключ в ж.к.Бриз.Имотът ...",https://www.imot.bg/obiava-1c170695338422385-prodava-tristaen-apartament-grad-varna-briz,https://imotstatic2.focus.bg/imot/photosimotbg/1/385/1c170695338422385_H4.jpg,,NO
апартамент,агенция,Бриз,97,250000,2577.32,0899993998,"Продава 3-СТАЕН, град Варна, Бриз | 97 кв.м, 3-ти ет. от 6, Въведен в експлоатация, Инвестиционна компания Стинекс предлага без комисион, тристаен апартамент до ключ в ж.к. Бриз на ули ...",https://www.imot.bg/obiava-1c170549752965694-prodava-tristaen-apartament-grad-varna-briz,https://imotstatic2.focus.bg/imot/photosimotbg/1/694/1c170549752965694_13.jpg,,NO
къща,агенция,м-т Ален мак,166,320000,1927.71,0892702793,"Продава КЪЩА, град Варна, м-т Ален мак | 166 кв.м, двор 200 кв.м, 3 ет. от 3, Въведен в експлоатация, код на обява: 4229 Агенция ТРИУМФ предлага на вашето внимание триетажна къща-близнак с площ-166 кв ...",https://www.imot.bg/obiava-1j176935703502135-prodava-kashta-grad-varna-m-t-alen-mak,https://imotstatic3.focus.bg/imot/photosimotbg/1/135/1j176935703502135_mH.jpg,,NO
апартамент,агенция,Свети Никола,252,419000,1662.7,0898583091,"Продава 3-СТАЕН, град Варна, Свети Никола | 252 кв.м, 2-ри ет. от 4, Газ, Въведен в експлоатация 2025 г., ЕКСТРИЙМ ВАРНА Ви предлага ексклузивно изключителен тристаен апартамент с морска панорама и две парк ...",https://www.imot.bg/obiava-1c178039319952599-prodava-tristaen-apartament-grad-varna-sveti-nikola,https://imotstatic3.focus.bg/imot/photosimotbg/1/599/1c178039319952599_hn.jpg,,NO
парцел,агенция,м-т Евксиноград,1216,320000,263.16,0888425554,"Продава ПАРЦЕЛ, град Варна, м-т Евксиноград | 1216 кв.м, Регулация, Ток, Вода, Предлагам за продажба се парцел с площ 1216 кв.м., находящ се в местност Евксиноград, Варна.Парцелъ ...",https://www.imot.bg/obiava-1r178816880567638-prodava-partsel-grad-varna-m-t-evksinograd,https://imotstatic1.focus.bg/imot/photosimotbg/1/638/1r178816880567638_l4.jpg,,NO
апартамент,агенция,Спортна зала,100,295000,2950.0,0882121460,"Продава МНОГОСТАЕН, град Варна, Спортна зала | 100 кв.м, 4-ти ет. от 18, Въведен в експлоатация 1980 - 1989 г., Многостаен, обзаведен апартамент на среден етаж с чиста жилищна площ 100 кв.м. Прилежаща маза 3,5 кв ...",https://www.imot.bg/obiava-1e178300170992308-prodava-mnogostaen-apartament-grad-varna-sportna-zala,https://imotstatic1.focus.bg/imot/photosimotbg/1/308/1e178300170992308_wk.jpg,,NO
апартамент,агенция,Възраждане,68,104000,1529.41,0897842525,"Продава 2-СТАЕН, град Варна, Възраждане 3 | 68 кв.м, 3-ти ет. от 5, Ще бъде въведен в експлоатация 2026 г., Акция! 2 Стаи + НС + Тухла + Акт 16 през 2026г + Морска Панорама + Среден + Слънчев + Простор / Реал ...",https://www.imot.bg/obiava-1b178057669716628-prodava-dvustaen-apartament-grad-varna-vazrazhdane-3,https://imotstatic2.focus.bg/imot/photosimotbg/1/628/1b178057669716628_R7.jpg,,NO
апартамент,агенция,Възраждане,72,107300,1490.28,0897842525,"Продава 3-СТАЕН, град Варна, Възраждане 1 | 72 кв.м, 1-ви ет. от 9, Ще бъде въведен в експлоатация 2028 г., Най-добра Цена! Нов Луксозен Комплекс / Тухла + НС / Гаражи и Паркоместа / ТЕЦ / Супер Инвестиция / ...",https://www.imot.bg/obiava-1c178065830567352-prodava-tristaen-apartament-grad-varna-vazrazhdane-1,https://imotstatic4.focus.bg/imot/photosimotbg/1/352/1c178065830567352_yt.jpg,,NO
друго,агенция,ХЕИ,33,63990,1939.09,0897842525,"Продава ФРИЗЬОРСКИ/КОЗМЕТИЧЕН САЛОН, град Варна, ХЕИ | 33 кв.м, Партер от 8, Въведен в експлоатация 2026 г., Занималня, Зъболекарски Каб., Фризьорски и Козметичен Салон, Счетоводна или Адвокатска Кантора / ПАР ...",https://www.imot.bg/obiava-1t178281887519015-prodava-biznes-imot-grad-varna-hei,https://imotstatic3.focus.bg/imot/photosimotbg/1/015/1t178281887519015_9D.jpg,,NO
друго,агенция,Възраждане,45,70500,1566.67,0897842525,"Продава ФРИЗЬОРСКИ/КОЗМЕТИЧЕН САЛОН, град Варна, Възраждане 1 | 45 кв.м, Партер от 9, Ще бъде въведен в експлоатация 2028 г., Занималня, Зъболекарски Каб., Фризьорски и Козметичен Салон, Счетоводна или Адвокатска Кантора/ и др ...",https://www.imot.bg/obiava-1t178057303053004-prodava-biznes-imot-grad-varna-vazrazhdane-1,https://imotstatic1.focus.bg/imot/photosimotbg/1/004/1t178057303053004_9R.jpg,,NO
друго,агенция,Възраждане,77,107300,1393.51,0897842525,"Продава ДЕТСКИ ЦЕНТЪР, град Варна, Възраждане 1 | 77 кв.м, Партер от 9, Ще бъде въведен в експлоатация 2028 г., Занималня, Зъболекарски Каб., Фризьорски и Козметичен Салон, Счетоводна или Адвокатска Кантора/ и др ...",https://www.imot.bg/obiava-1t178057381778996-prodava-biznes-imot-grad-varna-vazrazhdane-1,https://cdn3.focus.bg/imot/photosimotbg/1/996/1t178057381778996_14.jpg,,NO
гараж,агенция,Погреби,15,19500,1300.0,0897842525,"Продава ПАРКОМЯСТО, град Варна, Погреби | 15 кв.м, ниво -1 от 8, Вътрешно Закрито Парко Място / Удобство за Вашия Автомобил / Спестено Време и Спокойствие за Вас Кр ...",https://www.imot.bg/obiava-1o171880432173161-prodava-garazh-parkomyasto-grad-varna-pogrebi,https://imotstatic2.focus.bg/imot/photosimotbg/1/161/1o171880432173161_cd.jpg,,NO
апартамент,агенция,Левски,150,258500,1723.33,0897842525,"Продава 4-СТАЕН, град Варна, Левски 1 | 150 кв.м, Технически Университет, 8-ми ет. от 8, Ще бъде въведен в експлоатация 2027 г., Премиерна Цена / Морска Панорам / кв. Левски - ул. Студентска - Lidl - Техн. Уни / 4 Стаи / Ново стр ...",https://www.imot.bg/obiava-1d171326708091431-prodava-chetiristaen-apartament-grad-varna-levski-1-tehnicheski-universitet,https://imotstatic3.focus.bg/imot/photosimotbg/1/431/1c171326708091431_2X.jpg,,NO
апартамент,агенция,Възраждане,45,70500,1566.67,0897842525,"Продава 2-СТАЕН, град Варна, Възраждане 1 | 45 кв.м, 1-ви ет. от 9, Ще бъде въведен в експлоатация 2028 г., Най-добра Цена! Нов Луксозен Комплекс / Тухла + НС + Среден / Гаражи и Паркоместа / ТЕЦ / Супер Инве ...",https://www.imot.bg/obiava-1b178065597077787-prodava-dvustaen-apartament-grad-varna-vazrazhdane-1,https://imotstatic2.focus.bg/imot/photosimotbg/1/787/1b178065597077787_aJ.jpg,,NO
апартамент,агенция,Погреби,59,139000,2355.93,0888840400,"Продава 2-СТАЕН, град Варна, Погреби | 59 кв.м, 5-ти ет. от 6, Ще бъде въведен в експлоатация 2026 г., Варна Хоум Ви предлага двустаен апартамент в район Погреби, гр. Варна! Новопостроена жилищна сграда ...",https://www.imot.bg/obiava-1b178816653652523-prodava-dvustaen-apartament-grad-varna-pogrebi,https://imotstatic4.focus.bg/imot/photosimotbg/1/523/1b178816653652523_Dy.jpg,,NO
апартамент,агенция,Владислав Варненчик,94,126212,1342.68,0897294988,"Продава 3-СТАЕН, град Варна, Владислав Варненчик 1 | 94 кв.м, 9-ти ет. от 15, Ще бъде въведен в експлоатация 2029 г., 79.47, 9-ти ет. от 15, Ще бъде въведен в експлоатация 2029 г., НАЙ-НИСКА ЦЕНА ЗА РАЙОНА! СГРАДАТА Е ...",https://www.imot.bg/obiava-1c178308364512389-prodava-tristaen-apartament-grad-varna-vladislav-varnenchik-1,https://cdn3.focus.bg/imot/photosimotbg/1/389/1c178308364512389_R3.jpg,,NO
апартамент,агенция,Кайсиева градина,60,100500,1675.0,0889099118,"Продава 2-СТАЕН, град Варна, Кайсиева градина | 60 кв.м, 8-ми ет. от 9, Ще бъде въведен в експлоатация 2028 г., НОВ ВЕК Недвижими имоти ви предлага отлична възможност за покупка на светъл и функционален двустаен ...",https://www.imot.bg/obiava-1b178574250714340-prodava-dvustaen-apartament-grad-varna-kaysieva-gradina,https://cdn3.focus.bg/imot/photosimotbg/1/340/1b178574250714340_9R.jpg,,NO
апартамент,агенция,Трошево,70,189900,2712.86,0879831135,"Продава 3-СТАЕН, град Варна, Трошево | 70 кв.м, мол варна, Въведен в експлоатация 1980 - 1989 г., РИСТАЕН! КАЧЕСТВЕН РЕМОНТ! СРЕДЕН АПАРТАМЕНТ! ДО GRAND MALL! **Нов век недвижими имоти** предлага з ...",https://www.imot.bg/obiava-1c178816392753135-prodava-tristaen-apartament-grad-varna-troshevo-mol-varna,https://imotstatic3.focus.bg/imot/photosimotbg/1/135/1c178816392753135_N8.jpg,,NO
апартамент,агенция,Владислав Варненчик,34,75000,2205.88,0894477344,"Продава 1-СТАЕН, град Варна, Владислав Варненчик 1 | 34 кв.м, 3-ти ет. от 10, Въведен в експлоатация 2026 г., Апартаментът, който предлагаме за продажба се намира в новопостроена сграда с Акт 16. Имотът е със с ...",https://www.imot.bg/obiava-1a177096233381294-prodava-ednostaen-apartament-grad-varna-vladislav-varnenchik-1,https://imotstatic1.focus.bg/imot/photosimotbg/1/294/1a177096233381294_Eg.jpg,,NO
апартамент,агенция,Център,62,155000,2500.0,0882121460,"Продава 2-СТАЕН, град Варна, Център | 62 кв.м, 5-ти ет. от 5, Въведен в експлоатация 1970 - 1979 г., Този двустаен апартамент се намира в тухлена сграда, само на т ...",https://www.imot.bg/obiava-1b178816367120212-prodava-dvustaen-apartament-grad-varna-tsentar,https://imotstatic2.focus.bg/imot/photosimotbg/1/212/1b178816367120212_tY.jpg,,NO
апартамент,агенция,Кайсиева градина,63,111000,1761.9,0888577746,"Продава 2-СТАЕН, град Варна, Кайсиева градина | 63 кв.м, 3-ти ет. от 6, Въведен в експлоатация 2026 г., Реф 114270 ЕКСКЛУЗИВНО! АКТ 16! ПОДЗЕМНО ПАРКОМЯСТО! СРЕДЕН ЕТАЖ! Предлагаме ви за продажба двуста ...",https://www.imot.bg/obiava-1b177384527962688-prodava-dvustaen-apartament-grad-varna-kaysieva-gradina,https://imotstatic3.focus.bg/imot/photosimotbg/1/688/1b177384527962688_WP.jpg,,NO
апартамент,агенция,Гръцка махала,60,198000,3300.0,0882121460,"Продава 3-СТАЕН, град Варна, Гръцка махала | 60 кв.м, 2-ри ет. от 4, Въведен в експлоатация 1960 - 1969 г., Само от 'Адрес'! Огледи с ключ! Ако търсите ИДЕАЛЕН център!! Ако търсите нещо готово, без ну ...",https://www.imot.bg/obiava-1c178816200194406-prodava-tristaen-apartament-grad-varna-gratska-mahala,https://imotstatic3.focus.bg/imot/photosimotbg/1/406/1c178816200194406_by.jpg,,NO
апартамент,агенция,Възраждане,56,124900,2230.36,0882668000,"Продава 2-СТАЕН, град Варна, Възраждане 1 | 56 кв.м, 7-ми ет. от 7, Въведен в експлоатация 2017 г., Предлагаме Ви двустайно жилище, намиращо се в комплекс 'Каравела Грийн Хаус' в кв. Възраждане 1, гра ...",https://www.imot.bg/obiava-1b178816195961815-prodava-dvustaen-apartament-grad-varna-vazrazhdane-1,https://cdn3.focus.bg/imot/photosimotbg/1/815/1b178816195961815_1b.jpg,,NO
парцел,агенция,м-т Прибой,600,69000,115.0,0889218501,"Продава ПАРЦЕЛ, град Варна, м-т Прибой | 600 кв.м, Регулация, Ток, Вода, БУЛИМОТ ВИ ПРЕДЛАГА !!! Парцел за продажба в м-т Прибой, Варна 600 кв.м** Предлагаме за продажба ...",https://www.imot.bg/obiava-1r178047007192906-prodava-partsel-grad-varna-m-t-priboy,https://imotstatic3.focus.bg/imot/photosimotbg/1/906/1r178047007192906_J7.jpg,,NO
апартамент,агенция,Виница,65,118900,1829.23,0888550593,"Продава 2-СТАЕН, град Варна, Виница | 65 кв.м, ПОД МАКАО, 3-ти ет. от 5, Въведен в експлоатация 2026 г., *******************************💥💥💥ТОП ОФЕРТА💥💥💥***** ...",https://www.imot.bg/obiava-1b178816184470891-prodava-dvustaen-apartament-grad-varna-vinitsa-pod-makao,https://imotstatic1.focus.bg/imot/photosimotbg/1/891/1b178816184470891_j3.jpg,,NO
парцел,агенция,м-т Манастирски рид,1463,89000,60.83,0882638405,"Продава ПАРЦЕЛ, град Варна, м-т Манастирски рид | 1463 кв.м, Регулация, Агенция SUPRIMMO: www.suprimmo.bg Представяме парцел в регулация, в м-т Манастирски рид. Разположен ...",https://www.imot.bg/obiava-1r176253129057055-prodava-partsel-grad-varna-m-t-manastirski-rid,https://imotstatic4.focus.bg/imot/photosimotbg/1/055/1r176253129057055_Ja.jpg,,NO
апартамент,агенция,Аспарухово,91,179900,1976.92,0882638405,"Продава 2-СТАЕН, град Варна, Аспарухово | 91 кв.м, 2-ри ет. от 8, Въведен в експлоатация, Агенция SUPRIMMO: www.suprimmo.bg Апартамент Tanya - Вашият нов дом на морето. Представяме двустаен ...",https://www.imot.bg/obiava-1b178522937021094-prodava-dvustaen-apartament-grad-varna-asparuhovo,https://imotstatic4.focus.bg/imot/photosimotbg/1/094/1b178522937021094_If.jpg,,NO
къща,агенция,м-т Фичоза,328,699000,2131.1,0882815086,"Продава КЪЩА, град Варна, м-т Фичоза | 328 кв.м, двор 235 кв.м, Въведен в експлоатация, LUXIMMO FINEST ESTATES: www.luximmo.bg С удоволствие представяме единствен по рода си имот с уникалн ...",https://www.imot.bg/obiava-1j174732127102061-prodava-kashta-grad-varna-m-t-fichoza,https://imotstatic2.focus.bg/imot/photosimotbg/1/061/1j174732127102061_GT.jpg,,NO
апартамент,агенция,м-т Ален мак,135,280000,2074.07,0882815086,"Продава 3-СТАЕН, град Варна, м-т Ален мак | 135 кв.м, 2-ри ет. от 7, Въведен в експлоатация, LUXIMMO FINEST ESTATES: www.luximmo.bg Изберете апартамент 'Лиса' - тристаен имот в луксозе ...",https://www.imot.bg/obiava-1c177039365366915-prodava-tristaen-apartament-grad-varna-m-t-alen-mak,https://imotstatic2.focus.bg/imot/photosimotbg/1/915/1c177039365366915_MP.jpg,,NO
апартамент,агенция,Лятно кино Тракия,54,71000,1314.81,0894452162,"Продава 3-СТАЕН, град Варна, Лятно кино Тракия | 54 кв.м, До църквата, 5-ти ет. от 5, Въведен в експлоатация, ФАКТОР ИМОТИ - Само при нас !!! Продаваме етаж от жилищна сграда на 100 м от градинката на Лятно кин ...",https://www.imot.bg/obiava-1c175576751044392-prodava-tristaen-apartament-grad-varna-lyatno-kino-trakiya-do-tsarkvata,https://imotstatic1.focus.bg/imot/photosimotbg/1/392/1c175576751044392_t4.jpg,,NO
апартамент,агенция,к.к. Св.Св. Константин и Елена,54,209500,3879.63,0894452162,"Продава 1-СТАЕН, град Варна, к.к. Св.Св. Константин и Елена | 54 кв.м, АЗУР, 5-ти ет. от 6, Въведен в експлоатация, ЕКИПЪТ-ФАКТОР ИМОТИ - С удоволствие ви представяме прекрасен имот , който ви дава възможността да жи ...",https://www.imot.bg/obiava-1a174116950193111-prodava-ednostaen-apartament-grad-varna-k-k-sv-sv-konstantin-i-elena-azur,https://imotstatic2.focus.bg/imot/photosimotbg/1/111/1a174116950193111_Sw.jpg,,NO
парцел,агенция,м-т Боровец - юг,2840,426000,150.0,0898572203,"Продава ПАРЦЕЛ, град Варна, м-т Боровец - юг | 2840 кв.м, Чигана, Регулация, Ток, ID 5609 - Виза! Одобрен ПУП-ПРЗ! Сменен статут! Ток! Чиста площ без повече отнемане. Пр ...",https://www.imot.bg/obiava-1r170851743342131-prodava-partsel-grad-varna-m-t-borovets-yug-chigana,https://imotstatic4.focus.bg/imot/photosimotbg/1/131/1r170851743342131_G0.jpg,,NO
апартамент,агенция,Младост,67,119900,1789.55,0877590015,"Продава 3-СТАЕН, град Варна, Младост 1 | 67 кв.м, 1-ви ет. от 6, Въведен в експлоатация 1980 - 1989 г., НОВА ЕКСКЛУЗИВНА ОФЕРТА! ТОП ЦЕНА ЗА ТРИСТАЕН АПАРТАМЕНТ С ИЗЦЯЛО ЮЖНО ИЗЛОЖЕНИЕ! УДОБНО РАЗПРЕДЕЛЕН ...",https://www.imot.bg/obiava-1c178815979512900-prodava-tristaen-apartament-grad-varna-mladost-1,https://imotstatic1.focus.bg/imot/photosimotbg/1/900/1c178815979512900_TR.jpg,,NO
парцел,агенция,м-т Боровец - юг,3124,374800,119.97,0898572203,"Продава ПАРЦЕЛ, град Варна, м-т Боровец - юг | 3124 кв.м, Регулация, ID 6663 Виза за проектиране за 3 те парцела! Предлагаме Ви няколко парцела с влязъл в сила ПУП под ...",https://www.imot.bg/obiava-1r174058139428900-prodava-partsel-grad-varna-m-t-borovets-yug,https://imotstatic3.focus.bg/imot/photosimotbg/1/900/1r174058139428900_4e.jpg,,NO
апартамент,агенция,Трошево,68,122000,1794.12,0886585361,"Продава 3-СТАЕН, град Варна, Трошево | 68 кв.м, делта планет, 9-ти ет. от 9, Въведен в експлоатация 1998 г., ОДИСЕЙ ИМОТИ предлага имот с функционално разпределение, разположено в непосредствена близост до Del ...",https://www.imot.bg/obiava-1c178815976154045-prodava-tristaen-apartament-grad-varna-troshevo-delta-planet,https://cdn3.focus.bg/imot/photosimotbg/1/045/1c178815976154045_k.jpg,,NO
парцел,агенция,м-т Боровец - юг,3125,468750,150.0,0899964495,"Продава ПАРЦЕЛ, град Варна, м-т Боровец - юг | 3125 кв.м, м-т Чигана, ID 7485 - Одобрен ПУП-ПРЗ! Предлагаме на Вашето внимание панорамен парцел в местност Боровец-юг, ме ...",https://www.imot.bg/obiava-1r175213822980182-prodava-partsel-grad-varna-m-t-borovets-yug-m-t-chigana,https://imotstatic1.focus.bg/imot/photosimotbg/1/182/1r175213822980182_qx.jpg,,NO
парцел,агенция,Галата,2840,426000,150.0,0898572203,"Продава ПАРЦЕЛ, град Варна, Галата | 2840 кв.м, ЧИГАНА, Регулация, Ток, ВИЗА ЗА ПРОЕКТИРАНЕ !!! Одобрен и влязъл в сила ПУП-ПРЗ! Сменен статут! Партида за ток! Монтиран ...",https://www.imot.bg/obiava-1r145068220714071-prodava-partsel-grad-varna-galata-chigana,https://imotstatic4.focus.bg/imot/photosimotbg/1/071/1r145068220714071_FX.jpg,,NO
парцел,агенция,м-т Боровец - юг,4116,407500,99.0,0898572203,"Продава ПАРЦЕЛ, град Варна, м-т Боровец - юг | 4116 кв.м, Регулация, ID 7598 - Предлагаме на Вашето внимание панорамен парцел с площ от 4116кв.м. Боровец-юг, местност 'Ч ...",https://www.imot.bg/obiava-1r175818666274820-prodava-partsel-grad-varna-m-t-borovets-yug,https://imotstatic4.focus.bg/imot/photosimotbg/1/820/1r175818666274820_M4.jpg,,NO
парцел,агенция,Галата,3124,374800,119.97,0898572203,"Продава ПАРЦЕЛ, град Варна, Галата | 3124 кв.м, Регулация, ID 6663 Виза за проектиране за 3 те парцела! Предлагаме Ви няколко парцела с влязъл в сила ПУП под ...",https://www.imot.bg/obiava-1r172163678896257-prodava-partsel-grad-varna-galata,https://imotstatic2.focus.bg/imot/photosimotbg/1/257/1r172163678896257_YJ.jpg,,NO
парцел,агенция,м-т Боровец - юг,500,60000,120.0,0898572203,"Продава ПАРЦЕЛ, град Варна, м-т Боровец - юг | 500 кв.м, ЧИГАНА, Регулация, Одобрен и влязъл в сила ПУП! Виза за проектиране! Сменено предназначение! Положително становище от е ...",https://www.imot.bg/obiava-1r175317005646149-prodava-partsel-grad-varna-m-t-borovets-yug-chigana,https://cdn3.focus.bg/imot/photosimotbg/1/149/1r175317005646149_iU.jpg,,NO
къща,агенция,Галата,65,160000,2461.54,0895231979,"Продава КЪЩА, град Варна, Галата | 65 кв.м, двор 300 кв.м, Зеленика, 1 ет., Ще бъде въведен в експлоатация 2026 г., Явлена-Варна ви предлага за продажба самостоятелна едноетажна къща с А-14, разположена в местност Зе ...",https://www.imot.bg/obiava-1j178548446521054-prodava-kashta-grad-varna-galata-zelenika,https://imotstatic4.focus.bg/imot/photosimotbg/1/054/1j178548446521054_Qy.jpg,,NO
апартамент,агенция,Кайсиева градина,64,103000,1609.38,0887222477,"Продава 2-СТАЕН, град Варна, Кайсиева градина | 64 кв.м, 8-ми ет. от 11, Ще бъде въведен в експлоатация 2027 г., САМО В LIONS GROUP! НОВА СГРАДА С АКТ 14 ! ДОКАЗАН СТРОИТЕЛ! СХЕМА 20% СЕГА ОСТАНАЛИТЕ НА АКТ 15 !!! ...",https://www.imot.bg/obiava-1b176362906434451-prodava-dvustaen-apartament-grad-varna-kaysieva-gradina,https://cdn3.focus.bg/imot/photosimotbg/1/451/1b176362906434451_9i.jpg,,NO
апартамент,агенция,Трошево,60,119500,1991.67,0887171800,"Продава 3-СТАЕН, град Варна, Трошево | 60 кв.м, Варна мол, 6-ти ет. от 16, Газ, ТЕЦ, Въведен в експлоатация 1980 - 1989 г., PRESTIGE Имоти предлага за продажба светъл и функционален тристаен апартамент в кв. Трошево, в непос ...",https://www.imot.bg/obiava-1c178643396354712-prodava-tristaen-apartament-grad-varna-troshevo-varna-mol,https://imotstatic3.focus.bg/imot/photosimotbg/1/712/1c178643396354712_cW.jpg,,NO
апартамент,агенция,Възраждане,67,140000,2089.55,0877775858,"Продава 3-СТАЕН, град Варна, Възраждане 1 | 67 кв.м, 2-ри ет. от 16, Въведен в експлоатация 1980 - 1989 г., ЮЖНО ИЗЛОЖЕНИЕ! НАПЪЛНО ОБЗАВЕДЕН! ДО ПАРКА! ПОДХОДЯЩ ЗА ИНВЕСТИЦИЯ! Най- актуалните Имоти са samhom ...",https://www.imot.bg/obiava-1c177693410822938-prodava-tristaen-apartament-grad-varna-vazrazhdane-1,https://cdn3.focus.bg/imot/photosimotbg/1/938/1c177693410822938_kK.jpg,,NO
апартамент,агенция,ВИНС-Червен площад,147,360000,2448.98,0878210021,"Продава 3-СТАЕН, град Варна, ВИНС-Червен площад | 147 кв.м, 3-ти ет. от 4, Въведен в експлоатация 2000 г., СУПЕР Светъл и Просторен! Топ Център! www.samhome.bg Реф. Номер: 9818 Описание на имота :Просторен ...",https://www.imot.bg/obiava-1c177667214490786-prodava-tristaen-apartament-grad-varna-vins-cherven-ploshtad,https://cdn3.focus.bg/imot/photosimotbg/1/786/1c177667214490786_1N.jpg,,NO
апартамент,агенция,Виница,105,155000,1476.19,0878210021,"Продава 3-СТАЕН, град Варна, Виница | 105 кв.м, 2-ри ет. от 6, Ще бъде въведен в експлоатация 2026 г., Сграда пред А16! Южен! Светъл! Среден етаж! Паркомясто! Най- актуалните Имоти са samhome.bg Реф. Ном ...",https://www.imot.bg/obiava-1c177150427457085-prodava-tristaen-apartament-grad-varna-vinitsa,https://imotstatic1.focus.bg/imot/photosimotbg/1/085/1c177150427457085_Un.jpg,,NO
апартамент,агенция,м-т Пчелина,55,99900,1816.36,0878210021,"Продава 2-СТАЕН, град Варна, м-т Пчелина | 55 кв.м, 3-ти ет. от 4, Ще бъде въведен в експлоатация 2026 г., Южен! Среден Етаж! Сграда пред А16! Най- актуалните Имоти са samhome.bg Реф. Номер: 32263 Отлична л ...",https://www.imot.bg/obiava-1b177392190879728-prodava-dvustaen-apartament-grad-varna-m-t-pchelina,https://imotstatic2.focus.bg/imot/photosimotbg/1/728/1b177392190879728_wP.jpg,,NO
апартамент,агенция,Кайсиева градина,168,209335,1246.04,0898726411,"Продава 3-СТАЕН, град Варна, Кайсиева градина | 168 кв.м, 11-ти ет. от 11, Ще бъде въведен в експлоатация 2027 г., Просторен тристаен апартамент с чиста площ 147,18 кв.м и обща площ 167,6 кв.м се предлага за продажб ...",https://www.imot.bg/obiava-1c175654707809108-prodava-tristaen-apartament-grad-varna-kaysieva-gradina,https://imotstatic1.focus.bg/imot/photosimotbg/1/108/1c175654707809108_3J.jpg,,NO
апартамент,агенция,Кайсиева градина,200,242074,1210.37,0898726411,"Продава 4-СТАЕН, град Варна, Кайсиева градина | 200 кв.м, 11-ти ет. от 11, Ще бъде въведен в експлоатация 2027 г., Инвеститор продава без комисионна за купувача четиристаен апартамент с панорамна гледка към морето и ...",https://www.imot.bg/obiava-1d175645521604991-prodava-chetiristaen-apartament-grad-varna-kaysieva-gradina,https://imotstatic1.focus.bg/imot/photosimotbg/1/991/1d175645521604991_ym.jpg,,NO
апартамент,агенция,Погреби,95,199900,2104.21,0898533570,"Продава 4-СТАЕН, град Варна, Погреби | 95 кв.м, 4-ти ет. от 8, Въведен в експлоатация 2002 г., САМО В ЕРА ВИЗИЯ! 4 ОТДЕЛНИ СТАИ! ДВЕ БАНИ! ПО ЕДИН АПАРТАМЕНТ НА ЕТАЖ! ЕРА Визия предлага за продаж ...",https://www.imot.bg/obiava-1d178550671877264-prodava-chetiristaen-apartament-grad-varna-pogrebi,https://imotstatic1.focus.bg/imot/photosimotbg/1/264/1d178550671877264_KK.jpg,,NO
апартамент,агенция,Бриз,105,174990,1666.57,0898645127,"Продава 3-СТАЕН, град Варна, Бриз | 105 кв.м, АКТ 16 , 2-ри ет. от 5, Въведен в експлоатация 2025 г., 🌟 Привлекателна Оферта за Продажба на Имот! 🌟 Представяме Ви изключителен 3-СТАЕН А ...",https://www.imot.bg/obiava-1c174117084690914-prodava-tristaen-apartament-grad-varna-briz-akt-16,https://imotstatic3.focus.bg/imot/photosimotbg/1/914/1c174117084690914_zP.jpg,,NO
апартамент,агенция,Кайсиева градина,115,134900,1173.04,0888550593,"Продава 3-СТАЕН, град Варна, Кайсиева градина | 115 кв.м, 3-ти ет. от 8, Ще бъде въведен в експлоатация 2026 г., ✅ЕКСКЛУЗИВНО✅ 🔥ЗА КОНТАКТ : НЕДЕЛЧО СТОЯНОВ 🔥 ...",https://www.imot.bg/obiava-1c176103005441316-prodava-tristaen-apartament-grad-varna-kaysieva-gradina,https://imotstatic1.focus.bg/imot/photosimotbg/1/316/1c176103005441316_va.jpg,,NO
апартамент,агенция,Център,75,149990,1999.87,0888550593,"Продава 3-СТАЕН, град Варна, Център | 75 кв.м, 3-ти ет. от 5, Ще бъде въведен в експлоатация 2026 г., 🔥ЗА КОНТАКТ : НЕДЕЛЧО СТОЯНОВ 🔥 ✅ТРИСТАЕН НА ЦЕНАТА НА ДВУСТАЕН ...",https://www.imot.bg/obiava-1c178461810169432-prodava-tristaen-apartament-grad-varna-tsentar,https://imotstatic3.focus.bg/imot/photosimotbg/1/432/1c178461810169432_eB.jpg,,NO
апартамент,агенция,Възраждане,67,104990,1567.01,0888550593,"Продава 2-СТАЕН, град Варна, Възраждане 3 | 67 кв.м, Ще бъде въведен в експлоатация 2026 г., 🔥ЗА КОНТАКТ : НЕДЕЛЧО СТОЯНОВ 🔥 ОТ ВИ ЕМ ХОУМ ✅СТРАХОТЕН ДВУСТАЕ ...",https://www.imot.bg/obiava-1b177459818939096-prodava-dvustaen-apartament-grad-varna-vazrazhdane-3,https://imotstatic1.focus.bg/imot/photosimotbg/1/096/1b177459818939096_X8.jpg,,NO
апартамент,агенция,Младост,61,164990,2704.75,0888550593,"Продава 2-СТАЕН, град Варна, Младост 1 | 61 кв.м, ПАРКОМЯСТО , 5-ти ет. от 6, Въведен в експлоатация 2025 г., 🔥ЗА КОНТАКТ : НЕДЕЛЧО СТОЯНОВ 🔥 ✅СТРАХОТЕН ДВУСТАЕН АПАРТАМЕНТ D ...",https://www.imot.bg/obiava-1b175739786312733-prodava-dvustaen-apartament-grad-varna-mladost-1-parkomyasto,https://imotstatic3.focus.bg/imot/photosimotbg/1/733/1b175739786312733_ax.jpg,,NO
апартамент,агенция,Младост,74,114990,1553.92,0888550593,"Продава 2-СТАЕН, град Варна, Младост 1 | 74 кв.м, Ще бъде въведен в експлоатация 2026 г., 🔥ЗА КОНТАКТ : НЕДЕЛЧО СТОЯНОВ 🔥 ✅ДВУСТАЕН АПАРТАМЕНТ НА ТОП ЦЕНА ...",https://www.imot.bg/obiava-1b177444562727892-prodava-dvustaen-apartament-grad-varna-mladost-1,https://imotstatic1.focus.bg/imot/photosimotbg/1/892/1b177444562727892_sV.jpg,,NO
апартамент,агенция,Галата,93,190000,2043.01,0887222477,"Продава 3-СТАЕН, град Варна, Галата | 93 кв.м, 3-ти ет. от 3, Въведен в експлоатация 1992 г., 💥ЕКСКЛУЗИВЕН ИМОТ 👉ТРИСТАЕН АПАРТАМЕНТ 👉ИЗЦЯЛО ОБЗАВЕДЕН И ОБОРУДВАН С УРЕ ...",https://www.imot.bg/obiava-1c174247570546238-prodava-tristaen-apartament-grad-varna-galata,https://cdn3.focus.bg/imot/photosimotbg/1/238/1c174247570546238_TK.jpg,,NO
апартамент,агенция,Цветен квартал,63,119900,1903.17,0888550593,"Продава 2-СТАЕН, град Варна, Цветен квартал | 63 кв.м, Ще бъде въведен в експлоатация 2026 г., 🔥ЗА КОНТАКТ : НЕДЕЛЧО СТОЯНОВ 🔥 ✅СТРАХОТЕН ДВУСТАЕН АПАРТАМЕНТ НА С ...",https://www.imot.bg/obiava-1b177460648061605-prodava-dvustaen-apartament-grad-varna-tsveten-kvartal,https://imotstatic1.focus.bg/imot/photosimotbg/1/605/1b177460648061605_Nl.jpg,,NO
къща,агенция,Изгрев,24,159000,6625.0,0895803009,"Продава КЪЩА, град Варна, Изгрев | 24 кв.м, двор 517 кв.м, ул.Жасмин, 1 ет., Въведен в експлоатация, ТОК , ВОДА И КАНАЛИЗАЦИЯ, АСФАЛТОВ ПЪТ ! НА МИНУТИ ОТ СПИРКА НА ГРАДСКИЯ ТРАНСПОРТ ! ПОДХОДЯЩ ЗА БИЗ ...",https://www.imot.bg/obiava-1j178228871749174-prodava-kashta-grad-varna-izgrev-ul-zhasmin,https://imotstatic1.focus.bg/imot/photosimotbg/1/174/1j178228871749174_Xd.jpg,,NO
апартамент,агенция,Лятно кино Тракия,41,145000,3536.59,0895803009,"Продава 2-СТАЕН, град Варна, Лятно кино Тракия | 41 кв.м, 2-ри ет. от 5, Въведен в експлоатация 1999 г., Екипът Sweet Home, предлага за продажба двустаен апартамент в непосредствена близост до училище Йор ...",https://www.imot.bg/obiava-1b178553140282638-prodava-dvustaen-apartament-grad-varna-lyatno-kino-trakiya,https://imotstatic1.focus.bg/imot/photosimotbg/1/638/1b178553140282638_ou.jpg,,NO
офис,агенция,Аспарухово,125,205000,1640.0,0888734179,"Продава ОФИС, град Варна, Аспарухово | 125 кв.м, до парка, Партер от 7, Въведен в експлоатация 2016 г., ЕКСКЛУЗИВНО от ЕКИПЪТ 'ГРАДЕВ' предлагаме помещение със застроена площ 125 кв.м. на партерно ниво + ...",https://www.imot.bg/obiava-1g178814867646000-prodava-ofis-grad-varna-asparuhovo-do-parka,https://imotstatic4.focus.bg/imot/photosimotbg/1/000/1g178814867646000_TI.jpg,,NO
търговски,агенция,Аспарухово,125,205000,1640.0,0888734179,"Продава ЗАВЕДЕНИЕ, град Варна, Аспарухово | 125 кв.м, до парка, Партер от 6, Въведен в експлоатация 2016 г., ЕКСКЛУЗИВНО от ЕКИПЪТ 'ГРАДЕВ' - Сладкарница със застроена площ 125 кв.м. на партерно ниво + гара ...",https://www.imot.bg/obiava-1m178814829781973-prodava-zavedenie-grad-varna-asparuhovo-do-parka,https://imotstatic1.focus.bg/imot/photosimotbg/1/973/1m178814829781973_X3.jpg,,NO
парцел,агенция,Западна промишлена зона,2200,287700,130.77,0888864178,"Продава ПАРЦЕЛ, град Варна, Западна промишлена зона | 2200 кв.м, Крайезерен път, Регулация, 'Хепи хоумс Бг' продава парцел с площ 2,200м2 в ЗПЗ,крайезерен път,близо до складове и други ...",https://www.imot.bg/obiava-1r177662585805982-prodava-partsel-grad-varna-zapadna-promishlena-zona-krayezeren-pat,https://imotstatic3.focus.bg/imot/photosimotbg/1/982/1r177662585805982_Sf.jpg,,NO
парцел,агенция,м-т Акчелар,600,170000,283.33,0888864178,"Продава ПАРЦЕЛ, град Варна, м-т Акчелар | 600 кв.м, Регулация, Ток, Вода, Ако искате да се събуждате всяка сутрин с абсолютна морска панорама,да пиете кафето си на чист възду ...",https://www.imot.bg/obiava-1r177084508008231-prodava-partsel-grad-varna-m-t-akchelar,https://imotstatic1.focus.bg/imot/photosimotbg/1/231/1r177084508008231_1X.jpg,,NO
парцел,агенция,м-т Манастирски рид,795,65000,81.76,0879605044,"Продава ПАРЦЕЛ, град Варна, м-т Манастирски рид | 795 кв.м, Регулация, ПАРЦЕЛ ЗА ВСЕКИ ДЖОБ!!! НИСКА ЦЕНА!!! ПРАВИЛНА ФОРМА!!! Парцелът е без денивилация и трасиран. Предл ...",https://www.imot.bg/obiava-1r177995966169086-prodava-partsel-grad-varna-m-t-manastirski-rid,https://imotstatic3.focus.bg/imot/photosimotbg/1/086/1r177995966169086_iP.jpg,,NO
апартамент,агенция,Виница,37,67000,1810.81,0879605044,"Продава 1-СТАЕН, град Варна, Виница | 37 кв.м, 2-ри ет. от 4, Ще бъде въведен в експлоатация 2026 г., НОВА ТУХЛА!!!ЗАВЪРШЕН ДО КЛЮЧ !!!С КЛЮЧ В ОФИСА ЗА ОГЛЕДИ! Предлагам ви за продажба едностайно жилищ ...",https://www.imot.bg/obiava-1a172622048505590-prodava-ednostaen-apartament-grad-varna-vinitsa,https://cdn3.focus.bg/imot/photosimotbg/1/590/1a172622048505590_zT.jpg,,NO
апартамент,агенция,Кайсиева градина,65,99990,1538.31,0899999081,"Продава 2-СТАЕН, град Варна, Кайсиева градина | 65 кв.м, 11-ти ет. от 11, Ще бъде въведен в експлоатация 2027 г., ТОП ОФЕРТА! ПЕРФЕКТЕН 2-СТАЕН! ЮЖНО ИЗЛОЖЕНИЕ! ОПЦИЯ ЗА 20% СЕГА, А ОСТАНАЛИТЕ 80% ПРИ ЗАВЪРШЕНА СГР ...",https://www.imot.bg/obiava-1b174127197543887-prodava-dvustaen-apartament-grad-varna-kaysieva-gradina,https://imotstatic3.focus.bg/imot/photosimotbg/1/887/1b174127197543887_GH.jpg,,NO
апартамент,агенция,Цветен квартал,100,182990,1829.9,0899999081,"Продава 3-СТАЕН, град Варна, Цветен квартал | 100 кв.м, 2-ри ет. от 5, Ще бъде въведен в експлоатация 2027 г., СТРАХОТЕН 3-СТАЕН АПАРТАМЕНТ! ДОКАЗАН СТРОИТЕЛ! РАЗСРОЧЕНО ПЛАЩАНЕ! СРЕДЕН ЕТАЖ! СРЕДЕН АПАРТАМЕНТ!О ...",https://www.imot.bg/obiava-1c174219652838853-prodava-tristaen-apartament-grad-varna-tsveten-kvartal,https://cdn3.focus.bg/imot/photosimotbg/1/853/1c174219652838853_uB.jpg,,NO
апартамент,агенция,Възраждане,95,133990,1410.42,0899999081,"Продава 3-СТАЕН, град Варна, Възраждане 1 | 95 кв.м, 4-ти ет. от 9, Ще бъде въведен в експлоатация 2028 г., 🔝 Property Store - Магазин За Имоти, Ви предлага за продажба апартаменти и паркоместа в най- ...",https://www.imot.bg/obiava-1c175811697501762-prodava-tristaen-apartament-grad-varna-vazrazhdane-1,https://imotstatic3.focus.bg/imot/photosimotbg/1/762/1c175811697501762_wE.jpg,,NO
апартамент,агенция,Гръцка махала,122,350000,2868.85,0878447777,"Продава 4-СТАЕН, град Варна, Гръцка махала | 122 кв.м, Шишкова градинка, 4-ти ет. от 6, Газ, Въведен в експлоатация 2007 г., ЧЕТИРИСТАЕН!!! НА МЕТРИ ОТ ПЕШЕХОДНАТА ЗОНА, ПЛАЖА И МОРСКАТА ГРАДИНА!!! ПАРКО МЯСТО В ЦЕНАТА!!! ТОП ...",https://www.imot.bg/obiava-1d178808328795226-prodava-chetiristaen-apartament-grad-varna-gratska-mahala-shishkova-gradinka,https://imotstatic2.focus.bg/imot/photosimotbg/1/226/1d178808328795226_9O.jpg,,NO
апартамент,агенция,Левски,59,165000,2796.61,0882121458,"Продава 2-СТАЕН, град Варна, Левски 1 | 59 кв.м, 4-ти ет. от 5, Въведен в експлоатация 2009 г., ТОП ЛОКАЦИЯ! Южен двустаен апартамент в кв. Левски район с постоянно високо търсене и отличен инве ...",https://www.imot.bg/obiava-1b178057531547696-prodava-dvustaen-apartament-grad-varna-levski-1,https://imotstatic3.focus.bg/imot/photosimotbg/1/696/1b178057531547696_pi.jpg,,NO
апартамент,агенция,Бриз,74,220000,2972.97,0894555680,"Продава 3-СТАЕН, град Варна, Бриз | 74 кв.м, 4-ти ет. от 4, Въведен в експлоатация, Тристаен, напълно обзаведен апартамент в престижния затворен комплекс Planex Coral Residence (кв. Бр ...",https://www.imot.bg/obiava-1c178799550627274-prodava-tristaen-apartament-grad-varna-briz,https://imotstatic4.focus.bg/imot/photosimotbg/1/274/1c178799550627274_37.jpg,,NO
къща,агенция,с. Константиново,89,69900,785.39,0879590800,"Продава ВИЛА, град Варна, с. Константиново | 89 кв.м, двор 560 кв.м, м-ст Припек, 3 ет., Въведен в експлоатация, 🏡 Вила с 560 кв.м двор в м-т Припек, район Константиново | Близо до Варна и Варненското езер ...",https://www.imot.bg/obiava-1k178799473259783-prodava-vila-grad-varna-s-konstantinovo-m-st-pripek,https://imotstatic4.focus.bg/imot/photosimotbg/1/783/1j178799473259783_xK.jpg,,NO
апартамент,агенция,Лятно кино Тракия,70,149900,2141.43,0879877705,"Продава 3-СТАЕН, град Варна, Лятно кино Тракия | 70 кв.м, 5-ти ет. от 5, Въведен в експлоатация 2012 г., 🏡 ЕКСКЛУЗИВНА ОФЕРТА | Тристаен обзаведен апартамент за продажба Лятно кино Тракия Предла ...",https://www.imot.bg/obiava-1c177677028343850-prodava-tristaen-apartament-grad-varna-lyatno-kino-trakiya,https://imotstatic4.focus.bg/imot/photosimotbg/1/850/1c177677028343850_Qp.jpg,,NO
апартамент,агенция,Погреби,93,190000,2043.01,0877364774,"Продава 3-СТАЕН, град Варна, Погреби | 93 кв.м, 4-ти ет. от 6, Въведен в експлоатация 2012 г., ОФЕРТА 7869 ИН КОНСУЛТ недвижими имоти Ви предлага ЕКСКЛУЗИВНО за продажба тристаен апартамент,в ...",https://www.imot.bg/obiava-1c175473335106197-prodava-tristaen-apartament-grad-varna-pogrebi,https://cdn3.focus.bg/imot/photosimotbg/1/197/1c175473335106197_pe.jpg,,NO
апартамент,агенция,Кайсиева градина,102,168000,1647.06,0877877569,"Продава 4-СТАЕН, град Варна, Кайсиева градина | 102 кв.м, 4-ти ет. от 4, Ще бъде въведен в експлоатация 2026 г., От Имот Консулт Ви предлагаме да станете собственик на просторен Четеристаен апартамент, ново строи ...",https://www.imot.bg/obiava-1d178794211527496-prodava-chetiristaen-apartament-grad-varna-kaysieva-gradina,https://imotstatic1.focus.bg/imot/photosimotbg/1/496/1d178794211527496_3Q.jpg,,NO
апартамент,агенция,м-т Ментешето,93,149600,1608.6,0877877569,"Продава 3-СТАЕН, град Варна, м-т Ментешето | 93 кв.м, 3-ти ет. от 5, Въведен в експлоатация 2025 г., ИМОТ КОНСУЛТ Ви представия този отличен имот тристаен апартамент с обща площ 94.10 кв.м., в нова жи ...",https://www.imot.bg/obiava-1c178794186662688-prodava-tristaen-apartament-grad-varna-m-t-mentesheto,https://imotstatic4.focus.bg/imot/photosimotbg/1/688/1c178794186662688_K.jpg,,NO
апартамент,агенция,Център,110,249000,2263.64,0898506565,"Продава 4-СТАЕН, град Варна, Център | 110 кв.м, НЕПТУН- ОБЩИНА , 5-ти ет. от 8, Въведен в експлоатация, 🏡 ЕКСКЛУЗИВНО ОТ REHOUSE | ПРОСТОРЕН ЧЕТИРИСТАЕН АПАРТАМЕНТ ДО ОБЩИНАТА И НЕПТУН ✨ П ...",https://www.imot.bg/obiava-1d178644711763029-prodava-chetiristaen-apartament-grad-varna-tsentar-neptun-obshtina,https://cdn3.focus.bg/imot/photosimotbg/1/029/1d178644711763029_po.jpg,,NO
гараж,агенция,Колхозен пазар,12,29900,2491.67,0875363330,"Продава ПАРКОМЯСТО, град Варна, Колхозен пазар | 12 кв.м, ниво -1 от 7, ШИРОКА МАНЕВРЕНА ПЛОЩ! В СИНЯ ЗОНА! Представяме ви подземно паркомясто в синя зона, с площ 11.4 кв ...",https://www.imot.bg/obiava-1o178792850723513-prodava-garazh-parkomyasto-grad-varna-kolhozen-pazar,https://imotstatic4.focus.bg/imot/photosimotbg/1/513/1o178792850723513_OR.jpg,,NO
апартамент,агенция,к.к. Чайка,79,240000,3037.97,0885252556,"Продава 2-СТАЕН, град Варна, к.к. Чайка | 79 кв.м, 1-ви ет. от 6, Въведен в експлоатация 2017 г., ПЪРВА ЛИНИЯ НА ПЛАЖ КАБАКУМ! УНИКАЛНА МОРСКА ПАНОРАМА! БАСЕЙН! ДИРЕКТЕН ДОСТЪП ДО ПЛАЖА! КАНТОРА 52 ...",https://www.imot.bg/obiava-1b178792742207750-prodava-dvustaen-apartament-grad-varna-k-k-chayka,https://imotstatic2.focus.bg/imot/photosimotbg/1/750/1b178792742207750_X3.jpg,,NO
апартамент,агенция,Владислав Варненчик,105,109000,1038.1,0878447777,"Продава 4-СТАЕН, град Варна, Владислав Варненчик 2 | 105 кв.м, 7-ми ет. от 14, Въведен в експлоатация 1980 - 1989 г., АТРАКТИВНА ЦЕНА!!! САМО В S PROPERTIES!!! ПРОСТОР И ГОЛЕМИ ПЛОЩИ!!! Ексклузивно! Просторен многоста ...",https://www.imot.bg/obiava-1d178792740500676-prodava-chetiristaen-apartament-grad-varna-vladislav-varnenchik-2,https://imotstatic2.focus.bg/imot/photosimotbg/1/676/1e178792740500676_x1.jpg,,NO
къща,агенция,м-т Ален мак,220,685000,3113.64,0882550554,"Продава КЪЩА, град Варна, м-т Ален мак | 220 кв.м, двор 358 кв.м, 0 от 3, Въведен в експлоатация 2022 г., Агенция Живена предлага за продажба привлекателен имот, с модерен и съвременен облик, разположен в н ...",https://www.imot.bg/obiava-1j178549380604455-prodava-kashta-grad-varna-m-t-alen-mak,https://imotstatic2.focus.bg/imot/photosimotbg/1/455/1j178549380604455_SI.jpg,,NO
апартамент,агенция,Бриз,70,232000,3314.29,0882121460,"Продава 2-СТАЕН, град Варна, Бриз | 70 кв.м, 2-ри ет. от 7, Въведен в експлоатация 2020 г., Светъл и обширен двустаен апартамент в нова, модерна сграда в район Бриз. Жилището е напълно обзавед ...",https://www.imot.bg/obiava-1b178792478587559-prodava-dvustaen-apartament-grad-varna-briz,https://cdn3.focus.bg/imot/photosimotbg/1/559/1b178792478587559_u.jpg,,NO
апартамент,агенция,к.к. Златни пясъци,95,145000,1526.32,0882668009,"Продава 3-СТАЕН, град Варна, к.к. Златни пясъци | 95 кв.м, 3-ти ет. от 6, Въведен в експлоатация, Представям напълно обзаведен тристаен апартамент с гледка към морето, за продажба в к.к. Златни пя ...",https://www.imot.bg/obiava-1c178792268353560-prodava-tristaen-apartament-grad-varna-k-k-zlatni-pyasatsi,https://imotstatic4.focus.bg/imot/photosimotbg/1/560/1c178792268353560_ur.jpg,,NO
апартамент,агенция,Окръжна болница-Генерали,64,163900,2560.94,0897067701,"Продава 2-СТАЕН, град Варна, Окръжна болница-Генерали | 64 кв.м, 3-ти ет. от 5, Въведен в експлоатация 2009 г., Реф. номер: A161112, тел. за контакт - ОБЗАВЕДЕН И ОБОРУДВАН! СТАТУТ НА АПАРТАМЕНТ! ...",https://www.imot.bg/obiava-1b178792257840665-prodava-dvustaen-apartament-grad-varna-okrazhna-bolnitsa-generali,https://imotstatic4.focus.bg/imot/photosimotbg/1/665/1b178792257840665_O0.jpg,,NO
къща,агенция,Изгрев,327,215000,657.49,0888705467,"Продава КЪЩА, град Варна, Изгрев | 327 кв.м, двор 1137 кв.м, Въведен в експлоатация 1993 г., ID 4525 Североизточни имоти Ви предлага за продажба масивна триетажна тухлена къща находяща се в г ...",https://www.imot.bg/obiava-1j178792225507423-prodava-kashta-grad-varna-izgrev,https://imotstatic3.focus.bg/imot/photosimotbg/1/423/1j178792225507423_xQ.jpg,,NO
парцел,агенция,м-т Долна Трака,980,236000,240.82,0884858075,"Продава ПАРЦЕЛ, град Варна, м-т Долна Трака | 980 кв.м, Регулация, Ток, Вода, Продава се голям ъглов парцел разположен на две главни улици в района на Кубчето .Направен е допуск ...",https://www.imot.bg/obiava-1r174600493242146-prodava-partsel-grad-varna-m-t-dolna-traka,https://imotstatic1.focus.bg/imot/photosimotbg/1/146/1r174600493242146_ef.jpg,,NO
апартамент,агенция,Колхозен пазар,70,160000,2285.71,0899966021,"Продава 3-СТАЕН, град Варна, Колхозен пазар | 70 кв.м, ул. Беласица, 2-ри ет. от 6, Въведен в експлоатация, ИЗКЛЮЧИТЕЛНО КОМУНИВНА ЛОКАЦИЯ ! ОБЗАВЕДЕН - 2 СПАЛНИ ! М.Г. ПРОПЪРТИС представяме на Вашето ...",https://www.imot.bg/obiava-1c178792132930311-prodava-tristaen-apartament-grad-varna-kolhozen-pazar-ul-belasitsa,https://imotstatic3.focus.bg/imot/photosimotbg/1/311/1c178792132930311_Na.jpg,,NO
апартамент,агенция,Възраждане,65,159950,2460.77,0896510630,"Продава 3-СТАЕН, град Варна, Възраждане 2 | 65 кв.м, 6-ти ет. от 8, Въведен в експлоатация, 💎 Луксозен тристаен апартамент до ключ във Варна, кв. Възраждане 2 Предлагаме за продажба с ...",https://www.imot.bg/obiava-1c178792109859441-prodava-tristaen-apartament-grad-varna-vazrazhdane-2,https://cdn3.focus.bg/imot/photosimotbg/1/441/1c178792109859441_p9.jpg,,NO
апартамент,агенция,Възраждане,61,149900,2457.38,0877077553,"Продава 3-СТАЕН, град Варна, Възраждане 2 | 61 кв.м, 6-ти ет. от 8, Въведен в експлоатация 1980 - 1989 г., Агенция за недвижими имоти HEGEMON ESTATE предлага за продажба тристаен апартамент, разположен в кв. ...",https://www.imot.bg/obiava-1c178792014769001-prodava-tristaen-apartament-grad-varna-vazrazhdane-2,https://imotstatic3.focus.bg/imot/photosimotbg/1/001/1c178792014769001_53.jpg,,NO
апартамент,агенция,Владислав Варненчик,86,151999,1767.43,0897885152,"Продава 4-СТАЕН, град Варна, Владислав Варненчик 1 | 86 кв.м, Кметството, 7-ми ет. от 8, Въведен в експлоатация, ГОЛЯМ ОБЗАВЕДЕН АПАРТАМЕНТ! ПАНОРАМА! РЕАЛНА ПЛОЩ! Просторен и уютен апартамент в центъра на кв. Вла ...",https://www.imot.bg/obiava-1d178791832799828-prodava-chetiristaen-apartament-grad-varna-vladislav-varnenchik-1-kmetstvoto,https://cdn3.focus.bg/imot/photosimotbg/1/828/1d178791832799828_m.jpg,,NO
апартамент,агенция,Гранд Мол,52,109900,2113.46,0897067701,"Продава 2-СТАЕН, град Варна, Гранд Мол | 52 кв.м, 2-ри ет. от 5, Ще бъде въведен в експлоатация 2026 г., Реф. номер: A171625, тел. за контакт - НОВА СГРАДА! ФУНКЦИОНАЛНО РАЗПРЕДЕЛЕНИЕ! ОТЛИ ...",https://www.imot.bg/obiava-1b178791825992747-prodava-dvustaen-apartament-grad-varna-grand-mol,https://imotstatic1.focus.bg/imot/photosimotbg/1/747/1b178791825992747_jg.jpg,,NO
апартамент,агенция,Възраждане,59,159900,2710.17,0878449249,"Продава 3-СТАЕН, град Варна, Възраждане 2 | 59 кв.м, 6-ти ет. от 8, Въведен в експлоатация 1970 - 1979 г., Арканум Груп предлага за продажба стилен двустаен апартамент в гр. Варна, кв. Възраждане 2, завършен ...",https://www.imot.bg/obiava-1c178791764360368-prodava-tristaen-apartament-grad-varna-vazrazhdane-2,https://imotstatic2.focus.bg/imot/photosimotbg/1/368/1c178791764360368_E2.jpg,,NO
апартамент,агенция,Център,56,259000,4625.0,0879590034,"Продава 2-СТАЕН, град Варна, Център | 56 кв.м, 2-ри ет. от 6, Въведен в експлоатация, Имоти Премиер представя ✨ ЛУКСОЗЕН ДВУСТАЕН АПАРТАМЕНТ | ЦЕНТЪР, ВАРНА ✨ Предлагаме з ...",https://www.imot.bg/obiava-1b178791663061759-prodava-dvustaen-apartament-grad-varna-tsentar,https://imotstatic3.focus.bg/imot/photosimotbg/1/759/1b178791663061759_j7.jpg,,NO
апартамент,агенция,Център,93,335000,3602.15,0878808980,"Продава 3-СТАЕН, град Варна, Център | 93 кв.м, Ул.Хаджи Стамат Сидеров 9, 2-ри ет. от 6, Ще бъде въведен в експлоатация 2026 г., Тристаен апартамент за продажба в новострояща се бутикова сграда в идеалния център на Варна. Апарта ...",https://www.imot.bg/obiava-1c178791599986644-prodava-tristaen-apartament-grad-varna-tsentar-ul-hadzhi-stamat-siderov-9,https://imotstatic2.focus.bg/imot/photosimotbg/1/644/1c178791599986644_CS.jpg,,NO
апартамент,агенция,Център,73,240000,3287.67,0878808980,"Продава 2-СТАЕН, град Варна, Център | 73 кв.м, Ул.Хаджи Стамат Сидеров 9, Ще бъде въведен в експлоатация 2026 г., Апартаментът е разположен на 4-ти етаж, с обща площ 73 кв.м (в т.ч. маза 2.43 кв.м) и отлично тройно ...",https://www.imot.bg/obiava-1b178791561609260-prodava-dvustaen-apartament-grad-varna-tsentar-ul-hadzhi-stamat-siderov-9,https://imotstatic3.focus.bg/imot/photosimotbg/1/260/1b178791561609260_p8.jpg,,NO
апартамент,агенция,Колхозен пазар,55,95000,1727.27,0877560039,"Продава 2-СТАЕН, град Варна, Колхозен пазар | 55 кв.м, 1-ви ет. от 6, Въведен в експлоатация 1997 г., Имоти Премиер ви представя модерен двустаен имот със статут Офис и отлична локация в кв. Колхозен па ...",https://www.imot.bg/obiava-1b178791339008405-prodava-dvustaen-apartament-grad-varna-kolhozen-pazar,https://imotstatic2.focus.bg/imot/photosimotbg/1/405/1b178791339008405_3U.jpg,,NO
къща,агенция,Погреби,37,74990,2026.76,0897067701,"Продава КЪЩА, град Варна, Погреби | 37 кв.м, двор 68 кв.м, 1 ет., Въведен в експлоатация 1970 - 1979 г., Реф. номер: A180823, тел. за контакт - ТУХЛА! ВЪЗМОЖНОСТИ ЗА ПРЕУСТРОЙСТВО! С ДВОРНО ...",https://www.imot.bg/obiava-1j178791326711316-prodava-kashta-grad-varna-pogrebi,https://imotstatic3.focus.bg/imot/photosimotbg/1/316/1j178791326711316_rM.jpg,,NO
апартамент,агенция,Централна поща,95,280000,2947.37,0896896262,"Продава 3-СТАЕН, град Варна, Централна поща | 95 кв.м, 1-ви ет. от 6, Въведен в експлоатация 1980 - 1989 г., ID:5202 ЛД Пропъртис продава четиристаен апартамент в тухлена сграда, строителство 80-те години, в ...",https://www.imot.bg/obiava-1c178791305219060-prodava-tristaen-apartament-grad-varna-tsentralna-poshta,https://imotstatic2.focus.bg/imot/photosimotbg/1/060/1c178791305219060_M4.jpg,,NO
къща,агенция,м-т Боровец - юг,170,345000,2029.41,0899704949,"Продава КЪЩА, град Варна, м-т Боровец - юг | 170 кв.м, двор 362 кв.м, Въведен в експлоатация 2026 г., ПОДХОДЯЩА ЗА КРЕДИТИРАНЕ! ВИСОК КЛАС ИЗПЪЛНЕНИЕ! ЛЕСЕН ДОСТЪП! ТРИ СПАЛНИ! ДВЕ ПАРКОМЕСТА! AKT 16! ...",https://www.imot.bg/obiava-1j178791253001549-prodava-kashta-grad-varna-m-t-borovets-yug,https://imotstatic1.focus.bg/imot/photosimotbg/1/549/1j178791253001549_KN.jpg,,NO
апартамент,агенция,Възраждане,130,175000,1346.15,0876007714,"Продава 3-СТАЕН, град Варна, Възраждане 1 | 130 кв.м, 11-ти ет. от 11, Въведен в експлоатация 2026 г., Оферта 9389 Ключови акценти: Сграда с АКТ 16 Непосредствено до Парк Възраждане Панорамна тер ...",https://www.imot.bg/obiava-1c178791223322078-prodava-tristaen-apartament-grad-varna-vazrazhdane-1,https://imotstatic4.focus.bg/imot/photosimotbg/1/078/1c178791223322078_G2.jpg,,NO
апартамент,агенция,Аспарухово,62,93691,1511.15,0888966770,"Продава 2-СТАЕН, град Варна, Аспарухово | 62 кв.м, 2-ри ет. от 6, Ще бъде въведен в експлоатация 2027 г., 'Елиз дом' предлага на вашето внимание двустаен апартамент в новострояща се модерна жилищна сграда в ...",https://www.imot.bg/obiava-1b177021413758944-prodava-dvustaen-apartament-grad-varna-asparuhovo,https://imotstatic2.focus.bg/imot/photosimotbg/1/944/1b177021413758944_Jx.jpg,,NO
апартамент,агенция,Колхозен пазар,131,154900,1182.44,0897067701,"Продава 3-СТАЕН, град Варна, Колхозен пазар | 131 кв.м, 6-ти ет. от 6, Ще бъде въведен в експлоатация 2027 г., Реф. номер: A175697, тел. за контакт - НАМАЛЕНА ЦЕНА!!! ПРОСТОРНИ ПЛОЩИ! ФУНКЦИОНАЛН ...",https://www.imot.bg/obiava-1c177037851561723-prodava-tristaen-apartament-grad-varna-kolhozen-pazar,https://cdn3.focus.bg/imot/photosimotbg/1/723/1c177037851561723_cJ.jpg,,YES
къща,агенция,м-т Акчелар,240,450000,1875.0,0889309867,"Продава КЪЩА, град Варна, м-т Акчелар | 240 кв.м, двор 520 кв.м, 2 ет., Въведен в експлоатация 2026 г., Модерна нова къща с морска панорама! Класика в жанра!!! Впечатляваща морска панорама!!! Модерна нова ...",https://www.imot.bg/obiava-1j177729927904075-prodava-kashta-grad-varna-m-t-akchelar,https://imotstatic3.focus.bg/imot/photosimotbg/1/075/1j177729927904075_mH.jpg,,NO
апартамент,агенция,м-т Долна Трака,70,64990,928.43,0897885152,"Продава 1-СТАЕН, град Варна, м-т Долна Трака | 70 кв.м, ул. 8-ма; С ПАРКОМЯСТО, 1-ви ет. от 6, Ще бъде въведен в експлоатация 2026 г., САМО ОТ БУЛИМОТ!!! 1-СТАЕН, ТУХЛЕН АПАРТАМЕНТ В НОВА СГРАДА ПРЕД АКТ 16!!! СОБСТВЕН ДВОР !!! ПАРК ...",https://www.imot.bg/obiava-1a177313916312523-prodava-ednostaen-apartament-grad-varna-m-t-dolna-traka-ul-8-ma-s-parkomyasto,https://imotstatic2.focus.bg/imot/photosimotbg/1/523/1a177313916312523_OM.jpg,,NO
апартамент,агенция,Възраждане,43,114000,2651.16,0877077531,"Продава 2-СТАЕН, град Варна, Възраждане 1 | 43 кв.м, 8-ми ет. от 8, Въведен в експлоатация 1980 - 1989 г., ЮЖЕН!! СЛЪНЧЕВ,ТОПЪЛ!! ОБЗАВЕДЕН! ПЕРФЕКТЕН ЗА ЛИЧЕН ДОМ ИЛИ ИНВЕСТИЦИЯ! ГОТОВ ЗА НАНАСЯНЕ! Предлага ...",https://www.imot.bg/obiava-1b178299701216708-prodava-dvustaen-apartament-grad-varna-vazrazhdane-1,https://cdn3.focus.bg/imot/photosimotbg/1/708/1b178299701216708_L2.jpg,,NO
офис,агенция,Централна поща,82,275000,3353.66,0896999488,"Продава ОФИС, град Варна, Централна поща | 82 кв.м, Стоматология, Партер от 5, Въведен в експлоатация 2006 г., Партерен медицински център в идеалния център на Варна отлична инвестиция! ИВЕДА ИМОТИ предлага за ...",https://www.imot.bg/obiava-1g178541429169317-prodava-ofis-grad-varna-tsentralna-poshta-stomatologiya,https://imotstatic2.focus.bg/imot/photosimotbg/1/317/1g178541429169317_Ri.jpg,,NO
апартамент,агенция,ВИНС-Червен площад,50,145000,2900.0,0889202205,"Продава 2-СТАЕН, град Варна, ВИНС-Червен площад | 50 кв.м, Въведен в експлоатация 2008 г., очаквайте скоро - НОВА ЕКСКЛУЗИВНА ОФЕРТА В ЕДИН ОТ НАЙ-ТЪРСЕНИТЕ РАЙОНИ НА ВАРНА! Бетър Хоумс предл ...",https://www.imot.bg/obiava-1b178790733205278-prodava-dvustaen-apartament-grad-varna-vins-cherven-ploshtad,https://imotstatic4.focus.bg/imot/photosimotbg/1/278/1b178790733205278_zY.jpg,,NO
апартамент,агенция,Колхозен пазар,110,199900,1817.27,0882923960,"Продава 4-СТАЕН, град Варна, Колхозен пазар | 110 кв.м, 5-ти ет. от 6, Въведен в експлоатация 1980 - 1989 г., 4 стаен тухлен апартамент д-р Пискюлиев 44 Предлагаме за продажба просторен четиристаен тухлен апарт ...",https://www.imot.bg/obiava-1d178790731928690-prodava-chetiristaen-apartament-grad-varna-kolhozen-pazar,https://imotstatic2.focus.bg/imot/photosimotbg/1/690/1d178790731928690_Wy.jpg,,NO
апартамент,агенция,Аспарухово,95,169900,1788.42,0897067701,"Продава 3-СТАЕН, град Варна, Аспарухово | 95 кв.м, 4-ти ет. от 5, Въведен в експлоатация 2000 г., Реф. номер: A178162, тел. за контакт - ТОП ОФЕРТА! ОБЗАВЕДЕН И ОБОРУДВАН! ПРОСТОРНИ ...",https://www.imot.bg/obiava-1c178540917160526-prodava-tristaen-apartament-grad-varna-asparuhovo,https://imotstatic3.focus.bg/imot/photosimotbg/1/526/1c178540917160526_yF.jpg,,NO
парцел,агенция,м-т Зеленика,600,115000,191.67,0889306894,"Продава ПАРЦЕЛ, град Варна, м-т Зеленика | 600 кв.м, Регулация, Само от Живена! Предлагам за продажба поземлен имот (ПИ) в местност Зеленика, район Аспарухово. Имот ...",https://www.imot.bg/obiava-1r176338976319370-prodava-partsel-grad-varna-m-t-zelenika,https://imotstatic4.focus.bg/imot/photosimotbg/1/370/1r176338976319370_vW.jpg,,NO
парцел,агенция,м-т Манастирски рид,1589,145000,91.25,0876590074,"Продава ПАРЦЕЛ, град Варна, м-т Манастирски рид | 1589 кв.м, Регулация, Имоти Премиер предлага на своите клиенти ПАРЦЕЛ С МОРСКА И ГРАДСКА ПАНОРАМА М-Т МАНАСТИРСКИ РИД, г ...",https://www.imot.bg/obiava-1r178790508362158-prodava-partsel-grad-varna-m-t-manastirski-rid,https://imotstatic3.focus.bg/imot/photosimotbg/1/158/1r178790508362158_Ii.jpg,,NO
апартамент,агенция,Окръжна болница-Генерали,95,225000,2368.42,0884373727,"Продава 3-СТАЕН, град Варна, Окръжна болница-Генерали | 95 кв.м, 6-ти ет. от 6, Въведен в експлоатация 2000 г., ОБЗАВЕДЕН! КОД:17446. На метри от входа на Медицински университет! Стефанов Инвест предлага за про ...",https://www.imot.bg/obiava-1c177323368182460-prodava-tristaen-apartament-grad-varna-okrazhna-bolnitsa-generali,https://imotstatic1.focus.bg/imot/photosimotbg/1/460/1c177323368182460_L7.jpg,,NO
апартамент,агенция,Младост,41,114900,2802.44,0877077539,"Продава 2-СТАЕН, град Варна, Младост 1 | 41 кв.м, 3-ти ет. от 5, Въведен в експлоатация 1980 - 1989 г., Агенция за недвижими имоти HEGEMON ESTATE Ви предлага двустаен апартамент в квартал Младост. Жилищет ...",https://www.imot.bg/obiava-1b178790215376217-prodava-dvustaen-apartament-grad-varna-mladost-1,https://cdn3.focus.bg/imot/photosimotbg/1/217/1b178790215376217_ld.jpg,,NO
апартамент,агенция,Виница,64,95000,1484.38,0878742514,"Продава 2-СТАЕН, град Варна, Виница | 64 кв.м, 3-ти ет. от 4, Ще бъде въведен в експлоатация 2028 г., Риком България продава двустаен апартамент в нова жилищна сграда в кв. Виница. Модерна визия, качест ...",https://www.imot.bg/obiava-1b178790196864962-prodava-dvustaen-apartament-grad-varna-vinitsa,https://imotstatic3.focus.bg/imot/photosimotbg/1/962/1b178790196864962_xB.jpg,,NO
парцел,агенция,Виница,600,79900,133.17,0879590014,"Продава ПАРЦЕЛ, град Варна, Виница | 600 кв.м, Регулация, 🌊 МОРСКА ПАНОРАМА ОТ КОТА 0 | 600 КВ.М. | ВИНИЦА | МАСИВНА ПОСТРОЙКА 🌊 Имоти Премие ...",https://www.imot.bg/obiava-1r178789929408731-prodava-partsel-grad-varna-vinitsa,https://imotstatic1.focus.bg/imot/photosimotbg/1/731/1r178789929408731_yA.jpg,,NO
гараж,агенция,Изгрев,26,35000,1346.15,0892200980,"Продава ГАРАЖ, град Варна, Изгрев | 26 кв.м, ниво -1 от 9, БЕЗ КОМИСИОННА - ДИРЕКТНО ОТ СОБСТВЕНИК ! ТОП ЦЕНА ЗА РАЙОНА ! ГОЛЯМ ГАРАЖ С РОЛЕТНА ВРАТА ! ПОДХОДЯ ...",https://www.imot.bg/obiava-1o177979399528989-prodava-garazh-parkomyasto-grad-varna-izgrev,https://imotstatic4.focus.bg/imot/photosimotbg/1/989/1o177979399528989_mY.jpg,,NO
апартамент,агенция,Владислав Варненчик,31,66900,2158.06,0882923960,"Продава 1-СТАЕН, град Варна, Владислав Варненчик 1 | 31 кв.м, 4-ти ет. от 9, Въведен в експлоатация 2026 г., Функционален едностаен апартамент със самостоятелен склад в нова жилищна сграда с Акт 16, в непосред ...",https://www.imot.bg/obiava-1a178789804697099-prodava-ednostaen-apartament-grad-varna-vladislav-varnenchik-1,https://imotstatic2.focus.bg/imot/photosimotbg/1/099/1a178789804697099_5G.jpg,,NO
къща,агенция,м-т Акчелар,260,469000,1803.85,0875363320,"Продава КЪЩА, град Варна, м-т Акчелар | 260 кв.м, 2 ет., Ще бъде въведен в експлоатация 2027 г., ПРЕСТИЖ И СПОКОИСТВИЕ КЪЩА С БЕЗКРАЕН МОРСКИ ХОРИЗОНТ INCLUSIVE Варна представя на Вашето внимание ...",https://www.imot.bg/obiava-1j177729361245087-prodava-kashta-grad-varna-m-t-akchelar,https://imotstatic2.focus.bg/imot/photosimotbg/1/087/1j177729361245087_gV.jpg,,NO
апартамент,агенция,Бриз,122,306000,2508.2,0894390242,"Продава 3-СТАЕН, град Варна, Бриз | 122 кв.м, 5-ти ет. от 6, Въведен в експлоатация 2010 г., Просторен обзаведен апартамент с голяма тераса в кв. Бриз Предлагаме за продажба просторен и светъл ...",https://www.imot.bg/obiava-1c178539701562445-prodava-tristaen-apartament-grad-varna-briz,https://imotstatic1.focus.bg/imot/photosimotbg/1/445/1c178539701562445_rs.jpg,,NO
къща,агенция,м-т Зеленика,200,1111000,5555.0,0882466609,"Продава КЪЩА, град Варна, м-т Зеленика | 200 кв.м, двор 580 кв.м, Въведен в експлоатация, Луксозна къща с двор и нескриваема морска панорама | Джакузи и wellness акценти | Варна BULGARIA ES ...",https://www.imot.bg/obiava-1j178786349828563-prodava-kashta-grad-varna-m-t-zelenika,https://cdn3.focus.bg/imot/photosimotbg/1/563/1j178786349828563_Ny.jpg,,NO
къща,агенция,м-т Ален мак,297,730000,2457.91,0884858075,"Продава КЪЩА, град Варна, м-т Ален мак | 297 кв.м, двор 450 кв.м, 3 ет., Въведен в експлоатация 2026 г., Продава се къща в един от предпочитаните райони на Варна с близост до море и плаж -Ален Мак. Къщата ...",https://www.imot.bg/obiava-1j178292442341697-prodava-kashta-grad-varna-m-t-alen-mak,https://cdn3.focus.bg/imot/photosimotbg/1/697/1j178292442341697_bv.jpg,,NO
апартамент,агенция,Гръцка махала,68,330000,4852.94,0988815925,"Продава 2-СТАЕН, град Варна, Гръцка махала | 68 кв.м, 4-ти ет. от 6, Въведен в експлоатация 2012 г., ОСНОВНИ ДАННИ Адрес: Йоан Екзарх 19 Цена в евро: 330 000 Площ: 68 кв.м + земя Стаи: 2 бр ...",https://www.imot.bg/obiava-1b178784733964988-prodava-dvustaen-apartament-grad-varna-gratska-mahala,https://cdn3.focus.bg/imot/photosimotbg/1/988/1b178784733964988_2h.jpg,,NO
апартамент,агенция,Център,85,297955,3505.35,0896800664,"Продава 2-СТАЕН, град Варна, Център | 85 кв.м, Нептун, 5-ти ет. от 6, Ще бъде въведен в експлоатация 2028 г., Предлагаме за продажба апартамент 9 в новопостроена бутикова жилищна сграда на точния адрес ул. Ца ...",https://www.imot.bg/obiava-1b178784385367818-prodava-dvustaen-apartament-grad-varna-tsentar-neptun,https://imotstatic1.focus.bg/imot/photosimotbg/1/818/1b178784385367818_lT.jpg,,NO
апартамент,частно лице,Виница,,160000,,,"ОПИСАНИЕ Тристаен апартамент, 1 - ви етаж, качествено строителство, Акт 16, 2026 г., БДС, кв.Виница, центр, гр.Варна, район Приморски, ул. Добри Христов 1, южно изложение, возможност за купуване на 2 закрити парко места, под апартамент. Всички инфраструктури на 200 метра, 10 мин. до плаж, центр Св.св. Константин и Елена. Возможно и с посредник.тел.08******44",https://www.olx.bg/d/ad/tristaen-apartament-kv-vinitsa-tsentar-tel-887285644-CID368-IDa4jfp.html?search_reason=search%7Cpromoted,https://frankfurt.apollo.olxcdn.com:443/v1/files/cyr9yz8jvvwl1-BG/image;s=216x152;q=50,Обновено на 01 септември 2026 г.,NO
друго,частно лице,Възраждане,256,80000,312.5,,"ОПИСАНИЕ Продава се дърводелска работилница в землището на село Гурково, на 9.5 км от Балчик и 40 км от Добрич. Имота е разделен на няколко помещения. Работилницата е в работна кондиция и разполага с набор от машини за упражняване на редица услуги. Включително ярмомелка. Дворът към работилницата е с размер 2170 кв.м. Всични документи са изрядни. Достъпът е удобен и широк за тежка техника. За повече информация на посочения номер.За повече информация 08******22 Донка",https://www.olx.bg/d/ad/prodava-zemya-s-gurkovo-i-promish-pomeschenie-CID368-ID9znp8.html?search_reason=search%7Corganic,https://frankfurt.apollo.olxcdn.com:443/v1/files/5ezxcn0csju02-BG/image;s=216x152;q=50,Днес в 05:51 ч.,NO
къща,частно лице,Център,498,33333,66.93,,"ОПИСАНИЕ Парцел в местността Сотира, с ПУП и партиди за ток и вода. 500квадрата, с панорамна гледка, подходящо за строеж на къща до 10м",https://www.olx.bg/d/ad/partsel-mestnost-sotira-CID368-IDa5cEE.html?search_reason=search%7Corganic,https://frankfurt.apollo.olxcdn.com:443/v1/files/18yvatgajhox-BG/image;s=216x152;q=50,02 септември 2026 г.,NO
апартамент,частно лице,Трошево,65,139900,2152.31,,"ОПИСАНИЕ Продавам уютен и напълно обзаведен двустаен апартамент в кв. Пчелина. Жилището се намира на първи етаж в тухлена сграда с асансьор, контролиран достъп и добре поддържани общи части. Районът е спокоен и удобен за живеене, с бърз достъп до магазини, училища, детски градини, спирки на градски транспорт и основни пътни връзки. Апартаментът е с площ 65 кв.м и е напълно обзаведен с чисто нови мебели и електроуреди. Готов е за нанасяне веднага, без необходимост от допълнителни ремонти или вложения. Разпределението е удобно и функционално: просторен хол с кухненски бокс; уютна спалня; баня с",https://www.olx.bg/d/ad/dvustaen-prostoren-novo-obzavezhdane-CID368-IDa3EMW.html?search_reason=search%7Cpromoted,https://frankfurt.apollo.olxcdn.com:443/v1/files/bax6cemvp4ko1-BG/image;s=216x152;q=50,Обновено на 31 август 2026 г.,YES
друго,частно лице,Червен площад,,400,,,,https://www.olx.bg/d/ad/studio-cherven-ploschad-CID368-ID9QGPX.html?search_reason=search%7Corganic,https://frankfurt.apollo.olxcdn.com:443/v1/files/5kzmjv62vdjv1-BG/image;s=216x152;q=50,02 септември 2026 г.,NO
друго,частно лице,Лятно кино Тракия,,100,,,,https://www.olx.bg/d/ad/davap-parkomyasto-pod-naem-CID368-IDa2CtL.html?search_reason=search%7Corganic,https://frankfurt.apollo.olxcdn.com:443/v1/files/3kpbp8mmuhfl1-BG/image;s=216x152;q=50,02 септември 2026 г.,NO
друго,частно лице,Център,,550,,,,https://www.olx.bg/d/ad/apartament-pod-naem-CID368-IDa1AiK.html?search_reason=search%7Corganic,https://frankfurt.apollo.olxcdn.com:443/v1/files/102yknj1v4x12-BG/image;s=216x152;q=50,02 септември 2026 г.,NO
друго,частно лице,Западна промишлена зона,,500,,,,https://www.olx.bg/d/ad/lekarski-kabinet-CID368-IDa3O3E.html?search_reason=search%7Corganic,https://frankfurt.apollo.olxcdn.com:443/v1/files/832ad04yq1yw-BG/image;s=216x152;q=50,02 септември 2026 г.,NO
друго,частно лице,Гръцка махала,,270,,,,https://www.olx.bg/d/ad/golyam-garazh-sklad-pod-naem-gratska-mahala-do-plazha-23-kv-m-CID368-IDa3DHw.html?search_reason=search%7Corganic,https://frankfurt.apollo.olxcdn.com:443/v1/files/hxafkbumqvl2-BG/image;s=216x152;q=50,02 септември 2026 г.,NO
друго,частно лице,Бизнес парк Варна,,690000,,,,https://www.olx.bg/d/ad/prodava-kascha-gr-varna-CID368-IDa4oUy.html?search_reason=search%7Corganic,https://frankfurt.apollo.olxcdn.com:443/v1/files/8hfy64bzl7xs-BG/image;s=216x152;q=50,Обновено на 02 септември 2026 г.,NO
друго,частно лице,Генералите,,750,,,,https://www.olx.bg/d/ad/4-staen-obzaveden-pod-naem-CID368-IDa56jN.html?search_reason=search%7Corganic,https://frankfurt.apollo.olxcdn.com:443/v1/files/tc1gwx7tm8qx2-BG/image;s=216x152;q=50,Обновено на 02 септември 2026 г.,NO
друго,частно лице,Базар Левски,,208593,,,,https://www.olx.bg/d/ad/partseli-dva-99-m-2-kv-izgrev-2107-m-2-varna-regulatsiya-panorama-super-CID368-ID6GJmd.html?search_reason=search%7Corganic,https://frankfurt.apollo.olxcdn.com:443/v1/files/f4oh7vc7z9gb-BG/image;s=216x152;q=50,Обновено на 02 септември 2026 г.,NO
друго,частно лице,Галата,,43000,,,,https://www.olx.bg/d/ad/partsel-borovets-yug-sobstvenik-CID368-ID9XGWz.html?search_reason=search%7Corganic,https://frankfurt.apollo.olxcdn.com:443/v1/files/i2ip8pgvm0o62-BG/image;s=216x152;q=50,02 септември 2026 г.,NO
апартамент,частно лице,Кайсиева градина,64,105000,1640.62,,"ОПИСАНИЕ Предлагам за продажба прекрасен двустаен апартамент с Акт 14 в новострояща се жилищна сграда, намираща се в квартал Кайсиева градина,. Апартаментът е ситуиран на 8-ми етаж в 11 етажна жилищна сграда и предлага гледка към град Варна, която никога няма да бъде скрита. Използват се висококачествени материали, функционалност на общите части с по 2 асансьора на вход, с градинки и алеи около сградата.Разпределението е както следва: -Просторен дневен тракт с кухненски кът (27кв.м.) и излаз на лоджия -Спалня -Баня с тоалет -Килер -Коридор Възможност за покупка на открито или закрито паркомяст",https://www.olx.bg/d/ad/prodavam-2-staen-gr-varna-kaysieva-gradina-CID368-IDa2O05.html?search_reason=search%7Cpromoted,https://frankfurt.apollo.olxcdn.com:443/v1/files/febnrxgsma5e1-BG/image;s=216x152;q=50,01 септември 2026 г.,NO
къща,частно лице,м,528,33000,62.5,,"ОПИСАНИЕ Парцелът е с площ 528кв.м.- в регулация. Намира се на около 650м.от бул.'3-ти март', пресечката на Бензиностанция ""Черния Венци"".Празно панорамно място с гледка към Варненско езеро и летището, с денивилация. Пътят до имота е изцяло от бетон. Има актуален ПУП. Ток на границата , вода-възможност за включване към каптажа или сонда.",https://www.olx.bg/d/ad/partsel-mestnost-salzitsa-CID368-IDa0ed2.html?search_reason=search%7Cpromoted,https://frankfurt.apollo.olxcdn.com:443/v1/files/yfl1b69loqer3-BG/image;s=216x152;q=50,12 август 2026 г.,NO
парцел,частно лице,Базар Левски,2107,208593,99.0,,"ОПИСАНИЕ Продавам 2 отделни дворни места, които са едно до дуго.N;3960 876 м2,самостоятелен парцел,а съседният 3961 е 1251 м2 в ""Изгрев"" гр Варна. От него притежавам половината,Съсобственик имам,който също продава.При интерес и желание продавам и него,така се съединяват двата.Парцела по документ е 2107кв.м,но е по голямо около 2500м2Тръгва се по пътя за първите експериментални блокове.Има път от ул.""Подвис"" нагоре..Парцела е на по-високо,но за сметка на това има невероятна панорама.Вижда се целият град и морето.Там се разрешава ниско строителство,при строителство по надолу панорамата остава.В",https://www.olx.bg/d/ad/partseli-dva-99-m-2-kv-izgrev-2107-m-2-varna-regulatsiya-panorama-super-CID368-ID6GJmd.html?search_reason=search%7Cpromoted,https://frankfurt.apollo.olxcdn.com:443/v1/files/f4oh7vc7z9gb-BG/image;s=216x152;q=50,Обновено на 02 септември 2026 г.,NO
апартамент,частно лице,Погреби,80,198000,2475.0,,"ОПИСАНИЕ Продавам директно като собственик двустаен апартамент в кв. Погреби, гр. Варна, който в продължение на няколко години беше наш дом. Без посредници и без комисионна. Жилището е с югоизточно–югозападно изложение, много светло и слънчево, а през студените месеци слънцето го прави приятно и топло, с гледка към Варненското езеро. Апартаментът е с обща площ 80 кв.м с включени общи части и чиста жилищна площ 65 кв.м. Намира се на 2-ри етаж в сграда с асансьор, въведена в експлоатация през 2019 г. Разпределението е функционално и включва: • просторна дневна с кухня – около 32 кв.м, с достатъч",https://www.olx.bg/d/ad/ot-sobstvenik-svetal-2-staen-s-gledka-kam-ezeroto-i-parkomyasto-pogrebi-varna-CID368-IDa5b6w.html?search_reason=search%7Corganic,https://frankfurt.apollo.olxcdn.com:443/v1/files/qb85yg2fntgq3-BG/image;s=216x152;q=50,02 септември 2026 г.,NO
друго,частно лице,Център,,350,,,"ОПИСАНИЕ Търся фризьорка за работа на наем в новооткрит, модерен салон в центъра на гр. Варна, разположен на главен булевард с отлична видимост и постоянен човекопоток. *Какво предлагаме: # Напълно оборудвано работно място: - фризьорски стол - измивна колона - голямо огледало - етажерки за продукти - помощна фризьорска количка # В наема 500€ са включени: - наем място за фризьор - ток - вода - интернет - санитарни консумативи - кафе и вода за клиенти * Допълнителни предимства: # Чисто нов, стилен салон # Приятна и спокойна атмосфера # Отлична локация с голям поток от хора *Депозит 350€ Възможно",https://www.olx.bg/d/ad/otdavam-myasto-za-frizor-CID368-ID9YGKT.html?search_reason=search%7Corganic,https://frankfurt.apollo.olxcdn.com:443/v1/files/1bstr1pv9agb2-BG/image;s=216x152;q=50,Обновено на 02 септември 2026 г.,NO
апартамент,частно лице,Колхозен пазар,40,95000,2375.0,,"ОПИСАНИЕ Продавам къща с площ 23 кв. И 17 кв сутерен ,идеални части от двора 69 кв.,за ремонт.Партиди за ток и вода.Намира се до ул.Кап.Райчо.Без посредници..Частно лице",https://www.olx.bg/d/ad/prodavam-kascha-kolhozen-pazar-CID368-ID8Nr7M.html?search_reason=search%7Corganic,https://frankfurt.apollo.olxcdn.com:443/v1/files/4vzgob5ies6l-BG/image;s=216x152;q=50,02 септември 2026 г.,NO
гараж,частно лице,Гръцка махала,12,19600,1633.33,,"ОПИСАНИЕ Продавам подземно паркомясто, намиращо се на ул. Фантазия в Трошево. Площта на паркомястото е 12,5 кв.м ,като към него има идеални части от маневрената площт и от поземлен имот. Достапът е лесен с рампа( без платформа) в сграда с видеонаблюдение и контролиран достъп. Камера насочена към паркомястото, вентилация и осветление автоматични. Гаражът се почиства веднъж годишно. За повече информация можете да ми пишете. За частни лица!",https://www.olx.bg/d/ad/podzemno-parkomyasto-troshevo-CID368-IDa3iJK.html?search_reason=search%7Corganic,https://frankfurt.apollo.olxcdn.com:443/v1/files/y488eh4drwh92-BG/image;s=216x152;q=50,Обновено на 02 септември 2026 г.,NO
апартамент,частно лице,Младост,121,185000,1528.93,,"ОПИСАНИЕ Собственик продава без комисионна 3 стаен в строеж пред Акт 14. Доказан строител. Апартаментът е светъл и просторен с изцяло южно изложение и нескриваема гледка към Варненското езеро. Възможност за разсрочено плащане. Възможност за закупуване на паркомясто. 1 хо, 2 просторни спални, 1 баня, 2 тераси, от които едната много просторна, 2 санитарни възела (2 тоалетни), голям коридор, дрешник. Отлично местоположение с уредена среда и градски транспорт. Перфектно съчетание на спокойствие и зеленина с бърз достъп до Автобуси 148, 209, 14, 41, 118, 82. Близо до училище Иван Богоров и ДГ Синче",https://www.olx.bg/d/ad/prostoren-tristaen-perfektna-lokatsiya-yuzhno-izlozhenie-i-neskrivaema-gledka-pred-akt-14-CID368-IDa53Wi.html?search_reason=search%7Cpromoted,https://frankfurt.apollo.olxcdn.com:443/v1/files/1etzvehbnrqb-BG/image;s=216x152;q=50,Обновено на 01 септември 2026 г.,NO
апартамент,частно лице,Възраждане,90,144500,1605.56,,"ОПИСАНИЕ Собственик продава БЕЗ ПОСРЕДНИК тристаен апартамент в квартал Възраждане 1 за цена 144500 Евро. Aпартаментът се намира на 8 последен етаж и се състои от: ХОЛ, ДВЕ СПАЛНИ, Г-образна КУХНЯ, 4 СЕРВИЗНИ ПОМЕЩЕНИЯ, със застроена площ 90 кв.м по нотариален акт. Имотът се състои от Т-образен коридор (9,26 кв.м), перално помещение (2.5 кв.м), тоалет (1 кв.м), хол (16,7 кв.м) с излаз на остъклена тераса (5,4 кв.м), Г-образна кухня с трапезария (12,52 кв.м) и излаз на остъклен балкон (5.56 кв.м), две спални (13 кв.м и 11,5 кв.м), баня с тоалетна (3,6 кв.м), килер (2 кв.м) и прилежащо мазе (3,3",https://www.olx.bg/d/ad/sobstvenik-prodava-bez-posrednik-tristaen-apartament-CID368-IDa5aaS.html?search_reason=search%7Corganic,https://frankfurt.apollo.olxcdn.com:443/v1/files/q39mlw5ocnh21-BG/image;s=216x152;q=50,01 септември 2026 г.,NO
апартамент,частно лице,м,104,250000,2403.85,,"ОПИСАНИЕ СПЕШНА ПРОДАЖБА | ТРИСТАЕН АПАРТАМЕНТ В ДОЛНА ТРАКА, ВАРНА НЕ работим с колеги по този имот ! м-т Долна Трака - комуникативна локация до магазин ""Кубчето"" 104 кв.м - Партер | Тухла | Построен през 2008 г. Освежен след ремонт през 2020 г. ЦЕНА: 250 000 € Влизаш и живееш! Без нужда от допълнителни ремонти или инвестиции. Жилището е просторно, светло и напълно обзаведено с мебели и електроуреди, готово да посрещне новите си собственици. Разпределение: - Просторна дневна с модерна кухня в общо пространство - Родителска спалня - Детска стая - Баня + две тоалетни - Функционален коридор Пред",https://www.olx.bg/d/ad/prodava-3-staen-apartament-v-dolna-traka-gr-varna-CID368-IDa3l1C.html?search_reason=search%7Corganic,https://frankfurt.apollo.olxcdn.com:443/v1/files/8gx35nyvu09j-BG/image;s=216x152;q=50,01 септември 2026 г.,NO
къща,частно лице,Възраждане,1331,150000,112.7,,"ОПИСАНИЕ Имота се намира в центъра на курортното селище с квадратура 1331 кв. м. с лице към главна улица,в парцела има една сграда , със застроена площ от 52 м2 на един етаж. Има и втора сграда на два етажа със застроена площ 103м2 на плоча, плътност 60%, кинт 1.20, височина _10, лека денивелация със съществуващи партиди за ТОК и В и К . Подходящ за строителство на масивна жилищна или административна сграда, хотел, вила.",https://www.olx.bg/d/ad/partsel-v-k-k-kranevo-CID368-ID9Np05.html?search_reason=search%7Corganic,https://frankfurt.apollo.olxcdn.com:443/v1/files/2a2r239szhbe-BG/image;s=216x152;q=50,01 септември 2026 г.,NO
апартамент,агенция,м,141,264900,1878.72,,"ОПИСАНИЕ ЕРА Варна Тренд предлага за продажба четиристаен югозападен апартамент с морска панорама, в новострояща се сграда, в м-т Долна Трака, с бърз достъп до града по асфалтов път. Имотът е със застроена площ 125 кв.м (141 кв.м с общите части), разположен на втори етаж от общо 4 етажа. Състои се от входно антре (4,56 кв.м), просторна дневна с кухненски бокс (28,71 кв.м), три спални (13,74 кв.м, 13,51 кв.м и 14,46 кв.м), най-голямата със собствена баня с тоалетна (5,32 кв.м), лоджия (4,92 кв.м) към дневната и две от спалните, коридор (7,32 кв.м), втора баня с тоалетна (4,02 кв.м), склад (3,26",https://www.olx.bg/d/ad/chetiristaen-yugozapaden-apartament-za-prodazhba-s-morska-panorama-v-no-CID368-ID9YmYU.html?search_reason=search%7Corganic,https://frankfurt.apollo.olxcdn.com:443/v1/files/1yzig57gx66l-BG/image;s=216x152;q=50,Обновено днес в 06:23 ч.,NO
апартамент,агенция,Виница,61,125000,2049.18,,"ОПИСАНИЕ ЕРА Варна Тренд предлага за продажба двустаен, завършен до ключ апартамент, с изложение юг/запад, в близост до центъра на кв. Виница. Имотът е със застроена площ 61 кв.м, разположен на първи етаж в двуетажна къща. Имотът е със самостоятелен вход. Състои се от дневна с кухненски бокс (16,5 кв.м), спалня (14,5 кв.м), коридор (9 кв.м), баня с тоалетна (2,7 кв.м) и килер (3,7 кв.м). Изложението е юг/запад. Жилището се продава след основен ремонт, завършено до ключ. Подовото покритие в стаите е ламинат, останалите помещения са с теракот. Поставени са нови интериорни врати, стилни осветител",https://www.olx.bg/d/ad/dvustaen-zavarshen-do-klyuch-apartament-za-prodazhba-yug-zapad-v-blizost-CID368-ID9UAFL.html?search_reason=search%7Corganic,https://frankfurt.apollo.olxcdn.com:443/v1/files/camdxkifed2c2-BG/image;s=216x152;q=50,Обновено днес в 06:23 ч.,NO
апартамент,агенция,м,196,359500,1834.18,,"ОПИСАНИЕ ЕРА Варна Тренд предлага за продажба тристаен югозападен мезонет с голяма дневна и морска панорама, в новострояща се сграда, в м-т Долна Трака, с бърз достъп до града по асфалтов път. Имотът е със застроена площ 120 кв.м (196 кв.м с общите части), разположен на две нива - на трети и на четвърти етажи. Първо ниво се състои от две спални (15,63 кв.м и 14,5 кв.м), едната със собствена баня с тоалетна (3,06 кв.м), входно антре (13,3 кв.м) и втора баня с тоалетна (3,5 кв.м). Вътрешно стълбище води до второ ниво, което включва просторна дневна с кухненски бокс и трапезария (50,33 кв.м), с и",https://www.olx.bg/d/ad/tristaen-yugozapaden-mezonet-za-prodazhba-s-golyama-dnevna-i-morska-pano-CID368-ID9YmR4.html?search_reason=search%7Corganic,https://frankfurt.apollo.olxcdn.com:443/v1/files/clvg3wswxkzz2-BG/image;s=216x152;q=50,Обновено днес в 06:23 ч.,NO
друго,агенция,Чаталджа,,153,,,"ОПИСАНИЕ Ексклузив! ,ВЕСТА ИМОТИ' ООД представя на Вашето внимание част от салон за красота, представляващо оборудвано работно място за фризьор. Има голям пътнико поток и витрина, която дава възможност за добра реклама.",https://www.olx.bg/d/ad/oborudvano-rabotno-myasto-za-frizor-CID368-ID9NLKM.html?search_reason=search%7Corganic,https://frankfurt.apollo.olxcdn.com:443/v1/files/c1lyx9rt0sbk-BG/image;s=216x152;q=50,Обновено днес в 06:17 ч.,NO
апартамент,агенция,Владислав Варненчик,61,128900,2113.11,,"ОПИСАНИЕ САМО В ЕРА ВИЗИЯ! ДНЕВНА С ДВЕ СПАЛНИ! СРЕДЕН АПАРТАМЕНТ! ИЗТОЧНО ИЗЛОЖЕНИЕ! ЕРА Визия предлага за продажба тристаен апартамент с площ от 61,06 кв.м, разположен на шести етаж от общо седем в панелен жилищен блок в предпочитаната част на кв. Владиславово. Жилището е средно, топло и след цялостно преустройство, извършено през 2025 г., при което е създадено практично и съвременно разпределение. Имотът включва Г-образен коридор с предвидено място за вграден гардероб и/или пералня, светла дневна с трапезария и кухненска част с усвоена тераса, детска стая с усвоена тераса, просторна родител",https://www.olx.bg/d/ad/ekskluzivno-tristaen-sreden-apartament-s-iztochno-izlozhenie-za-prodazh-CID368-IDa2g3r.html?search_reason=search%7Corganic,https://frankfurt.apollo.olxcdn.com:443/v1/files/bmu7gly3s5uf1-BG/image;s=216x152;q=50,Обновено днес в 06:16 ч.,NO
апартамент,агенция,Бриз,115,319000,2773.91,,"ОПИСАНИЕ ЕРА Варна Тренд предлага за продажба тристаен апартамент с голяма дневна, в новопостроена сграда с Акт 16, в долната част на кв. Бриз, до Паркмарт и ресторант Камелия. Имотът е със застроена площ 96,8 кв.м (114,95 кв.м с общите части), разположен на втори етаж от общо 5 етажа. Състои се от просторна дневна с кухненски бокс (40,6 кв.м) и излаз на два балкона (по 2,8 кв.м всеки), две спални (всяка по 11,9 кв.м), едната с излаз на балкон (2,8 кв.м), коридор (3,4 кв.м) и две бани с тоалетни (всяка по 3,8 кв.м). Изложението е изток/северозапад. Жилището се продава необзаведено, завършено д",https://www.olx.bg/d/ad/tristaen-apartament-za-prodazhba-s-golyama-dnevna-v-novopostroena-sgra-CID368-IDa49yS.html?search_reason=search%7Corganic,https://frankfurt.apollo.olxcdn.com:443/v1/files/e82w9vscvomw-BG/image;s=216x152;q=50,Днес в 06:16 ч.,NO
апартамент,агенция,Бриз,44,85000,1931.82,,"ОПИСАНИЕ Агенция за недвижими имоти „Адмирал Риъл Естейт“ предлага за продажба СТУДИО в новострояща се сграда, разположена в един от най-престижните и предпочитани райони на гр. Варна – кв. Бриз. Имотът е отличен избор както за лично ползване, така и за инвестиция, благодарение на своята модерна концепция, функционално разпределение и уникална морска гледка. Апартаментът е разположен на втори етаж от общо пет в модерна тухлена сграда, чието строителство започва през настоящата година. Жилището ще бъде издадено по БДС, което предоставя възможност на бъдещите собственици да го завършат и обзавед",https://www.olx.bg/d/ad/boksoniera-briz-CID368-IDa2A34.html?search_reason=search%7Cpromoted,https://frankfurt.apollo.olxcdn.com:443/v1/files/fpf4elhas5q2-BG/image;s=216x152;q=50,Обновено на 02 септември 2026 г.,NO
апартамент,агенция,Център,82,405900,4950.0,,"ОПИСАНИЕ ЕРА Варна Тренд предлага за продажба тристаен югоизточен апартамент, в новопостроена сграда с Акт 16, до Шишкова градина и Фестивален комплекс. Имотът е със застроена площ 70 кв.м (81,83 кв.м с общите части), разположен на втори етаж от общо 5 етажа. Състои се от дневна с кухненски бокс (26,62 кв.м) и излаз на лоджия (2,23 кв.м), две спални (13,08 кв.м и 11,08 кв.м), коридор (4,22 кв.м), баня с тоалетна (3,5 кв.м) и прилежаща изба (3,29 кв.м). Изложението е юг/изток. Статутът е на апартамент. Жилището е подходящо и за покупка с кредит, като ЕРА е лицензиран кредитен посредник и предла",https://www.olx.bg/d/ad/tristaen-yugoiztochen-apartament-za-prodazhba-v-novopostroena-sgrada-s-a-CID368-IDa49nF.html?search_reason=search%7Corganic,https://frankfurt.apollo.olxcdn.com:443/v1/files/5k8uyskcm7zn2-BG/image;s=216x152;q=50,Днес в 06:16 ч.,NO
апартамент,агенция,м,82,225000,2743.9,,"ОПИСАНИЕ ЕРА Варна Тренд предлага за продажба двустаен, обзаведен, югоизточен апартамент с големи стаи и морска панорама, в нов затворен тип комплекс, м-т Св. Никола. Имотът е със застроена площ 70 кв.м (82 кв.м с общите части), разположен на трети етаж от общо 4 етажа. Състои се от просторна дневна с кухненски бокс (27 кв.м) и излаз на тераса (4,4 кв.м), голяма спалня (20 кв.м), коридор (3,75 кв.м), баня с тоалетна (5 кв.м) и прилежащо мазе. Изложението е югоизток. Открива се красива морска панорама. Жилището се продава с наличното обзавеждане. Има климатици в стаите. Подовите покрития са гра",https://www.olx.bg/d/ad/dvustaen-obzaveden-yugoiztochen-apartament-za-prodazhba-s-golemi-stai-CID368-IDa0E4J.html?search_reason=search%7Corganic,https://frankfurt.apollo.olxcdn.com:443/v1/files/ik8vcwbk04s7-BG/image;s=216x152;q=50,Днес в 06:16 ч.,NO
апартамент,агенция,Гранд Мол Варна,87,192300,2210.34,,"ОПИСАНИЕ ЕРА Варна Тренд предлага за продажба тристаен апартамент с голяма дневна, в новострояща се сграда, в района на Гранд Мол. Имотът е със застроена площ 72 кв.м (86,65 кв.м с общите части), разположен на шести, последен етаж. Състои се от просторна дневна с кухненски бокс (28 кв.м) и излаз на балкон, две спални (14 кв.м и 10 кв.м), по-голямата със собствен килер/дрешник, коридор и баня с тоалетна (3 кв.м). Изложението е юг (дневна и едната спалня) – североизток (другата спалня). Жилището се продава необзаведено. Ще бъде завършено до степен БДС, с поставена ПВЦ дограма. Отоплението ще бъд",https://www.olx.bg/d/ad/tristaen-apartament-za-prodazhba-s-golyama-dnevna-v-novostroyascha-se-sgr-CID368-ID9PQJ1.html?search_reason=search%7Corganic,https://frankfurt.apollo.olxcdn.com:443/v1/files/nnwijt77c1tl3-BG/image;s=216x152;q=50,Днес в 06:16 ч.,NO
апартамент,агенция,Владислав Варненчик,58,102900,1774.14,,"ОПИСАНИЕ ЕКСКЛУЗИВНО! ХОЛ, СПАЛНЯ, КУХНЯ, ЮГ/ЮГОИЗТОК, В БЛИЗОСТ ДО ПОЩАТА. ЕРА Варна Тренд предлага за продажба двустаен панелен апартамент в кв. Владиславово бл. 36. Имотът е със застроена площ 57,55 кв.м, разположен на шести етаж от общо 8 етажа. Състои се от входно антре (5 кв.м), баня с тоалетна (3,5 кв.м), хол (17 кв.м) с излаз на остъклена с ПВЦ тераса, спалня (14 кв.м), самостоятелна кухня (8 кв.м) и прилежащо мазе (2,76 кв.м). Изложението е юг (кухня) - югоизток (хол и спалня). От трите стаи се открива гледка към целия град, морето и нос Галата. Жилището се продава частично обзаведено",https://www.olx.bg/d/ad/dvustaen-ekskluziven-yugoiztochen-apartament-za-prodazhba-s-otdelna-ku-CID368-IDa49yW.html?search_reason=search%7Corganic,https://frankfurt.apollo.olxcdn.com:443/v1/files/7yvmje5zy8rm1-BG/image;s=216x152;q=50,Днес в 06:16 ч.,NO
апартамент,агенция,Бриз,59,135000,2288.14,,"ОПИСАНИЕ ЕРА Варна Тренд предлага за продажба двустаен апартамент, в новопостроена сграда с Акт 16, в кв. Бриз, над стадион Варна. Имотът е със застроена площ 48 кв.м (59 кв.м с общите части), разположен на втори етаж от общо 6 етажа. Състои се от дневна с кухненски бокс (17 кв.м), спалня (12 кв.м), общ за двете стаи балкон (4,01 кв.м), коридор (4,23 кв.м), баня с тоалетна (3,56 кв.м) и прилежаща изба (2,94 кв.м). Изложението е изток. Статутът е на апартамент. Жилището се продава необзаведено, завършено до степен БДС, с поставена ПВЦ дограма. Отоплението е с електричество. Двустайният апартаме",https://www.olx.bg/d/ad/dvustaen-apartament-za-prodazhba-v-novopostroena-sgrada-s-akt-16-v-kv-CID368-IDa49pw.html?search_reason=search%7Corganic,https://frankfurt.apollo.olxcdn.com:443/v1/files/226rdmhv3swp-BG/image;s=216x152;q=50,Днес в 06:16 ч.,NO
апартамент,агенция,Бриз,59,155990,2643.9,,"ОПИСАНИЕ ЕРА Варна Тренд предлага за продажба двустаен апартамент с морска панорама, в новопостроена сграда с Акт 16, в кв. Бриз, над стадион Варна. Имотът е със застроена площ 48 кв.м (59 кв.м с общите части), разположен на четвърти етаж от общо 6 етажа. Състои се от дневна с кухненски бокс (17 кв.м), спалня (12 кв.м), общ за двете стаи балкон (4,01 кв.м), коридор (4,23 кв.м), баня с тоалетна (3,56 кв.м) и прилежаща изба (2,94 кв.м). Изложението е изток. Открива се морска панорама. Статутът е на апартамент. Жилището се продава необзаведено, завършено до степен БДС, с поставена ПВЦ дограма. От",https://www.olx.bg/d/ad/dvustaen-apartament-za-prodazhba-s-morska-panorama-v-novopostroena-sg-CID368-IDa49lT.html?search_reason=search%7Corganic,https://frankfurt.apollo.olxcdn.com:443/v1/files/ocvc1q5x7a6f3-BG/image;s=216x152;q=50,Обновено днес в 06:16 ч.,NO
земеделска,агенция,Зимно кино Тракия,67,88000,1313.43,,"ОПИСАНИЕ НОВА, НАМАЛЕНА ЦЕНА! ЕРА Варна Тренд предлага за продажба многофункционално помещение със статут на кафе-бар, в района на Зимно кино Тракия, под Районен съд, в непосредствена близост до Колхозен пазар. Имотът е разположен на две нива, като на партерен етаж има търговска зала с площ 32 кв.м, ниво сутерен с площ 34 кв.м със санитарен възел. Помещението разполага с вентилация. Таваните са с височина 2.20 м. Има големи ъглови витрини с лице на оживена улица. Търговският обект се продава необзаведен. Подовото покритие е теракот. Поставени са висок клас климатик, автоматични ролетни предпаз",https://www.olx.bg/d/ad/biznes-pomeschenie-sas-statut-na-kafe-bar-za-prodazhba-v-rayona-na-zimno-CID368-IDa0ElN.html?search_reason=search%7Corganic,https://frankfurt.apollo.olxcdn.com:443/v1/files/j36xh3xbfi0j1-BG/image;s=216x152;q=50,Обновено днес в 06:16 ч.,YES
апартамент,агенция,Аспарухово,81,129000,1592.59,,"ОПИСАНИЕ ЕРА Лайф обявява за продажба тристаен апартамент в квартал Аспарухово. Разположен на трети етаж в осеметажна панелна сграда с асансьор. Имотът е с чиста площ от 81,31 кв.м., с изложение изток/запад, и се състои от: просторен хол с излаз на тераса, две спални, като едната спалня също излиза на общата тераса, кухня с втора тераса, баня и тоалет – отделни помещения, килер, прилежаща изба. Състоянието на имота е за ремонт, което дава възможност на новите собственици да го преустроят според нуждите си. Има реална възможност за преустройство в жилище с три спални и дневен тракт, което прави",https://www.olx.bg/d/ad/ekskluzivno-tristaen-apartament-za-prodazhba-kv-asparuhovo-varna-CID368-IDa4CPl.html?search_reason=search%7Cpromoted,https://frankfurt.apollo.olxcdn.com:443/v1/files/4rhscjjis2cd3-BG/image;s=216x152;q=50,Обновено на 01 септември 2026 г.,NO
апартамент,агенция,Базар Левски,90,219000,2433.33,,"ОПИСАНИЕ АПАРТАМЕНТ С ТРИ СПАЛНИ НА АТРАКТИВНА ЛОКАЦИЯ ЗА ПРОДАЖБА ЦЕНА ПО ДОГОВАРЯНЕ. ЛОКАЦИЯ: Кв. Базар Левски, ул. Острава, гр. Варна. Атрактивен и комуникативен район с целогодишен бърз пешеходен и автомобилен достъп до всички части на града и населената градска среда с уредена инфраструктура. Един от най-желаните райони за живеене и инвестиция. Близост до училища, детски градини и университети, медицински заведения и аптеки и е на пешеходно разстояние от Морската градина и идеалния център на града. Предлага всичко необходимо - спирки на градския транспорт, големи хранителни вериги, заведе",https://www.olx.bg/d/ad/tristaen-apartament-na-atraktivna-lokatsiya-za-prodazhba-bazar-levski-CID368-IDa4VLp.html?search_reason=search%7Corganic,https://frankfurt.apollo.olxcdn.com:443/v1/files/3u3r0ce5ahh1-BG/image;s=216x152;q=50,Обновено днес в 06:04 ч.,NO
друго,агенция,Левски,30,210,7.0,,"ОПИСАНИЕ Предлагаме Ексклузивно просторна обзаведена боксониера в кк „Свети Константин и Елена”. Жилището се намира в тиха и спокойна част на курорта, в близост до плажната ивица. Състои се от стая, баня и тоалет. Напълно оборудвано с всички необходими електроуреди – климатик, хладилник, вградени котлони, микровълнова, телевизор. Кабелната и интернет са включени в цената. Има двойно и отделно единично легло, гардероб, шкафчета. Добре уреден градски транспорт.",https://www.olx.bg/d/ad/funktsionalna-boksoniera-v-tih-i-spokoen-rayon-CID368-IDa55ld.html?search_reason=search%7Corganic,https://frankfurt.apollo.olxcdn.com:443/v1/files/bj5di21030402-BG/image;s=216x152;q=50,Обновено днес в 05:54 ч.,NO
къща,агенция,м,250,448800,1795.2,,"ОПИСАНИЕ В продажба ! Продава се къща в гр. Варна, в района на м-ст Пчелина с добър достъп от главен път. Къщата е разположена в собствен парцел от 500 кв. с голяма веранда и панорамна гледка към града. Разпределение : - Етаж 1: Просторна дневна с кухня и трапезария 46 кв.м., баня с тоалетна и перално помещение , антре , комуникационно /техническо помещение с термопомпа и бойлер - Етаж 2: спалня 1 - 15,40 кв.м., спалня 2 - 17 кв.м., спалня 3 - 15 кв.м. със собствена баня с тоалетна, отделно на етажа има втора баня с тоалетна, перално помещение и тераса. Технически характеристики и предимства :",https://www.olx.bg/d/ad/kascha-v-varna-m-t-pchelina-plosch-250-tsena-448800-CID368-IDa43ss.html?search_reason=search%7Corganic,https://frankfurt.apollo.olxcdn.com:443/v1/files/5m80mnq0x5uf1-BG/image;s=216x152;q=50,Обновено днес в 05:41 ч.,NO
апартамент,агенция,Виница,152,266000,1750.0,,"ОПИСАНИЕ HOLDING GROUP Real Estate на Вашето внимание четиристаен мезонет с прекрасна морска панорама в кв. Виница. Изложението на имота е източно, което прави апартамента изключително слънчев и топъл. Ситуиран е в нова сграда с асансьор на 4-ти и 5-ти етаж от общо 6 етажа в сграда пред акт 16 с площ от 152 кв.м и се състои от две нива свързани с прекрасно стълбище: Първо ниво: просторна всекидневна с кухненски бокс баня с тоалетна спалня килер балкон Второ ниво: спалня всекидневна баня с тоалетна Апартаментът се издава по БДС, а за удобство на клиента се предлага и довършване ""до ключ"", както",https://www.olx.bg/d/ad/mezonet-v-varna-vinitsa-plosch-15217-tsena-181650-CID368-ID9quJh.html?search_reason=search%7Corganic,https://frankfurt.apollo.olxcdn.com:443/v1/files/axcl4lmjdycz1-BG/image;s=216x152;q=50,Обновено днес в 05:29 ч.,NO
апартамент,агенция,Гранд Мол Варна,68,153000,2250.0,,"ОПИСАНИЕ HOLDING GROUP Real Estate представя Двустаен Апартамент в района на Гранд Мол Варна АКТ 16! Асансьор! Качествено строителство! Слънчев и уютен! Чудесна локация! Намире се в близост до Гранд Мол Ванра, BILLA, автобусни спирки, аптеки, училища, детски градини! Апартаментът разполага с площ от 68 кв.м., ситуиран на осми, непоследен етаж, в сграда с асаснсьор и е със следното разпределение: коридор /4,5кв.м./, всекидневна с кухненска част /21кв.м./, спалня /11кв.м./, санитарен възел /4кв.м./, склад /2кв.м./, и тераса /7кв.м./ Съдействаме при банково кредитиране за покупка на вашият дом! А",https://www.olx.bg/d/ad/dvustaen-v-nova-sgrada-do-grand-mol-varna-CID368-ID9tce8.html?search_reason=search%7Corganic,https://frankfurt.apollo.olxcdn.com:443/v1/files/6pqu129ons7t2-BG/image;s=216x152;q=50,Обновено днес в 05:29 ч.,NO
земеделска,агенция,Изгрев,235,300000,1276.6,,"ОПИСАНИЕ Димитрова-Естейт предлага за продажба заведение за обществено хранене на две нива с обща площ 235 кв.м. по БДС. Находящ се в гр Варна, кв. Изгрев, с акт 16 и с четири външни парко места, които са включени в цената. Подходящо е за пицария, сладкарски цех или заведение. Има битов и трифазен ток. При смяна на предназначение е подходящо за лекарски кабинети и ветеринарна клиника.",https://www.olx.bg/d/ad/prodava-zavedenie-na-dve-niva-CID368-ID9STK8.html?search_reason=search%7Cpromoted,https://frankfurt.apollo.olxcdn.com:443/v1/files/14k5jd921ha32-BG/image;s=216x152;q=50,Обновено на 01 септември 2026 г.,NO
къща,агенция,м,174,259000,1488.51,,"ОПИСАНИЕ HOLDING GROUP real estate представя на Вашето внимание еднофамилна къща с предстоящ строеж в м-ст Боровец Север. В парцел с площ от 1 559 кв.м. ще бъдат изградени четири къщи, всяка със собствен двор от 400 кв.м. и РЗП 174 кв.м. Разпределението е следното: Етаж едно ще се състои от антре, дневен тракт, спалня, баня с тоалетна и стълби към етаж две. Етаж две ще се състои от коридор, три спални, като едната е със собствена баня с тоалетна и дрешник, баня с тоалетна за етажа и балкон. Получено Разрешение за строе, две паркоместа към всяка къща, без такса поддръжка. Имотът отстои на 171 м",https://www.olx.bg/d/ad/kascha-v-varna-m-t-borovets-plosch-174-kv-m-CID368-ID9OPI1.html?search_reason=search%7Corganic,https://frankfurt.apollo.olxcdn.com:443/v1/files/vc15nkd60nq72-BG/image;s=216x152;q=50,Обновено днес в 05:29 ч.,NO
друго,агенция,Гранд Мол Варна,41,119900,2924.39,,"ОПИСАНИЕ Предлагаме Ви преустроена гарсониера за продажба, разположена в панелна сграда до Автогарата и Гранд Мол, гр. Варна. На чиста площ от 41 кв.м. са разпределени: * дневна - трапезария с монтирана кухня с вградени уреди, с излаз на остъклена тераса и южно изложение; * обзаведена спалня с южно изложение; * функционален коридор с ниша, подходяща за перално помещение/вграден гардероб; * комбинирано мокро помещение. Към имота има прилежащо избено помещение с площ от 2 кв.м., както и 1,5118% идеални части от общите части на сградата и от правото на строеж. Жилището е разположено на осми етаж",https://www.olx.bg/d/ad/preustroena-panelna-garsoniera-do-grand-mol-gr-varna-yg-CID368-IDa3mPL.html?search_reason=search%7Corganic,https://frankfurt.apollo.olxcdn.com:443/v1/files/lr0fyzffijt12-BG/image;s=216x152;q=50,Обновено днес в 05:21 ч.,NO
друго,агенция,Чаталджа,20,200,10.0,,"ОПИСАНИЕ Представяме ви едностайно жилище в района на Чаталжда, отдава се дългосрочно, депозит един месечен наем. Подхода е от към вътрешен двор. Състои се от една стая с тераса и сервизно помещение.",https://www.olx.bg/d/ad/ednostayno-zhilische-pod-naem-v-rayona-na-pazar-chataldzha-CID368-IDa5cJR.html?search_reason=search%7Corganic,https://frankfurt.apollo.olxcdn.com:443/v1/files/3h4dj5hqnrre-BG/image;s=216x152;q=50,Днес в 05:11 ч.,NO
друго,агенция,Базар Левски,,400,,,"ОПИСАНИЕ Добре дошли в клуб МИКРОФОН — зала за вашите събития в град Варна с капацитет до 70 човека! С радост споделяме, нашето пространство, което е напълно готово да посреща частни партита, фирмени събития, концерти, караоке вечери и всякакви поводи за празнуване. Ако търсите уютно, стилно и вечерно настроено място за вашия екип или приятели, можем да ви предложим точно това — приятна атмосфера, добра музика и възможности за забавление и то без никой да ви притеснява! Частен клуб, само за ВИП гости! Пишете ни, за да запазите дата или да получите повече информация. Очакваме ви, за да създадем",https://www.olx.bg/d/ad/zala-za-sabitiya-vav-varna-klub-mikrofon-CID368-ID9T7ZW.html?search_reason=search%7Corganic,https://frankfurt.apollo.olxcdn.com:443/v1/files/totpd4h3yred3-BG/image;s=216x152;q=50,Обновено днес в 04:46 ч.,NO
друго,агенция,Летище,11,76,6.91,,"ОПИСАНИЕ Надеждно място за съхранение на Вашия багаж в база с контролиран достъп, със СОТ, Видеонаблюдение и жива охрана. Разполагаме с контейнери с различни размери според вашите нужди. Минимален срок на наемане 1 месец.",https://www.olx.bg/d/ad/konteyneri-pod-naem-CID368-ID9R8I0.html?search_reason=search%7Corganic,https://frankfurt.apollo.olxcdn.com:443/v1/files/v1e5w6suv5701-BG/image;s=216x152;q=50,Обновено днес в 04:08 ч.,NO
