Тип_имот,Локация-район,Площ_квм,Цена,Цена_кв.м,Телефон,Описание,Източник,Снимка_URL,Дата_обява,Спешност
друго,Варна,,,,,към ALO.BG |,https://www.alo.bg/,template/images/alobg-sajt-za-obyavi.svg,,NO
друго,Варна,,,,,,https://www.imot.bg//www.imot.bg/obiava-7921-zhilishtna-sgrada-grad-varna-izgrev,//www.imot.bg/images/picturess/logo.svg,,NO
апартамент,"гр. Варна, Център",55,450,8.18,,"Двустаен апартамент за под наем 880.12 лв. / 450 € | Навигиране до основното съдържание Навигиране до долен колонтитул Чат Нотификации Нотификации Твоят профил Добави обява Търсене Назад Заглавна страницаНедвижими имотиНаемиАпартаментиАпартаменти - Област ВарнаАпартаменти - ВарнаАпартаменти - Център ПРОМОТИРАЙ ОБНОВИ Частна Цена на кв.м: 8.18 Тип апартамент: 2 - стаен Квадратура: 55 кв.м Година на строителство: 2017 г. Строителство: Тухла Етаж: 5-ти Брой етажи на сградата: 7 Последен етаж Отопление: Електричество Обзавеждане: Обзаведен Преход: Без преход Особености: асансьор, готварска печка,",https://www.olx.bg/d/ad/dvustaen-apartament-za-pod-naem-CID368-IDa0JGE.html?search_reason=search%7Cpromoted,https://frankfurt.apollo.olxcdn.com:443/v1/files/0ru1p4rtpcpr3-BG/image;s=216x152;q=50,Обновено на 11 май 2026 г.,NO
къща,"гр. Варна, м",100,130,1.3,,"Лятна ваканция , къща на море под наем 254.26 лв. / 130 € | Навигиране до основното съдържание Навигиране до долен колонтитул Чат Нотификации Нотификации Твоят профил Добави обява Търсене Назад Заглавна страницаНедвижими имотиНаемиКъщи, вилиКъщи, вили - Област ВарнаКъщи, вили - ВарнаКъщи, вили - м-т Франга Дере ПРОМОТИРАЙ ОБНОВИ Частна Цена на кв.м: 1.30 Брой етажи на сградата: 1 Квадратура: 100 кв.м Квадратура на двора: 300 кв.м Година на строителство: 2000 г. Строителство: Гредоред Отопление: Електричество Особености: басейн, канализация, паркинг, видеонаблюдение ОПИСАНИЕ Самостоятелна къща",https://www.olx.bg/d/ad/lyatna-vakantsiya-kascha-na-more-pod-naem-CID368-ID9ODyf.html?search_reason=search%7Cpromoted,https://frankfurt.apollo.olxcdn.com:443/v1/files/nbq5uucilu0p1-BG/image;s=216x152;q=50,10 май 2026 г.,NO
апартамент,"гр. Варна, Общината",40,93800,2345.0,,"ПРОДАВАМ 1 - СТАЕН / СТУДИО Варна, к.к. Св. Св. Константин и Елена Собственик 183456.85 лв. / 93800 € | Навигиране до основното съдържание Навигиране до долен колонтитул Чат Нотификации Нотификации Твоят профил Добави обява Търсене Назад Заглавна страницаНедвижими имотиПродажбиАпартаментиАпартаменти - Област ВарнаАпартаменти - ВарнаАпартаменти - Общината ПРОМОТИРАЙ ОБНОВИ Частна Цена на кв.м: 2345 Тип апартамент: 1 - стаен Квадратура: 40 кв.м Година на строителство: 2010 г. Строителство: Тухла Етаж: 5-ти Брой етажи на сградата: 6 Отопление: Електричество Обзавеждане: Обзаведен Състояние на сгр",https://www.olx.bg/d/ad/prodavam-1-staen-studio-varna-k-k-sv-sv-konstantin-i-elena-sobstvenik-CID368-ID9ZY8L.html?search_reason=search%7Cpromoted,https://frankfurt.apollo.olxcdn.com:443/v1/files/m8rz2776qgpg3-BG/image;s=216x152;q=50,Обновено на 11 май 2026 г.,NO
апартамент,"гр. Варна, Колхозен пазар",54,550,10.19,,"ОТ СОБСТВЕНИК!!! Двустаен апартамент, Колхозен Пазар - гр. Варна 1075.71 лв. / 550 € | Навигиране до основното съдържание Навигиране до долен колонтитул Чат Нотификации Нотификации Твоят профил Добави обява Търсене Назад Заглавна страницаНедвижими имотиНаемиАпартаментиАпартаменти - Област ВарнаАпартаменти - ВарнаАпартаменти - Колхозен пазар ПРОМОТИРАЙ ОБНОВИ Частна Цена на кв.м: 10.19 Тип апартамент: 2 - стаен Квадратура: 54 кв.м Година на строителство: 2020 г. Строителство: Тухла Етаж: 3-ти Брой етажи на сградата: 6 Последен етаж Отопление: Електричество Обзавеждане: Обзаведен Преход: Без пре",https://www.olx.bg/d/ad/ot-sobstvenik-dvustaen-apartament-kolhozen-pazar-gr-varna-CID368-ID9Xx7F.html?search_reason=search%7Corganic,https://frankfurt.apollo.olxcdn.com:443/v1/files/l18944pyssh91-BG/image;s=216x152;q=50,Обновено днес в 11:03 ч.,NO
апартамент,"гр. Варна, Цветен квартал",80,400,5.0,,"Апартамент под наем Варна Цветен Квартал 782.33 лв. / 400 € | Навигиране до основното съдържание Навигиране до долен колонтитул Чат Нотификации Нотификации Твоят профил Добави обява Търсене Назад Заглавна страницаНедвижими имотиНаемиАпартаментиАпартаменти - Област ВарнаАпартаменти - ВарнаАпартаменти - Цветен квартал ПРОМОТИРАЙ ОБНОВИ Частна Цена на кв.м: 5 Тип апартамент: 2 - стаен Квадратура: 80 кв.м Година на строителство: 2013 г. Строителство: Тухла Етаж: 5-ти Брой етажи на сградата: 6 Отопление: Електричество Обзавеждане: Обзаведен Преход: Без преход Особености: готварска печка, хладилник,",https://www.olx.bg/d/ad/apartament-pod-naem-varna-tsveten-kvartal-CID368-IDa0OVf.html?search_reason=search%7Corganic,https://frankfurt.apollo.olxcdn.com:443/v1/files/le6e8bf0aas72-BG/image;s=216x152;q=50,Днес в 10:48 ч.,NO
гараж,"гр. Варна, Бриз",75,34000,453.33,,"Работещ EMS бизнес с клиенти и оборудване XBody – Варна, кв. Бриз 66498.22 лв. / 34000 € | Навигиране до основното съдържание Навигиране до долен колонтитул Чат Нотификации Нотификации Твоят профил Добави обява Търсене Назад Заглавна страницаНедвижими имотиПродажбиЗаведенияЗаведения - Област ВарнаЗаведения - ВарнаЗаведения - Бриз ПРОМОТИРАЙ ОБНОВИ Частна Цена на кв.м: 453.33 Квадратура: 75 кв.м Година на строителство: 2018 г. Строителство: Тухла Отопление: Електричество Особености: действащ бизнес, паркинг, видеонаблюдение ОПИСАНИЕ Продавам напълно оборудвана и работеща EMS зала с апаратура и",https://www.olx.bg/d/ad/rabotesch-ems-biznes-s-klienti-i-oborudvane-xbody-varna-kv-briz-CID368-ID9Yk92.html?search_reason=search%7Corganic,https://frankfurt.apollo.olxcdn.com:443/v1/files/0bhun09sg9gx2-BG/image;s=216x152;q=50,Обновено днес в 09:58 ч.,NO
друго,"гр. Варна, Цветен квартал",32,300,9.38,,"Над стадион “Спартак” 586.75 лв. / 300 € | Навигиране до основното съдържание Навигиране до долен колонтитул Чат Нотификации Нотификации Твоят профил Добави обява Търсене Назад Заглавна страницаНедвижими имотиНаемиКъщи, вилиКъщи, вили - Област ВарнаКъщи, вили - ВарнаКъщи, вили - Цветен квартал ПРОМОТИРАЙ ОБНОВИ Частна Цена на кв.м: 9.38 Брой етажи на сградата: 4 Квадратура: 32 кв.м Квадратура на двора: 10000 кв.м Година на строителство: 1998 г. Строителство: Друго Отопление: Електричество Особености: канализация ОПИСАНИЕ Предлагам като собственик: Търся МОМИЧЕ Цветен квартал Етаж- партерен с о",https://www.olx.bg/d/ad/nad-stadion-spartak-CID368-IDa0Ocm.html?search_reason=search%7Corganic,https://frankfurt.apollo.olxcdn.com:443/v1/files/tww78uczlu32-BG/image;s=216x152;q=50,Днес в 09:52 ч.,NO
парцел,"гр. Варна, Възраждане 1",3500,20000,5.71,,"Парцел със съборетина село Искър 39116.60 лв. / 20000 € | Навигиране до основното съдържание Навигиране до долен колонтитул Чат Нотификации Нотификации Твоят профил Добави обява Търсене Назад Заглавна страницаНедвижими имотиПродажбиПарцелиПарцели - Област ВарнаПарцели - ВарнаПарцели - Възраждане 1 ПРОМОТИРАЙ ОБНОВИ Частна Цена на кв.м: 5.71 Квадратура: 3500 кв.м Регулация: В регулация Вода: С вода Ток: С ток Особености: жил.строителство ОПИСАНИЕ На Вашето внимание предлагам райски парцел в разкошното село Искър/ Вълчи дол в близост до язовира 3.522 декара с постройка , заповядайте ! ID: 147958",https://www.olx.bg/d/ad/partsel-sas-saboretina-selo-iskar-CID368-IDa0OEb.html?search_reason=search%7Corganic,https://frankfurt.apollo.olxcdn.com:443/v1/files/2wlubsnut9163-BG/image;s=216x152;q=50,Днес в 09:46 ч.,NO
апартамент,"гр. Варна, Център",22,350,15.91,,Отдаване под наем на Кабинет 684.54 лв. / 350 € | Навигиране до основното съдържание Навигиране до долен колонтитул Чат Нотификации Нотификации Твоят профил Добави обява Търсене Назад Заглавна страницаНедвижими имотиНаемиОфисиОфиси - Област ВарнаОфиси - ВарнаОфиси - Център ПРОМОТИРАЙ ОБНОВИ Частна Цена на кв.м: 15.91 Квадратура: 22 кв.м Година на строителство: 2005 г. Строителство: Тухла Етаж: 1-ви Брой етажи на сградата: 4 Последен етаж Отопление: Електричество ОПИСАНИЕ Даваме под наем обзаведен кабинет в козметично студио. Търсиш удобно и готово пространство за работа? Имаме точното място за,https://www.olx.bg/d/ad/otdavane-pod-naem-na-kabinet-CID368-IDa0OKi.html?search_reason=search%7Corganic,https://frankfurt.apollo.olxcdn.com:443/v1/files/1sndvi3q4x9t1-BG/image;s=216x152;q=50,Днес в 09:42 ч.,NO
апартамент,"гр. Варна, Автогара",,205,,,"Търсим съквартирантка за самостоятелен апарартамент до Гранд мол 400.95 лв. / 205 € | Навигиране до основното съдържание Навигиране до долен колонтитул Чат Нотификации Нотификации Твоят профил Добави обява Търсене Назад Заглавна страницаНедвижими имотиСъквартирантиСъквартиранти - Област ВарнаСъквартиранти - ВарнаСъквартиранти - Автогара ПРОМОТИРАЙ ОБНОВИ Частна ОПИСАНИЕ Две работещи момичета търсят трето момиче за самостоятелен апартамент под наем. Апартамента се състои от три отделни спални,кухня с трапезария,тераса,дрешник,баня,тоалетна. Намира се точно зад Гранд Мол. ID: 146798534 Докладвай",https://www.olx.bg/d/ad/tarsim-sakvartirantka-za-samostoyatelen-aparartament-do-grand-mol-CID368-ID9WX0i.html?search_reason=search%7Corganic,https://frankfurt.apollo.olxcdn.com:443/v1/files/t3ve3jv4qir52-BG/image;s=216x152;q=50,Обновено днес в 09:14 ч.,NO
апартамент,"гр. Варна, Автогара",58,490,8.45,,"Двустаен автогара Варна 958.36 лв. / 490 € | Навигиране до основното съдържание Навигиране до долен колонтитул Чат Нотификации Нотификации Твоят профил Добави обява Търсене Назад Заглавна страницаНедвижими имотиНаемиАпартаментиАпартаменти - Област ВарнаАпартаменти - ВарнаАпартаменти - Автогара ПРОМОТИРАЙ ОБНОВИ Частна Цена на кв.м: 8.45 Тип апартамент: 3 - стаен Квадратура: 58 кв.м Година на строителство: 2009 г. Строителство: Тухла Етаж: 6-ти Брой етажи на сградата: 6 Последен етаж Отопление: Електричество Обзавеждане: Обзаведен Преход: Без преход Особености: асансьор, готварска печка, хладил",https://www.olx.bg/d/ad/dvustaen-avtogara-varna-CID368-ID9R4pN.html?search_reason=search%7Corganic,https://frankfurt.apollo.olxcdn.com:443/v1/files/hxwdwg3zgbmi2-BG/image;s=216x152;q=50,Обновено днес в 08:56 ч.,NO
парцел,"гр. Варна, Автогара",550,30600,55.64,,Продавам дворно място в гр.Суворово 59848.40 лв. / 30600 € | Навигиране до основното съдържание Навигиране до долен колонтитул Чат Нотификации Нотификации Твоят профил Добави обява Търсене Назад Заглавна страницаНедвижими имотиПродажбиПарцелиПарцели - Област ВарнаПарцели - ВарнаПарцели - Автогара ПРОМОТИРАЙ ОБНОВИ Частна Цена на кв.м: 55.64 Квадратура: 550 кв.м Регулация: В регулация Вода: Без вода Ток: Без ток Особености: жил.строителство ОПИСАНИЕ Продавам дворно място в гр.Суворово 550кв с идеални прави граници с възможност за прикачване към градска канализация и ток и вода на граница +49 15,https://www.olx.bg/d/ad/prodavam-dvorno-myasto-v-gr-suvorovo-CID368-ID9JGud.html?search_reason=search%7Corganic,https://frankfurt.apollo.olxcdn.com:443/v1/files/l1ho0tc80b3u3-BG/image;s=216x152;q=50,Обновено днес в 08:33 ч.,NO
апартамент,"гр. Варна, Колхозен пазар",40,350,8.75,,Напълно обзаведена мансарда под наем във Варна 684.54 лв. / 350 € | Навигиране до основното съдържание Навигиране до долен колонтитул Чат Нотификации Нотификации Твоят профил Добави обява Търсене Назад Заглавна страницаНедвижими имотиНаемиАпартаментиАпартаменти - Област ВарнаАпартаменти - ВарнаАпартаменти - Колхозен пазар ПРОМОТИРАЙ ОБНОВИ Частна Цена на кв.м: 8.75 Тип апартамент: 1 - стаен Квадратура: 40 кв.м Година на строителство: 2010 г. Строителство: Тухла Етаж: 6-ти Брой етажи на сградата: 6 Последен етаж Отопление: Електричество Обзавеждане: Обзаведен Преход: Без преход Особености: готв,https://www.olx.bg/d/ad/napalno-obzavedena-mansarda-pod-naem-vav-varna-CID368-IDa0Ovw.html?search_reason=search%7Corganic,/app/static/media/no_thumbnail.15f456ec5.svg,Днес в 08:31 ч.,NO
апартамент,"гр. Варна, Централна поща",40,440,11.0,,Двустаен Обзаведен Център Климатик Катедралата Дългосрочно 860.57 лв. / 440 € | Навигиране до основното съдържание Навигиране до долен колонтитул Чат Нотификации Нотификации Твоят профил Добави обява Търсене Назад Заглавна страницаНедвижими имотиНаемиАпартаментиАпартаменти - Област ВарнаАпартаменти - ВарнаАпартаменти - Централна поща ПРОМОТИРАЙ ОБНОВИ Частна Цена на кв.м: 11 Тип апартамент: 2 - стаен Квадратура: 40 кв.м Година на строителство: 1990 г. Строителство: Тухла Етаж: 1-ви Брой етажи на сградата: 1 Последен етаж Отопление: Електричество Обзавеждане: Обзаведен Преход: С преход Особенос,https://www.olx.bg/d/ad/dvustaen-obzaveden-tsentar-klimatik-katedralata-dalgosrochno-CID368-ID8Y38p.html?search_reason=search%7Cpromoted,https://frankfurt.apollo.olxcdn.com:443/v1/files/bi3fgt954cqw-BG/image;s=216x152;q=50,Обновено на 11 май 2026 г.,NO
апартамент,"гр. Варна, Бриз",160,1350,8.44,,Под наем тристаен в кв. Бриз в комплекс 2640.37 лв. / 1350 € По договаряне | Навигиране до основното съдържание Навигиране до долен колонтитул Чат Нотификации Нотификации Твоят профил Добави обява Търсене Назад Заглавна страницаНедвижими имотиНаемиАпартаментиАпартаменти - Област ВарнаАпартаменти - ВарнаАпартаменти - Бриз ПРОМОТИРАЙ ОБНОВИ Частна Цена на кв.м: 8.44 Тип апартамент: 3 - стаен Квадратура: 160 кв.м Година на строителство: 2015 г. Строителство: Тухла Етаж: 3-ти Брой етажи на сградата: 5 Последен етаж Отопление: Електричество Обзавеждане: Обзаведен Преход: Без преход Особености: асан,https://www.olx.bg/d/ad/pod-naem-tristaen-v-kv-briz-v-kompleks-CID368-IDa0OqP.html?search_reason=search%7Corganic,https://frankfurt.apollo.olxcdn.com:443/v1/files/7gwep24sy3jo3-BG/image;s=216x152;q=50,Днес в 08:04 ч.,NO
апартамент,"гр. Варна, Кайсиева градина",60,450,7.5,,"Двустаен апартамент под наем 880.12 лв. / 450 € | Навигиране до основното съдържание Навигиране до долен колонтитул Чат Нотификации Нотификации Твоят профил Добави обява Търсене Назад Заглавна страницаНедвижими имотиНаемиАпартаментиАпартаменти - Област ВарнаАпартаменти - ВарнаАпартаменти - Кайсиева градина ПРОМОТИРАЙ ОБНОВИ Частна Цена на кв.м: 7.50 Тип апартамент: 2 - стаен Квадратура: 60 кв.м Година на строителство: 2020 г. Строителство: Тухла Етаж: 4-ти Брой етажи на сградата: 6 Последен етаж Отопление: Електричество Обзавеждане: Обзаведен Преход: Без преход Особености: асансьор, готварска",https://www.olx.bg/d/ad/dvustaen-apartament-pod-naem-CID368-IDa0Ooz.html?search_reason=search%7Corganic,https://frankfurt.apollo.olxcdn.com:443/v1/files/eqlva6zive631-BG/image;s=216x152;q=50,Днес в 07:52 ч.,NO
офис,"гр. Варна, Център",37,350,9.46,,"Офис в идеален център, 37 м2, под наем, в бизнес сграда, ет. 2 684.54 лв. / 350 € | Навигиране до основното съдържание Навигиране до долен колонтитул Чат Нотификации Нотификации Твоят профил Добави обява Търсене Назад Заглавна страницаНедвижими имотиНаемиОфисиОфиси - Област ВарнаОфиси - ВарнаОфиси - Център ПРОМОТИРАЙ ОБНОВИ Частна Цена на кв.м: 9.46 Квадратура: 37 кв.м Година на строителство: 2008 г. Строителство: Тухла Етаж: 2-ри Брой етажи на сградата: 4 Последен етаж Отопление: Електричество Особености: асансьор, интернет, окабеляване ОПИСАНИЕ Офис под наем в офис сграда, в идеалния център",https://www.olx.bg/d/ad/ofis-v-idealen-tsentar-37-m2-pod-naem-v-biznes-sgrada-et-2-CID368-IDa0O6d.html?search_reason=search%7Corganic,https://frankfurt.apollo.olxcdn.com:443/v1/files/cx3z9aatmmfd2-BG/image;s=216x152;q=50,Днес в 06:08 ч.,NO
апартамент,"гр. Варна, Базар Левски",63,249000,3952.38,,"Продавам двустаен, луксозно обзаведен апартамент 487001.67 лв. / 249000 € | Навигиране до основното съдържание Навигиране до долен колонтитул Чат Нотификации Нотификации Твоят профил Добави обява Търсене Назад Заглавна страницаНедвижими имотиПродажбиАпартаментиАпартаменти - Област ВарнаАпартаменти - ВарнаАпартаменти - Базар Левски ПРОМОТИРАЙ ОБНОВИ Частна Цена на кв.м: 3952.38 Тип апартамент: 2 - стаен Квадратура: 63 кв.м Година на строителство: 2009 г. Строителство: Тухла Етаж: 6-ти Брой етажи на сградата: 7 Отопление: Локално Обзавеждане: Обзаведен Състояние на сградата: Завършена Преход: Бе",https://www.olx.bg/d/ad/prodavam-dvustaen-luksozno-obzaveden-apartament-CID368-ID9Pqf5.html?search_reason=search%7Corganic,https://frankfurt.apollo.olxcdn.com:443/v1/files/3dh8atv77kep-BG/image;s=216x152;q=50,Днес в 05:26 ч.,NO
апартамент,"гр. Варна, Виница",72,140000,1944.44,,Соб. продава 3ст.ап.+паркомясто Виница - Св.Конст и Ел 273816.20 лв. / 140000 € | Навигиране до основното съдържание Навигиране до долен колонтитул Чат Нотификации Нотификации Твоят профил Добави обява Търсене Назад Заглавна страницаНедвижими имотиПродажбиАпартаментиАпартаменти - Област ВарнаАпартаменти - ВарнаАпартаменти - Виница ПРОМОТИРАЙ ОБНОВИ Частна Цена на кв.м: 1944.44 Тип апартамент: 3 - стаен Квадратура: 72 кв.м Година на строителство: 2024 г. Строителство: Тухла Етаж: Партер Брой етажи на сградата: 5 Последен етаж Отопление: Електричество Обзавеждане: Обзаведен Състояние на сградата,https://www.olx.bg/d/ad/sob-prodava-3st-ap-parkomyasto-vinitsa-sv-konst-i-el-CID368-ID9O17C.html?search_reason=search%7Corganic,https://frankfurt.apollo.olxcdn.com:443/v1/files/43mocwyw6noz1-BG/image;s=216x152;q=50,Обновено на 11 май 2026 г.,NO
гараж,"гр. Варна, Виница",60,150,2.5,,"Давам паркоместа под наем 293.37 лв. / 150 € | Навигиране до основното съдържание Навигиране до долен колонтитул Чат Нотификации Нотификации Твоят профил Добави обява Търсене Назад Заглавна страницаНедвижими имотиНаемиГаражи, паркоместаГаражи, паркоместа - Област ВарнаГаражи, паркоместа - ВарнаГаражи, паркоместа - Виница ПРОМОТИРАЙ ОБНОВИ Частна Цена на кв.м: 2.50 Квадратура: 60 кв.м Вода: Без вода Ток: Без ток ОПИСАНИЕ Давам под наем двор с четири парко места, адресът е в центъра на кв.Виница. ID: 147953235 Докладвай Влез в своя OLX акаунт или създай нов, за да се свържеш с този продавач Влез",https://www.olx.bg/d/ad/davam-parkomesta-pod-naem-CID368-IDa0Now.html?search_reason=search%7Corganic,https://frankfurt.apollo.olxcdn.com:443/v1/files/ak59d4eyhxha3-BG/image;s=216x152;q=50,11 май 2026 г.,NO
апартамент,"гр. Варна, Цветен квартал",47,400,8.51,,"Южен обзаведен апартамент под наем – Варна, Цветен квартал 782.33 лв. / 400 € | Навигиране до основното съдържание Навигиране до долен колонтитул Чат Нотификации Нотификации Твоят профил Добави обява Търсене Назад Заглавна страницаНедвижими имотиНаемиАпартаментиАпартаменти - Област ВарнаАпартаменти - ВарнаАпартаменти - Цветен квартал ПРОМОТИРАЙ ОБНОВИ Частна Цена на кв.м: 8.51 Тип апартамент: 2 - стаен Квадратура: 47 кв.м Година на строителство: 1976 г. Строителство: Панел Етаж: 2-ри Брой етажи на сградата: 8 Последен етаж Отопление: Електричество Обзавеждане: Обзаведен Преход: Без преход Особ",https://www.olx.bg/d/ad/yuzhen-obzaveden-apartament-pod-naem-varna-tsveten-kvartal-CID368-ID9Tnt4.html?search_reason=search%7Corganic,,11 май 2026 г.,NO
къща,"гр. Варна, Колхозен пазар",200,260000,1300.0,,"Двуетажна къща, директно от строител, в местност Боровец, Варна 508515.80 лв. / 260000 € | Навигиране до основното съдържание Навигиране до долен колонтитул Чат Нотификации Нотификации Твоят профил Добави обява Търсене Назад Заглавна страницаНедвижими имотиПродажбиКъщи, вилиКъщи, вили - Област ВарнаКъщи, вили - ВарнаКъщи, вили - Колхозен пазар ПРОМОТИРАЙ ОБНОВИ Частна Цена на кв.м: 1300 Брой етажи на сградата: 2 Квадратура: 200 кв.м Квадратура на двора: 450 кв.м Година на строителство: 2025 г. Строителство: Тухла Отопление: Електричество Състояние на сградата: В строеж ОПИСАНИЕ Продажба на къщ",https://www.olx.bg/d/ad/dvuetazhna-kascha-direktno-ot-stroitel-v-mestnost-borovets-varna-CID368-ID9FnYo.html?search_reason=search%7Corganic,/app/static/media/no_thumbnail.15f456ec5.svg,11 май 2026 г.,NO
апартамент,"гр. Варна, м",85,225000,2647.06,,Собственик продава тристаен апартамент на първа линия в Бриз 440061.75 лв. / 225000 € | Навигиране до основното съдържание Навигиране до долен колонтитул Чат Нотификации Нотификации Твоят профил Добави обява Търсене Назад Заглавна страницаНедвижими имотиПродажбиАпартаментиАпартаменти - Област ВарнаАпартаменти - ВарнаАпартаменти - м-т Св. Никола ПРОМОТИРАЙ ОБНОВИ Частна Цена на кв.м: 2647.06 Тип апартамент: 3 - стаен Квадратура: 85 кв.м Година на строителство: 2002 г. Строителство: Тухла Етаж: 1-ви Брой етажи на сградата: 5 Последен етаж Отопление: Електричество Обзавеждане: Обзаведен Състояние,https://www.olx.bg/d/ad/sobstvenik-prodava-tristaen-apartament-na-parva-liniya-v-briz-CID368-IDa0NeC.html?search_reason=search%7Corganic,https://frankfurt.apollo.olxcdn.com:443/v1/files/5jqyrx8jlohg3-BG/image;s=216x152;q=50,11 май 2026 г.,NO
апартамент,"гр. Варна, м",54,560,10.37,,Апартамент с двор и паркомясто от собственик 1095.26 лв. / 560 € | Навигиране до основното съдържание Навигиране до долен колонтитул Чат Нотификации Нотификации Твоят профил Добави обява Търсене Назад Заглавна страницаНедвижими имотиНаемиАпартаментиАпартаменти - Област ВарнаАпартаменти - ВарнаАпартаменти - м-т Пчелина ПРОМОТИРАЙ ОБНОВИ Частна Цена на кв.м: 10.37 Тип апартамент: 2 - стаен Квадратура: 54 кв.м Година на строителство: 2024 г. Строителство: Тухла Етаж: 1-ви Брой етажи на сградата: 4 Последен етаж Отопление: Електричество Обзавеждане: Обзаведен Преход: Без преход Особености: асансьо,https://www.olx.bg/d/ad/apartament-s-dvor-i-parkomyasto-ot-sobstvenik-CID368-ID9Z8LC.html?search_reason=search%7Cpromoted,https://frankfurt.apollo.olxcdn.com:443/v1/files/mgvbutxgr7jy2-BG/image;s=216x152;q=50,06 май 2026 г.,NO
апартамент,"гр. Варна, Автогара",100,540,5.4,,"Тристаен апартамент под наем -Център гр.Варна 1056.15 лв. / 540 € | Навигиране до основното съдържание Навигиране до долен колонтитул Чат Нотификации Нотификации Твоят профил Добави обява Търсене Назад Заглавна страницаНедвижими имотиНаемиАпартаментиАпартаменти - Област ВарнаАпартаменти - ВарнаАпартаменти - Автогара ПРОМОТИРАЙ ОБНОВИ Частна Цена на кв.м: 5.40 Тип апартамент: 3 - стаен Квадратура: 100 кв.м Година на строителство: 1997 г. Строителство: Тухла Етаж: 3-ти Брой етажи на сградата: 10 Последен етаж Отопление: Електричество Обзавеждане: Обзаведен Преход: С преход Особености: асансьор,",https://www.olx.bg/d/ad/tristaen-apartament-pod-naem-tsentar-gr-varna-CID368-IDa0J8z.html?search_reason=search%7Cpromoted,https://frankfurt.apollo.olxcdn.com:443/v1/files/3bpixx94r6ls1-BG/image;s=216x152;q=50,10 май 2026 г.,NO
апартамент,"гр. Варна, Гранд Мол Варна",64,193000,3015.62,,Двустаен апартамент за продажба — директно от собственик 377475.19 лв. / 193000 € | Навигиране до основното съдържание Навигиране до долен колонтитул Чат Нотификации Нотификации Твоят профил Добави обява Търсене Назад Заглавна страницаНедвижими имотиПродажбиАпартаментиАпартаменти - Област ВарнаАпартаменти - ВарнаАпартаменти - Гранд Мол Варна ПРОМОТИРАЙ ОБНОВИ Частна Цена на кв.м: 3015.63 Тип апартамент: 2 - стаен Квадратура: 64 кв.м Година на строителство: 2006 г. Строителство: Тухла Етаж: 3-ти Брой етажи на сградата: 5 Последен етаж Отопление: Електричество Обзавеждане: Обзаведен Състояние на,https://www.olx.bg/d/ad/dvustaen-apartament-za-prodazhba-direktno-ot-sobstvenik-CID368-IDa0zKe.html?search_reason=search%7Cpromoted,https://frankfurt.apollo.olxcdn.com:443/v1/files/tzq3zc8f5hhl2-BG/image;s=216x152;q=50,Обновено на 11 май 2026 г.,NO
апартамент,"гр. Варна, Изгрев",55,400,7.27,,"Отдава се двустаен апартамент 782.33 лв. / 400 € | Навигиране до основното съдържание Навигиране до долен колонтитул Чат Нотификации Нотификации Твоят профил Добави обява Търсене Назад Заглавна страницаНедвижими имотиНаемиАпартаментиАпартаменти - Област ВарнаАпартаменти - ВарнаАпартаменти - Изгрев ПРОМОТИРАЙ ОБНОВИ Частна Цена на кв.м: 7.27 Тип апартамент: 2 - стаен Квадратура: 55 кв.м Година на строителство: 2019 г. Строителство: Тухла Етаж: 2-ри Брой етажи на сградата: 2 Последен етаж Отопление: Електричество Обзавеждане: Обзаведен Преход: Без преход Особености: готварска печка, хладилник, к",https://www.olx.bg/d/ad/otdava-se-dvustaen-apartament-CID368-IDa0N1Q.html?search_reason=search%7Corganic,https://frankfurt.apollo.olxcdn.com:443/v1/files/2308t0cp1hap2-BG/image;s=216x152;q=50,11 май 2026 г.,NO
апартамент,"гр. Варна, Колхозен пазар",210,380000,1809.52,,Продавам многостаен тип Мезонет - До Колхозен Пазар 743215.40 лв. / 380000 € | Навигиране до основното съдържание Навигиране до долен колонтитул Чат Нотификации Нотификации Твоят профил Добави обява Търсене Назад Заглавна страницаНедвижими имотиПродажбиАпартаментиАпартаменти - Област ВарнаАпартаменти - ВарнаАпартаменти - Колхозен пазар ПРОМОТИРАЙ ОБНОВИ Частна Цена на кв.м: 1809.52 Тип апартамент: мезонет Квадратура: 210 кв.м Година на строителство: 2002 г. Строителство: Тухла Етаж: 5-ти Брой етажи на сградата: 6 Отопление: Електричество Обзавеждане: Обзаведен Състояние на сградата: Завършена,https://www.olx.bg/d/ad/prodavam-mnogostaen-tip-mezonet-do-kolhozen-pazar-CID368-ID9UqnI.html?search_reason=search%7Corganic,https://frankfurt.apollo.olxcdn.com:443/v1/files/egw3x5qfsfb02-BG/image;s=216x152;q=50,Обновено на 11 май 2026 г.,NO
апартамент,"гр. Варна, Виница",64,108700,1698.44,,Нова намалена цена 212598.72 лв. / 108700 € | Навигиране до основното съдържание Навигиране до долен колонтитул Чат Нотификации Нотификации Твоят профил Добави обява Търсене Назад Заглавна страницаНедвижими имотиПродажбиАпартаментиАпартаменти - Област ВарнаАпартаменти - ВарнаАпартаменти - Виница ПРОМОТИРАЙ ОБНОВИ Частна Цена на кв.м: 1698.44 Тип апартамент: 2 - стаен Квадратура: 64 кв.м Година на строителство: 2010 г. Строителство: Тухла Етаж: 3-ти Брой етажи на сградата: 4 Отопление: Електричество Обзавеждане: Полуобзаведен Състояние на сградата: Завършена Преход: Без преход Особености: асанс,https://www.olx.bg/d/ad/nova-namalena-tsena-CID368-ID9ZmKu.html?search_reason=search%7Corganic,https://frankfurt.apollo.olxcdn.com:443/v1/files/2m9euwmvdnr21-BG/image;s=216x152;q=50,11 май 2026 г.,YES
къща,"гр. Варна, Владислав Варненчик",100,55000,550.0,,"Къща с.Момчилово на 45км от Варна 107570.65 лв. / 55000 € | Навигиране до основното съдържание Навигиране до долен колонтитул Чат Нотификации Нотификации Твоят профил Добави обява Търсене Назад Заглавна страницаНедвижими имотиПродажбиКъщи, вилиКъщи, вили - Област ВарнаКъщи, вили - ВарнаКъщи, вили - Владислав Варненчик ПРОМОТИРАЙ ОБНОВИ Частна Цена на кв.м: 550 Брой етажи на сградата: 1 Квадратура: 100 кв.м Квадратура на двора: 1500 кв.м Година на строителство: 1978 г. Строителство: Тухла Отопление: Без отопление Състояние на сградата: Завършена ОПИСАНИЕ Продавам къща- без посредник в с.Момчило",https://www.olx.bg/d/ad/kascha-s-momchilovo-na-45km-ot-varna-CID368-ID9B3xn.html?search_reason=search%7Corganic,https://frankfurt.apollo.olxcdn.com:443/v1/files/odzuzufa9kc11-BG/image;s=216x152;q=50,11 май 2026 г.,NO
гараж,"гр. Варна, Цветен квартал",45,35000,777.78,,"Хранителен магазин (готов бизнес) с 2 парко места 68454.05 лв. / 35000 € | Навигиране до основното съдържание Навигиране до долен колонтитул Чат Нотификации Нотификации Твоят профил Добави обява Търсене Назад Заглавна страницаНедвижими имотиПродажбиМагазиниМагазини - Област ВарнаМагазини - ВарнаМагазини - Цветен квартал ПРОМОТИРАЙ ОБНОВИ Частна Цена на кв.м: 777.78 Местоположение: на търговска улица Квадратура: 45 кв.м Година на строителство: 1998 г. Строителство: Панел Брой етажи на сградата: 1 Отопление: Електричество Особености: действащ бизнес, паркинг, видеонаблюдение ОПИСАНИЕ Продавам хр",https://www.olx.bg/d/ad/hranitelen-magazin-gotov-biznes-s-2-parko-mesta-CID368-IDa0Bqz.html?search_reason=search%7Corganic,https://frankfurt.apollo.olxcdn.com:443/v1/files/l4uhhem72s3n2-BG/image;s=216x152;q=50,Обновено на 11 май 2026 г.,NO
гараж,"гр. Варна, ЖП Гара",40,300,7.5,,"Двоен гараж под наем или складово помещение 586.75 лв. / 300 € | Навигиране до основното съдържание Навигиране до долен колонтитул Чат Нотификации Нотификации Твоят профил Добави обява Търсене Назад Заглавна страницаНедвижими имотиНаемиГаражи, паркоместаГаражи, паркоместа - Област ВарнаГаражи, паркоместа - ВарнаГаражи, паркоместа - ЖП Гара ПРОМОТИРАЙ ОБНОВИ Частна Цена на кв.м: 7.50 Квадратура: 40 кв.м Вода: Без вода Ток: С ток ОПИСАНИЕ Двоен гараж, 40 кв.м, автоматична врата, идеален център Варна. Подходящ за 2 коли или склад. Цена: 330 €. ID: 147612316 Докладвай Влез в своя OLX акаунт или съ",https://www.olx.bg/d/ad/dvoen-garazh-pod-naem-ili-skladovo-pomeschenie-CID368-ID9ZmHO.html?search_reason=search%7Corganic,https://frankfurt.apollo.olxcdn.com:443/v1/files/eg2qphfbnvf81-BG/image;s=216x152;q=50,11 май 2026 г.,NO
апартамент,"гр. Варна, Гръцка махала",50,600,12.0,,"Апартамент под наем в Гръцка махала 1173.50 лв. / 600 € | Навигиране до основното съдържание Навигиране до долен колонтитул Чат Нотификации Нотификации Твоят профил Добави обява Търсене Назад Заглавна страницаНедвижими имотиНаемиАпартаментиАпартаменти - Област ВарнаАпартаменти - ВарнаАпартаменти - Гръцка махала ПРОМОТИРАЙ ОБНОВИ Частна Цена на кв.м: 12 Тип апартамент: 2 - стаен Квадратура: 50 кв.м Година на строителство: 1980 г. Строителство: Тухла Етаж: 4-ти Брой етажи на сградата: 5 Отопление: Електричество Обзавеждане: Обзаведен Преход: Без преход Особености: готварска печка, хладилник, инт",https://www.olx.bg/d/ad/apartament-pod-naem-v-gratska-mahala-CID368-ID9Tb08.html?search_reason=search%7Corganic,https://frankfurt.apollo.olxcdn.com:443/v1/files/1cxaa9ohwizj-BG/image;s=216x152;q=50,11 май 2026 г.,NO
търговски,"гр. Варна, м",50,307,6.14,,"помещение в кв.Виница- подходящо за работилница, автосервиз или склад 600 лв. / 306.78 € | Навигиране до основното съдържание Навигиране до долен колонтитул Чат Нотификации Нотификации Твоят профил Добави обява Търсене Назад Заглавна страницаНедвижими имотиНаемиПромишлени сградиПромишлени сгради - Област ВарнаПромишлени сгради - ВарнаПромишлени сгради - м-т Евксиноград ПРОМОТИРАЙ ОБНОВИ Частна Цена на кв.м: 12 Квадратура: 50 кв.м Година на строителство: 1990 г. Строителство: Тухла Брой етажи на сградата: 1 Отопление: Без отопление Особености: асфалтиран път, електричество, канализация, водопро",https://www.olx.bg/d/ad/pomeschenie-v-kv-vinitsa-podhodyascho-za-rabotilnitsa-avtoserviz-ili-sklad-CID368-ID9Tox4.html?search_reason=search%7Corganic,https://frankfurt.apollo.olxcdn.com:443/v1/files/5jax0h2zw9k01-BG/image;s=216x152;q=50,11 май 2026 г.,NO
къща,"гр. Варна, Гръцка махала",173,345000,1994.22,,"Къща със самостоятелен двор в бутиков комплекс в Траката 674761.35 лв. / 345000 € | Навигиране до основното съдържание Навигиране до долен колонтитул Чат Нотификации Нотификации Твоят профил Добави обява Търсене Назад Заглавна страницаНедвижими имотиПродажбиКъщи, вилиКъщи, вили - Област ВарнаКъщи, вили - ВарнаКъщи, вили - Гръцка махала ПРОМОТИРАЙ ОБНОВИ Частна Цена на кв.м: 1994.22 Брой етажи на сградата: 2 Квадратура: 173 кв.м Квадратура на двора: 290 кв.м Година на строителство: 2026 г. Строителство: Тухла Отопление: Електричество Състояние на сградата: В строеж Особености: лизинг, паркинг,",https://www.olx.bg/d/ad/kascha-sas-samostoyatelen-dvor-v-butikov-kompleks-v-trakata-CID368-IDa0oXY.html?search_reason=search%7Corganic,https://frankfurt.apollo.olxcdn.com:443/v1/files/qsy45c0w5urc2-BG/image;s=216x152;q=50,Обновено на 11 май 2026 г.,NO
гараж,"гр. Варна, Галата",200,340000,1700.0,,"Tuida комплекс от къщи 664982.20 лв. / 340000 € | Навигиране до основното съдържание Навигиране до долен колонтитул Чат Нотификации Нотификации Твоят профил Добави обява Търсене Назад Заглавна страницаНедвижими имотиПродажбиКъщи, вилиКъщи, вили - Област ВарнаКъщи, вили - ВарнаКъщи, вили - Галата ПРОМОТИРАЙ ОБНОВИ Частна Цена на кв.м: 1700 Брой етажи на сградата: 2 Квадратура: 200 кв.м Квадратура на двора: 200 кв.м Година на строителство: 2026 г. Строителство: Тухла Отопление: Без отопление Състояние на сградата: В строеж Особености: канализация, паркинг, затворен комплекс ОПИСАНИЕ TUIDA Reside",https://www.olx.bg/d/ad/tuida-kompleks-ot-kaschi-CID368-ID9YP2P.html?search_reason=search%7Cpromoted,https://frankfurt.apollo.olxcdn.com:443/v1/files/aypjgf9n3gkv3-BG/image;s=216x152;q=50,Обновено на 10 май 2026 г.,NO
апартамент,"гр. Варна, м",40,149990,3749.75,,Двустаен апартамент кв.Левски 293354.94 лв. / 149990 € | Навигиране до основното съдържание Навигиране до долен колонтитул Чат Нотификации Нотификации Твоят профил Добави обява Търсене Назад Заглавна страницаНедвижими имотиПродажбиАпартаментиАпартаменти - Област ВарнаАпартаменти - ВарнаАпартаменти - м-т Сотира ПРОМОТИРАЙ ОБНОВИ Частна Цена на кв.м: 3749.75 Тип апартамент: 2 - стаен Квадратура: 40 кв.м Година на строителство: 1975 г. Строителство: Панел Етаж: 7-ми Брой етажи на сградата: 8 Отопление: Електричество Обзавеждане: Обзаведен Състояние на сградата: Завършена Преход: Без преход Особен,https://www.olx.bg/d/ad/dvustaen-apartament-kv-levski-CID368-ID9ZcFQ.html?search_reason=search%7Corganic,https://frankfurt.apollo.olxcdn.com:443/v1/files/hmtwoy5v7zjk-BG/image;s=216x152;q=50,11 май 2026 г.,NO
апартамент,"гр. Варна, Нептун",50,350,7.0,,"От Собственик -> 2-стаен Апартамент под наем в район Нептун, център - гр. Варна 684.54 лв. / 350 € | Навигиране до основното съдържание Навигиране до долен колонтитул Чат Нотификации Нотификации Твоят профил Добави обява Търсене Назад Заглавна страницаНедвижими имотиНаемиАпартаментиАпартаменти - Област ВарнаАпартаменти - ВарнаАпартаменти - Нептун ПРОМОТИРАЙ ОБНОВИ Частна Цена на кв.м: 7 Тип апартамент: 2 - стаен Квадратура: 50 кв.м Година на строителство: 1985 г. Строителство: Панел Етаж: 5-ти Брой етажи на сградата: 8 Последен етаж Отопление: Електричество Обзавеждане: Обзаведен Преход: Без п",https://www.olx.bg/d/ad/ot-sobstvenik-2-staen-apartament-pod-naem-v-rayon-neptun-tsentar-gr-varna-CID368-IDa0MvF.html?search_reason=search%7Corganic,https://frankfurt.apollo.olxcdn.com:443/v1/files/n4ramdivczkx-BG/image;s=216x152;q=50,11 май 2026 г.,NO
апартамент,"гр. Варна, Автогара",30,260,8.67,,"Под наем студио червен площад 508.52 лв. / 260 € | Навигиране до основното съдържание Навигиране до долен колонтитул Чат Нотификации Нотификации Твоят профил Добави обява Търсене Назад Заглавна страницаНедвижими имотиНаемиАпартаментиАпартаменти - Област ВарнаАпартаменти - ВарнаАпартаменти - Автогара ПРОМОТИРАЙ ОБНОВИ Частна Цена на кв.м: 8.67 Тип апартамент: 1 - стаен Квадратура: 30 кв.м Година на строителство: 2000 г. Строителство: Тухла Етаж: 3-ти Брой етажи на сградата: 5 Последен етаж Отопление: Електричество Обзавеждане: Обзаведен Преход: Без преход Особености: пералня, телевизор, интерне",https://www.olx.bg/d/ad/pod-naem-studio-cherven-ploschad-CID368-IDa0Mfj.html?search_reason=search%7Corganic,/app/static/media/no_thumbnail.15f456ec5.svg,11 май 2026 г.,NO
гараж,"гр. Варна, Възраждане 1",22,65,2.95,,"Паркомясто Възраждане 1 127.13 лв. / 65 € | Навигиране до основното съдържание Навигиране до долен колонтитул Чат Нотификации Нотификации Твоят профил Добави обява Търсене Назад Заглавна страницаНедвижими имотиНаемиГаражи, паркоместаГаражи, паркоместа - Област ВарнаГаражи, паркоместа - ВарнаГаражи, паркоместа - Възраждане 1 ПРОМОТИРАЙ ОБНОВИ Частна Цена на кв.м: 2.95 Квадратура: 22 кв.м Вода: Без вода Ток: Без ток ОПИСАНИЕ отдавам подземно парко място 3.2м х 6.8м във квартал Възраждане 1 на улица иван кацарски 6. До парко мястото се стига посредством рампа и гаражна врата със дистанционно упра",https://www.olx.bg/d/ad/parkomyasto-vazrazhdane-1-CID368-ID9Znlc.html?search_reason=search%7Corganic,https://frankfurt.apollo.olxcdn.com:443/v1/files/9qxz6ztjthql-BG/image;s=216x152;q=50,11 май 2026 г.,NO
апартамент,"гр. Варна, Гръцка махала",40,55500,1387.5,,Собственик продава панелна гарсионера кв Владиславово бл. 33 ет. 9 РЗП 108548.57 лв. / 55500 € | Навигиране до основното съдържание Навигиране до долен колонтитул Чат Нотификации Нотификации Твоят профил Добави обява Търсене Назад Заглавна страницаНедвижими имотиПродажбиАпартаментиАпартаменти - Област ВарнаАпартаменти - ВарнаАпартаменти - Гръцка махала ПРОМОТИРАЙ ОБНОВИ Частна Цена на кв.м: 1387.50 Тип апартамент: 2 - стаен Квадратура: 40 кв.м Година на строителство: 2002 г. Строителство: Панел Етаж: 9-ти Брой етажи на сградата: 9 Последен етаж Отопление: Електричество Обзавеждане: Обзаведен С,https://www.olx.bg/d/ad/sobstvenik-prodava-panelna-garsionera-kv-vladislavovobl-33-et-9rzp-CID368-ID9VJVT.html?search_reason=search%7Corganic,https://frankfurt.apollo.olxcdn.com:443/v1/files/4aclnypg4qwi3-BG/image;s=216x152;q=50,11 май 2026 г.,NO
парцел,"гр. Варна, Базар Левски",975,86000,88.21,,"Продава парцел в м-ст Перчемлията град Варна 168201.38 лв. / 86000 € | Навигиране до основното съдържание Навигиране до долен колонтитул Чат Нотификации Нотификации Твоят профил Добави обява Търсене Назад Заглавна страницаНедвижими имотиПродажбиПарцелиПарцели - Област ВарнаПарцели - ВарнаПарцели - Базар Левски ПРОМОТИРАЙ ОБНОВИ Частна Цена на кв.м: 88.21 Квадратура: 975 кв.м Регулация: В регулация Вода: С вода Ток: С ток Особености: бартер, обезщетение, жил.строителство ОПИСАНИЕ Продавам парцел 975 кв.м. над Аладжа манастир м-т Перчемлията във Варненската част. Парцела е с лице към улицата 32",https://www.olx.bg/d/ad/prodava-partsel-v-m-st-perchemliyata-grad-varna-CID368-ID9UfNb.html?search_reason=search%7Corganic,https://frankfurt.apollo.olxcdn.com:443/v1/files/jvg72o7x20rs2-BG/image;s=216x152;q=50,11 май 2026 г.,NO
апартамент,"гр. Варна, Възраждане 1",55,450,8.18,,"Под наем двустаен гр.Варна м. Пчелина 880.12 лв. / 450 € | Навигиране до основното съдържание Навигиране до долен колонтитул Чат Нотификации Нотификации Твоят профил Добави обява Търсене Назад Заглавна страницаНедвижими имотиНаемиАпартаментиАпартаменти - Област ВарнаАпартаменти - ВарнаАпартаменти - Възраждане 1 ПРОМОТИРАЙ ОБНОВИ Частна Цена на кв.м: 8.18 Тип апартамент: 2 - стаен Квадратура: 55 кв.м Година на строителство: 2019 г. Строителство: Панел Етаж: 3-ти Брой етажи на сградата: 5 Последен етаж Отопление: Електричество Обзавеждане: Обзаведен Преход: С преход Особености: гараж, готварска",https://www.olx.bg/d/ad/pod-naem-dvustaen-gr-varna-m-pchelina-CID368-IDa0M8I.html?search_reason=search%7Corganic,https://frankfurt.apollo.olxcdn.com:443/v1/files/d9h6hirhnkaj1-BG/image;s=216x152;q=50,11 май 2026 г.,NO
търговски,"гр. Варна, Център",25,90000,3600.0,,"Продавам магазин 176024.70 лв. / 90000 € По договаряне | Навигиране до основното съдържание Навигиране до долен колонтитул Чат Нотификации Нотификации Твоят профил Добави обява Търсене Назад Заглавна страницаНедвижими имотиПродажбиМагазиниМагазини - Област ВарнаМагазини - ВарнаМагазини - Център ПРОМОТИРАЙ ОБНОВИ Частна Цена на кв.м: 3600 Местоположение: на търговска улица Квадратура: 25 кв.м Година на строителство: 2010 г. Строителство: Тухла Брой етажи на сградата: 5 Отопление: Електричество Особености: бартер, действащ бизнес ОПИСАНИЕ Продава се магазин в района на ""Макдрайв"".Включително и о",https://www.olx.bg/d/ad/prodavam-magazin-CID368-ID9OoAj.html?search_reason=search%7Corganic,https://frankfurt.apollo.olxcdn.com:443/v1/files/9362wrfuwj6i2-BG/image;s=216x152;q=50,11 май 2026 г.,NO
търговски,"гр. Варна, Център",51,462,9.06,,"Два магазина под наем в топ център 903.59 лв. / 462 € | Навигиране до основното съдържание Навигиране до долен колонтитул Чат Нотификации Нотификации Твоят профил Добави обява Търсене Назад Заглавна страницаНедвижими имотиНаемиМагазиниМагазини - Област ВарнаМагазини - ВарнаМагазини - Център ПРОМОТИРАЙ ОБНОВИ Частна Цена на кв.м: 9.06 Местоположение: на търговска улица Квадратура: 51 кв.м Година на строителство: 1940 г. Строителство: Тухла Брой етажи на сградата: 4 Отопление: Електричество ОПИСАНИЕ Отдавам под наем два търговски обекта със статут на магазин, разположени в централната част на гр",https://www.olx.bg/d/ad/dva-magazina-pod-naem-v-top-tsentar-CID368-ID9Zqo0.html?search_reason=search%7Corganic,/app/static/media/no_thumbnail-x.44c616dc8.svg,11 май 2026 г.,NO
апартамент,"гр. Варна, Чайка",65,400,6.15,,Собственик отдава под наем тристаен обзаведен апартамент в ж.к.Чайка 782.33 лв. / 400 € | Навигиране до основното съдържание Навигиране до долен колонтитул Чат Нотификации Нотификации Твоят профил Добави обява Търсене Назад Заглавна страницаНедвижими имотиНаемиАпартаментиАпартаменти - Област ВарнаАпартаменти - ВарнаАпартаменти - Чайка ПРОМОТИРАЙ ОБНОВИ Частна Цена на кв.м: 6.15 Тип апартамент: 3 - стаен Квадратура: 65 кв.м Година на строителство: 1974 г. Строителство: Панел Етаж: 4-ти Брой етажи на сградата: 6 Последен етаж Отопление: Електричество Обзавеждане: Обзаведен Преход: Без преход Осо,https://www.olx.bg/d/ad/sobstvenik-otdava-pod-naem-tristaen-obzaveden-apartament-v-zh-k-chayka-CID368-ID9SEo2.html?search_reason=search%7Corganic,https://frankfurt.apollo.olxcdn.com:443/v1/files/geqyt86psdb-BG/image;s=216x152;q=50,11 май 2026 г.,NO
земеделска,"гр. Варна, Кайсиева градина",110,500,4.55,,Давам под наем офис/магазин 977.92 лв. / 500 € | Навигиране до основното съдържание Навигиране до долен колонтитул Чат Нотификации Нотификации Твоят профил Добави обява Търсене Назад Заглавна страницаНедвижими имотиНаемиМагазиниМагазини - Област ВарнаМагазини - ВарнаМагазини - Кайсиева градина ПРОМОТИРАЙ ОБНОВИ Частна Цена на кв.м: 4.55 Местоположение: цяла самостоятелна сграда Квадратура: 110 кв.м Година на строителство: 2009 г. Строителство: Друго Брой етажи на сградата: 2 Отопление: Електричество ОПИСАНИЕ Давам под наем офис/магазин 110 кв.м. Помещението се намира на втори етаж в строителен,https://www.olx.bg/d/ad/davam-pod-naem-ofis-magazin-CID368-IDa0LnS.html?search_reason=search%7Corganic,https://frankfurt.apollo.olxcdn.com:443/v1/files/ccecietnsa2a-BG/image;s=216x152;q=50,11 май 2026 г.,NO
парцел,"гр. Варна, Колхозен пазар",500,12782,25.56,,"Парцел в индустриална зона гр. Дългопол 25000 лв. / 12782.30 € | Навигиране до основното съдържание Навигиране до долен колонтитул Чат Нотификации Нотификации Твоят профил Добави обява Търсене Назад Заглавна страницаНедвижими имотиПродажбиПарцелиПарцели - Област ВарнаПарцели - ВарнаПарцели - Колхозен пазар ПРОМОТИРАЙ ОБНОВИ Частна Цена на кв.м: 50 Квадратура: 500 кв.м Регулация: В регулация Вода: Без вода Ток: Без ток ОПИСАНИЕ Продавам парцел/дворно място в индустриалната зона (МТС) гр.Дългопол. Парцела е с правилна форма, лице на асфалтова улица, в близост до главният път за Айтос и Бургас. В",https://www.olx.bg/d/ad/partsel-v-industrialna-zona-gr-dalgopol-CID368-ID9Wgon.html?search_reason=search%7Corganic,https://frankfurt.apollo.olxcdn.com:443/v1/files/5e1wa8g43a2l2-BG/image;s=216x152;q=50,11 май 2026 г.,NO
апартамент,"гр. Варна, Възраждане 1",73,580,7.95,,"Апартамент под наем варна ж.к Възраждане 1 1134.38 лв. / 580 € | Навигиране до основното съдържание Навигиране до долен колонтитул Чат Нотификации Нотификации Твоят профил Добави обява Търсене Назад Заглавна страницаНедвижими имотиНаемиАпартаментиАпартаменти - Област ВарнаАпартаменти - ВарнаАпартаменти - Възраждане 1 ПРОМОТИРАЙ ОБНОВИ Частна Цена на кв.м: 7.95 Тип апартамент: 3 - стаен Квадратура: 73 кв.м Година на строителство: 1987 г. Строителство: Панел Етаж: 5-ти Брой етажи на сградата: 8 Последен етаж Отопление: Газ Обзавеждане: Обзаведен Преход: Без преход Особености: асансьор, готварска",https://www.olx.bg/d/ad/apartament-pod-naem-varna-zh-k-vazrazhdane-1-CID368-IDa0LES.html?search_reason=search%7Corganic,https://frankfurt.apollo.olxcdn.com:443/v1/files/98b24kisq82i2-BG/image;s=216x152;q=50,11 май 2026 г.,NO
апартамент,"гр. Варна, Център",12,300,25.0,,"давам под наем самостоятелна стая 586.75 лв. / 300 € | Навигиране до основното съдържание Навигиране до долен колонтитул Чат Нотификации Нотификации Твоят профил Добави обява Търсене Назад Заглавна страницаНедвижими имотиНаемиАпартаментиАпартаменти - Област ВарнаАпартаменти - ВарнаАпартаменти - Център ПРОМОТИРАЙ ОБНОВИ Частна Цена на кв.м: 25 Тип апартамент: 1 - стаен Квадратура: 12 кв.м Година на строителство: 1965 г. Строителство: Тухла Етаж: Партер Брой етажи на сградата: 3 Последен етаж Отопление: Електричество Обзавеждане: Обзаведен Преход: Без преход Особености: хладилник, пералня, телев",https://www.olx.bg/d/ad/davam-pod-naem-samostoyatelna-staya-CID368-IDa0Lz4.html?search_reason=search%7Corganic,https://frankfurt.apollo.olxcdn.com:443/v1/files/arkvlh3dxs0i1-BG/image;s=216x152;q=50,11 май 2026 г.,NO
друго,"гр. Варна, Младост 1",100,51,0.51,,"Помещение за партита, рождени дни, концерти – Варна и Кранево 100 лв. / 51.13 € | Навигиране до основното съдържание Навигиране до долен колонтитул Чат Нотификации Нотификации Твоят профил Добави обява Търсене Назад Заглавна страницаНедвижими имотиНаемиЗаведенияЗаведения - Област ВарнаЗаведения - ВарнаЗаведения - Младост 1 ПРОМОТИРАЙ ОБНОВИ Частна Цена на кв.м: 1 Квадратура: 100 кв.м Година на строителство: 1988 г. Строителство: Друго Отопление: Електричество ОПИСАНИЕ Отдаване под наем на помещение за партита, рождени дни, концерти – Варна и Кранево Отдаваме под наем помещение в гр. Варна, кв.",https://www.olx.bg/d/ad/pomeschenie-za-partita-rozhdeni-dni-kontserti-varna-i-kranevo-CID368-ID9VJiw.html?search_reason=search%7Corganic,https://frankfurt.apollo.olxcdn.com:443/v1/files/7933lkhalsz63-BG/image;s=216x152;q=50,11 май 2026 г.,NO
апартамент,"гр. Варна, Виница",110,650,5.91,,"Отдава се под наем етаж от къща 1271.29 лв. / 650 € | Навигиране до основното съдържание Навигиране до долен колонтитул Чат Нотификации Нотификации Твоят профил Добави обява Търсене Назад Заглавна страницаНедвижими имотиНаемиАпартаментиАпартаменти - Област ВарнаАпартаменти - ВарнаАпартаменти - Виница ПРОМОТИРАЙ ОБНОВИ Частна Цена на кв.м: 5.91 Тип апартамент: 4 - стаен Квадратура: 110 кв.м Година на строителство: 1980 г. Строителство: Тухла Етаж: 2-ри Брой етажи на сградата: 3 Отопление: Електричество Обзавеждане: Обзаведен Преход: Без преход Особености: готварска печка, хладилник, климатик, м",https://www.olx.bg/d/ad/otdava-se-pod-naem-etazh-ot-kascha-CID368-IDa0KBC.html?search_reason=search%7Corganic,https://frankfurt.apollo.olxcdn.com:443/v1/files/0d406tn0efbv-BG/image;s=216x152;q=50,11 май 2026 г.,NO
друго,"гр. Варна, Окръжна болница",,5,,,"Голяма луксозна оборудвана зала за тренировки, спорт, йога и танци 10 лв. / 5.11 € По договаряне | Навигиране до основното съдържание Навигиране до долен колонтитул Чат Нотификации Нотификации Твоят профил Добави обява Търсене Назад Заглавна страницаНедвижими имотиНаемиЗали за танци, събитияЗали за танци, събития - Област ВарнаЗали за танци, събития - ВарнаЗали за танци, събития - Окръжна болница ПРОМОТИРАЙ ОБНОВИ Частна Вид: Спорт, забавления Цена: на ден ОПИСАНИЕ Голяма луксозна оборудвана зала за тренировки, спорт, йога и танци. Дневно или почасово наемане . По договаряне. До окръжна болниц",https://www.olx.bg/d/ad/golyama-luksozna-oborudvana-zala-za-trenirovki-sport-yoga-i-tantsi-CID368-ID9Y1o4.html?search_reason=search%7Corganic,https://frankfurt.apollo.olxcdn.com:443/v1/files/l4ajaslbku6m1-BG/image;s=216x152;q=50,11 май 2026 г.,NO
апартамент,"гр. Варна, Владислав Варненчик",93,119000,1279.57,,Продава апартамент Владиславово зад пощата високите блокове 232743.77 лв. / 119000 € | Навигиране до основното съдържание Навигиране до долен колонтитул Чат Нотификации Нотификации Твоят профил Добави обява Търсене Назад Заглавна страницаНедвижими имотиПродажбиАпартаментиАпартаменти - Област ВарнаАпартаменти - ВарнаАпартаменти - Владислав Варненчик ПРОМОТИРАЙ ОБНОВИ Частна Цена на кв.м: 1279.57 Тип апартамент: 4 - стаен Квадратура: 93 кв.м Година на строителство: 1977 г. Строителство: Панел Етаж: 11-ти Брой етажи на сградата: 14 Последен етаж Отопление: Електричество Обзавеждане: Необзаведен С,https://www.olx.bg/d/ad/prodava-apartament-vladislavovo-zad-poschata-visokite-blokove-CID368-IDa0Lgb.html?search_reason=search%7Corganic,https://frankfurt.apollo.olxcdn.com:443/v1/files/dzfof9mc2ty7-BG/image;s=216x152;q=50,11 май 2026 г.,NO
апартамент,"гр. Варна, Младост 1",50,650,13.0,,Двустаен апартамент с Паркомясто в цената! БЕЗ ПОСРЕДНИЦИ! 1271.29 лв. / 650 € По договаряне | Навигиране до основното съдържание Навигиране до долен колонтитул Чат Нотификации Нотификации Твоят профил Добави обява Търсене Назад Заглавна страницаНедвижими имотиНаемиАпартаментиАпартаменти - Област ВарнаАпартаменти - ВарнаАпартаменти - Младост 1 ПРОМОТИРАЙ ОБНОВИ Частна Цена на кв.м: 13 Тип апартамент: 2 - стаен Квадратура: 50 кв.м Година на строителство: 2025 г. Строителство: Тухла Етаж: 5-ти Брой етажи на сградата: 5 Последен етаж Отопление: Електричество Обзавеждане: Обзаведен Преход: Без пре,https://www.olx.bg/d/ad/dvustaen-apartament-s-parkomyasto-v-tsenata-bez-posrednitsi-CID368-IDa0cOF.html?search_reason=search%7Cpromoted,https://frankfurt.apollo.olxcdn.com:443/v1/files/oxnvzzv20lmv-BG/image;s=216x152;q=50,Обновено на 10 май 2026 г.,NO
парцел,"гр. Варна, Автогара",3519,10300,2.93,,"Поземлен имот - нива. 20145.05 лв. / 10300 € | Навигиране до основното съдържание Навигиране до долен колонтитул Чат Нотификации Нотификации Твоят профил Добави обява Търсене Назад Заглавна страницаНедвижими имотиПродажбиПарцелиПарцели - Област ВарнаПарцели - ВарнаПарцели - Автогара ПРОМОТИРАЙ ОБНОВИ Частна Цена на кв.м: 2.93 Квадратура: 3519 кв.м Регулация: Извън регулация Вода: Без вода Ток: Без ток ОПИСАНИЕ Нива. На 150 м. от гр.Игнатиево - м-т Арпалъците. Имайте предвид , че парите вече станаха хартийки без покритие ... ID: 137538936 Докладвай Влез в своя OLX акаунт или създай нов, за да с",https://www.olx.bg/d/ad/pozemlen-imot-niva-CID368-ID9j69V.html?search_reason=search%7Corganic,/app/static/media/no_thumbnail.15f456ec5.svg,11 май 2026 г.,NO
апартамент,"гр. Варна, Чайка",65,450,6.92,,"Собственик отдава под наем апартамент в Чайка 880.12 лв. / 450 € | Навигиране до основното съдържание Навигиране до долен колонтитул Чат Нотификации Нотификации Твоят профил Добави обява Търсене Назад Заглавна страницаНедвижими имотиНаемиАпартаментиАпартаменти - Област ВарнаАпартаменти - ВарнаАпартаменти - Чайка ПРОМОТИРАЙ ОБНОВИ Частна Цена на кв.м: 6.92 Тип апартамент: 3 - стаен Квадратура: 65 кв.м Година на строителство: 1975 г. Строителство: Тухла Етаж: 6-ти Брой етажи на сградата: 10 Последен етаж Отопление: Електричество Обзавеждане: Обзаведен Преход: Без преход Особености: асансьор, гот",https://www.olx.bg/d/ad/sobstvenik-otdava-pod-naem-apartament-v-chayka-CID368-IDa0L4G.html?search_reason=search%7Corganic,https://frankfurt.apollo.olxcdn.com:443/v1/files/srzpgb3c9t5f2-BG/image;s=216x152;q=50,11 май 2026 г.,NO
апартамент,"гр. Варна, Чаталджа",55,500,9.09,,"давам под наем двустаен апартамент 977.92 лв. / 500 € | Навигиране до основното съдържание Навигиране до долен колонтитул Чат Нотификации Нотификации Твоят профил Добави обява Търсене Назад Заглавна страницаНедвижими имотиНаемиАпартаментиАпартаменти - Област ВарнаАпартаменти - ВарнаАпартаменти - Чаталджа ПРОМОТИРАЙ ОБНОВИ Частна Цена на кв.м: 9.09 Тип апартамент: 2 - стаен Квадратура: 55 кв.м Година на строителство: 1955 г. Строителство: Тухла Етаж: 1-ви Брой етажи на сградата: 4 Последен етаж Отопление: Електричество Обзавеждане: Обзаведен Преход: Без преход Особености: готварска печка, хлади",https://www.olx.bg/d/ad/davam-pod-naem-dvustaen-apartament-CID368-IDa0Kcy.html?search_reason=search%7Corganic,https://frankfurt.apollo.olxcdn.com:443/v1/files/sp9xlgwmkhut3-BG/image;s=216x152;q=50,10 май 2026 г.,NO
парцел,"гр. Варна, м",2587,179000,69.19,,"Продавам Парцел в Ментишето Собственик 350093.57 лв. / 179000 € | Навигиране до основното съдържание Навигиране до долен колонтитул Чат Нотификации Нотификации Твоят профил Добави обява Търсене Назад Заглавна страницаНедвижими имотиПродажбиПарцелиПарцели - Област ВарнаПарцели - ВарнаПарцели - м-т Ментешето ПРОМОТИРАЙ ОБНОВИ Частна Цена на кв.м: 69.19 Квадратура: 2587 кв.м Регулация: Извън регулация Вода: Без вода Ток: Без ток Особености: жил.строителство ОПИСАНИЕ вид територия Урбанизирана, НТП Ниско застрояване ID: 144336408 Докладвай Влез в своя OLX акаунт или създай нов, за да се свържеш с",https://www.olx.bg/d/ad/prodavam-partsel-v-mentisheto-sobstvenik-CID368-ID9LCuA.html?search_reason=search%7Corganic,https://frankfurt.apollo.olxcdn.com:443/v1/files/pip2wkwe5gto-BG/image;s=216x152;q=50,10 май 2026 г.,NO
къща,"гр. Варна, Трошево",40,300,7.5,,"Вила под наем в местност Добрева чешма 5 586.75 лв. / 300 € | Навигиране до основното съдържание Навигиране до долен колонтитул Чат Нотификации Нотификации Твоят профил Добави обява Търсене Назад Заглавна страницаНедвижими имотиНаемиКъщи, вилиКъщи, вили - Област ВарнаКъщи, вили - ВарнаКъщи, вили - Трошево ПРОМОТИРАЙ ОБНОВИ Частна Цена на кв.м: 7.50 Брой етажи на сградата: 2 Квадратура: 40 кв.м Квадратура на двора: 400 кв.м Година на строителство: 2000 г. Строителство: Тухла Отопление: Електричество ОПИСАНИЕ Стая, баня с тоалетна, навес, барбекю и таванска стая под наем в местност Добрева чешма",https://www.olx.bg/d/ad/vila-pod-naem-v-mestnost-dobreva-cheshma-5-CID368-IDa0JP1.html?search_reason=search%7Corganic,https://frankfurt.apollo.olxcdn.com:443/v1/files/25qilpm25yt8-BG/image;s=216x152;q=50,10 май 2026 г.,NO
апартамент,"гр. Варна, Възраждане 3",61,140000,2295.08,,Двустаен апартамен-Обзаведен-61кв 273816.20 лв. / 140000 € | Навигиране до основното съдържание Навигиране до долен колонтитул Чат Нотификации Нотификации Твоят профил Добави обява Търсене Назад Заглавна страницаНедвижими имотиПродажбиАпартаментиАпартаменти - Област ВарнаАпартаменти - ВарнаАпартаменти - Възраждане 3 ПРОМОТИРАЙ ОБНОВИ Частна Цена на кв.м: 2295.08 Тип апартамент: 2 - стаен Квадратура: 61 кв.м Година на строителство: 2024 г. Строителство: Тухла Етаж: 1-ви Брой етажи на сградата: 5 Последен етаж Отопление: Електричество Обзавеждане: Обзаведен Състояние на сградата: Завършена Прехо,https://www.olx.bg/d/ad/dvustaen-apartamen-obzaveden-61kv-CID368-IDa0zDw.html?search_reason=search%7Corganic,https://frankfurt.apollo.olxcdn.com:443/v1/files/zou6gok20jb92-BG/image;s=216x152;q=50,Обновено на 10 май 2026 г.,NO
апартамент,"гр. Варна, Зимно кино Тракия",,60,,,"Самостоятелна стая от апартамент 117.35 лв. / 60 € По договаряне | Навигиране до основното съдържание Навигиране до долен колонтитул Чат Нотификации Нотификации Твоят профил Добави обява Търсене Назад Заглавна страницаНедвижими имотиСъквартирантиСъквартиранти - Област ВарнаСъквартиранти - ВарнаСъквартиранти - Зимно кино Тракия ПРОМОТИРАЙ ОБНОВИ Частна ОПИСАНИЕ Стая от апартамент център обзаведен последен етаж асансьор По договаряне ID: 147843488 Преглеждания: 47 Докладвай Влез в своя OLX акаунт или създай нов, за да се свържеш с този продавач Влез или се регистрирай КОНТАКТ С ПРОДАВАЧА Emanuil",https://www.olx.bg/d/ad/samostoyatelna-staya-ot-apartament-CID368-IDa0kQo.html?search_reason=search%7Corganic,/app/static/media/no_thumbnail-x.44c616dc8.svg,Обновено на 10 май 2026 г.,NO
апартамент,"гр. Варна, Автогара",109,250,2.29,,"Стаи под наем дългосрочно 488.96 лв. / 250 € | Навигиране до основното съдържание Навигиране до долен колонтитул Чат Нотификации Нотификации Твоят профил Добави обява Търсене Назад Заглавна страницаНедвижими имотиНаемиАпартаментиАпартаменти - Област ВарнаАпартаменти - ВарнаАпартаменти - Автогара ПРОМОТИРАЙ ОБНОВИ Частна Цена на кв.м: 2.29 Тип апартамент: 4 - стаен Квадратура: 109 кв.м Година на строителство: 2000 г. Строителство: Панел Етаж: 8-ми Брой етажи на сградата: 8 Последен етаж Отопление: Електричество Обзавеждане: Обзаведен Преход: Без преход Особености: асансьор, готварска печка, хла",https://www.olx.bg/d/ad/stai-pod-naem-dalgosrochno-CID368-ID9ZMe5.html?search_reason=search%7Cpromoted,https://frankfurt.apollo.olxcdn.com:443/v1/files/f38hdc4xiemu1-BG/image;s=216x152;q=50,Обновено на 10 май 2026 г.,NO
апартамент,"гр. Варна, Център",140,220000,1571.43,,Уникален многостаен мезонет в центъра с невероятна гледка към езерото 430282.60 лв. / 220000 € | Навигиране до основното съдържание Навигиране до долен колонтитул Чат Нотификации Нотификации Твоят профил Добави обява Търсене Назад Заглавна страницаНедвижими имотиПродажбиАпартаментиАпартаменти - Област ВарнаАпартаменти - ВарнаАпартаменти - Център ПРОМОТИРАЙ ОБНОВИ Частна Цена на кв.м: 1571.43 Тип апартамент: многостаен Квадратура: 140 кв.м Година на строителство: 2001 г. Строителство: Тухла Етаж: 5-ти Брой етажи на сградата: 6 Отопление: Електричество Обзавеждане: Обзаведен Състояние на сградат,https://www.olx.bg/d/ad/unikalen-mnogostaen-mezonet-v-tsentara-s-neveroyatna-gledka-kam-ezeroto-CID368-ID9WuVQ.html?search_reason=search%7Corganic,https://frankfurt.apollo.olxcdn.com:443/v1/files/ik81aidu3zpx-BG/image;s=216x152;q=50,10 май 2026 г.,NO
друго,"гр. Варна, Център",60,170000,2833.33,,Продавам разработен бизнес 332491.10 лв. / 170000 € | Навигиране до основното съдържание Навигиране до долен колонтитул Чат Нотификации Нотификации Твоят профил Добави обява Търсене Назад Заглавна страницаНедвижими имотиПродажбиЗаведенияЗаведения - Област ВарнаЗаведения - ВарнаЗаведения - Център ПРОМОТИРАЙ ОБНОВИ Частна Цена на кв.м: 2833.33 Квадратура: 60 кв.м Година на строителство: 2000 г. Строителство: Друго Отопление: Електричество ОПИСАНИЕ Продавам разработен бизнес за бързо хранене! Работещ и разработен бизнес с изградена клиентела и готов модел за работа. Дейността включва приготвяне и,https://www.olx.bg/d/ad/prodavam-razraboten-biznes-CID368-IDa0Jy8.html?search_reason=search%7Corganic,https://frankfurt.apollo.olxcdn.com:443/v1/files/d9w40ouybg731-BG/image;s=216x152;q=50,10 май 2026 г.,YES
гараж,"гр. Варна, Младост 1",18,100,5.56,,"Гараж под наем Младост 195.58 лв. / 100 € | Навигиране до основното съдържание Навигиране до долен колонтитул Чат Нотификации Нотификации Твоят профил Добави обява Търсене Назад Заглавна страницаНедвижими имотиНаемиГаражи, паркоместаГаражи, паркоместа - Област ВарнаГаражи, паркоместа - ВарнаГаражи, паркоместа - Младост 1 ПРОМОТИРАЙ ОБНОВИ Частна Цена на кв.м: 5.56 Квадратура: 18 кв.м Вода: Без вода Ток: С ток ОПИСАНИЕ Давам под наем гараж в сграда Соната бул.Република 81 Цена 100€ ID: 144953594 Докладвай Влез в своя OLX акаунт или създай нов, за да се свържеш с този продавач Влез или се регист",https://www.olx.bg/d/ad/garazh-pod-naem-mladost-CID368-ID9Od3c.html?search_reason=search%7Corganic,https://frankfurt.apollo.olxcdn.com:443/v1/files/myb1iqwrh06w2-BG/image;s=216x152;q=50,10 май 2026 г.,NO
гараж,"гр. Варна, Владислав Варненчик",21,130,6.19,,"Партерен гараж под наем 254.26 лв. / 130 € | Навигиране до основното съдържание Навигиране до долен колонтитул Чат Нотификации Нотификации Твоят профил Добави обява Търсене Назад Заглавна страницаНедвижими имотиНаемиГаражи, паркоместаГаражи, паркоместа - Област ВарнаГаражи, паркоместа - ВарнаГаражи, паркоместа - Владислав Варненчик ПРОМОТИРАЙ ОБНОВИ Частна Цена на кв.м: 6.19 Квадратура: 21 кв.м Вода: Без вода Ток: С ток ОПИСАНИЕ Отдавам партерен гараж 21кв.м. в новопостроена сграда с акт16 от 2026г.находящ се в близост до магазин Джъмбо. Врата Hormann. За повече информация на посочения телефон",https://www.olx.bg/d/ad/parteren-garazh-pod-naem-CID368-ID9Zplm.html?search_reason=search%7Corganic,https://frankfurt.apollo.olxcdn.com:443/v1/files/uysgv83wacjg3-BG/image;s=216x152;q=50,10 май 2026 г.,NO
парцел,"гр. Варна, Автогара",150,250000,1666.67,,"Продавам самостоятелен парцел 488957.50 лв. / 250000 € | Навигиране до основното съдържание Навигиране до долен колонтитул Чат Нотификации Нотификации Твоят профил Добави обява Търсене Назад Заглавна страницаНедвижими имотиПродажбиКъщи, вилиКъщи, вили - Област ВарнаКъщи, вили - ВарнаКъщи, вили - Автогара ПРОМОТИРАЙ ОБНОВИ Частна Цена на кв.м: 1666.67 Брой етажи на сградата: 1 Квадратура: 150 кв.м Квадратура на двора: 150 кв.м Година на строителство: 1995 г. Строителство: Тухла Отопление: Без отопление Състояние на сградата: В строеж ОПИСАНИЕ Продавам парцел самостоятелен 150кв. За повече инфор",https://www.olx.bg/d/ad/prodavam-samostoyatelen-partsel-CID368-ID9pRHE.html?search_reason=search%7Corganic,https://frankfurt.apollo.olxcdn.com:443/v1/files/2o4pcypqeoae-BG/image;s=216x152;q=50,10 май 2026 г.,NO
апартамент,"гр. Варна, Кайсиева градина",34,350,10.29,,"Едностаен Кайсиева Градина 684.54 лв. / 350 € | Навигиране до основното съдържание Навигиране до долен колонтитул Чат Нотификации Нотификации Твоят профил Добави обява Търсене Назад Заглавна страницаНедвижими имотиНаемиАпартаментиАпартаменти - Област ВарнаАпартаменти - ВарнаАпартаменти - Кайсиева градина ПРОМОТИРАЙ ОБНОВИ Частна Цена на кв.м: 10.29 Тип апартамент: 1 - стаен Квадратура: 34 кв.м Година на строителство: 2018 г. Строителство: Тухла Етаж: 2-ри Брой етажи на сградата: 4 Последен етаж Отопление: Електричество Обзавеждане: Обзаведен Преход: Без преход Особености: асансьор, хладилник,",https://www.olx.bg/d/ad/ednostaen-kaysieva-gradina-CID368-IDa0Jf3.html?search_reason=search%7Corganic,https://frankfurt.apollo.olxcdn.com:443/v1/files/rvz1q9uq7gxf1-BG/image;s=216x152;q=50,10 май 2026 г.,NO
гараж,"гр. Варна, ХЕИ",25,40,1.6,,"Подземен гараж Левски 78.23 лв. / 40 € | Навигиране до основното съдържание Навигиране до долен колонтитул Чат Нотификации Нотификации Твоят профил Добави обява Търсене Назад Заглавна страницаНедвижими имотиНаемиГаражи, паркоместаГаражи, паркоместа - Област ВарнаГаражи, паркоместа - ВарнаГаражи, паркоместа - ХЕИ ПРОМОТИРАЙ ОБНОВИ Частна Цена на кв.м: 1.60 Квадратура: 25 кв.м Вода: Без вода Ток: Без ток ОПИСАНИЕ Здравейте предлагам под наем подземен гараж със естакада (не е със асансьор) и автоматична врата на адрес Евлоги Георгиев 39. За 1 кола Депозит 40 евро за дистанционно, за вратата. За м",https://www.olx.bg/d/ad/podzemen-garazh-levski-CID368-IDa0Jbe.html?search_reason=search%7Corganic,https://frankfurt.apollo.olxcdn.com:443/v1/files/fp7xztrfng1n-BG/image;s=216x152;q=50,10 май 2026 г.,NO
апартамент,"гр. Варна, Център",114,600,5.26,,"Под наем мезонет в непосредствена близост до МУ 1173.50 лв. / 600 € | Навигиране до основното съдържание Навигиране до долен колонтитул Чат Нотификации Нотификации Твоят профил Добави обява Търсене Назад Заглавна страницаНедвижими имотиНаемиАпартаментиАпартаменти - Област ВарнаАпартаменти - ВарнаАпартаменти - Център ПРОМОТИРАЙ ОБНОВИ Частна Цена на кв.м: 5.26 Тип апартамент: мезонет Квадратура: 114 кв.м Година на строителство: 1998 г. Строителство: Тухла Етаж: 3-ти Брой етажи на сградата: 4 Отопление: Електричество Обзавеждане: Обзаведен Преход: Без преход Особености: готварска печка, хладилни",https://www.olx.bg/d/ad/pod-naem-mezonet-v-neposredstvena-blizost-do-mu-CID368-ID9XYol.html?search_reason=search%7Corganic,https://frankfurt.apollo.olxcdn.com:443/v1/files/ko2st5u18q5c3-BG/image;s=216x152;q=50,Обновено на 10 май 2026 г.,NO
апартамент,"гр. Варна, Трошево",64,82500,1289.06,,Двустаен 64 кв.м Възраждане 1 Собственик! Пред Акт 14 161355.98 лв. / 82500 € | Навигиране до основното съдържание Навигиране до долен колонтитул Чат Нотификации Нотификации Твоят профил Добави обява Търсене Назад Заглавна страницаНедвижими имотиПродажбиАпартаментиАпартаменти - Област ВарнаАпартаменти - ВарнаАпартаменти - Трошево ПРОМОТИРАЙ ОБНОВИ Частна Цена на кв.м: 1289.06 Тип апартамент: 2 - стаен Квадратура: 64 кв.м Година на строителство: 2026 г. Строителство: Тухла Етаж: 5-ти Брой етажи на сградата: 11 Последен етаж Отопление: Електричество Обзавеждане: Необзаведен Състояние на сградата,https://www.olx.bg/d/ad/dvustaen-64-kv-m-vazrazhdane-1-sobstvenik-pred-akt-14-CID368-ID9RY3B.html?search_reason=search%7Corganic,https://frankfurt.apollo.olxcdn.com:443/v1/files/b9jryzn0aqwm1-BG/image;s=216x152;q=50,Обновено на 10 май 2026 г.,NO
гараж,"гр. Варна, Възраждане 3",17,30000,1764.71,,"Продавам гараж до Гранд мол 17м2 58674.90 лв. / 30000 € | Навигиране до основното съдържание Навигиране до долен колонтитул Чат Нотификации Нотификации Твоят профил Добави обява Търсене Назад Заглавна страницаНедвижими имотиПродажбиГаражи, паркоместаГаражи, паркоместа - Област ВарнаГаражи, паркоместа - ВарнаГаражи, паркоместа - Възраждане 3 ПРОМОТИРАЙ ОБНОВИ Частна Цена на кв.м: 1764.71 Квадратура: 17 кв.м Вода: Без вода Ток: С ток ОПИСАНИЕ Собственик продава гараж с дълж 6.00м,х2.80мх2.80м вис. Намира се на -1 с ел.платформа.Има ток. ID: 147366120 Докладвай Влез в своя OLX акаунт или създай н",https://www.olx.bg/d/ad/prodavam-garazh-do-grand-mol-17m2-CID368-ID9YkEU.html?search_reason=search%7Corganic,https://frankfurt.apollo.olxcdn.com:443/v1/files/sxzqs2lv2dq13-BG/image;s=216x152;q=50,10 май 2026 г.,NO
апартамент,"гр. Варна, Младост 1",76,425,5.59,,Под наем тристаен в кв .Трошево от собственник! 831.23 лв. / 425 € | Навигиране до основното съдържание Навигиране до долен колонтитул Чат Нотификации Нотификации Твоят профил Добави обява Търсене Назад Заглавна страницаНедвижими имотиНаемиАпартаментиАпартаменти - Област ВарнаАпартаменти - ВарнаАпартаменти - Младост 1 ПРОМОТИРАЙ ОБНОВИ Частна Цена на кв.м: 5.59 Тип апартамент: 3 - стаен Квадратура: 76 кв.м Година на строителство: 1980 г. Строителство: Панел Етаж: 5-ти Брой етажи на сградата: 5 Последен етаж Отопление: Електричество Обзавеждане: Обзаведен Преход: Без преход ОПИСАНИЕ Предлагам п,https://www.olx.bg/d/ad/pod-naem-tristaen-v-kv-troshevo-ot-sobstvennik-CID368-ID9L9go.html?search_reason=search%7Corganic,https://frankfurt.apollo.olxcdn.com:443/v1/files/v10ls2lib18j-BG/image;s=216x152;q=50,Обновено на 10 май 2026 г.,NO
апартамент,"гр. Варна, Зимно кино Тракия",78,500,6.41,,Тристаен обзаведен апартамент 977.92 лв. / 500 € | Навигиране до основното съдържание Навигиране до долен колонтитул Чат Нотификации Нотификации Твоят профил Добави обява Търсене Назад Заглавна страницаНедвижими имотиНаемиАпартаментиАпартаменти - Област ВарнаАпартаменти - ВарнаАпартаменти - Зимно кино Тракия ПРОМОТИРАЙ ОБНОВИ Частна Цена на кв.м: 6.41 Тип апартамент: 3 - стаен Квадратура: 78 кв.м Година на строителство: 2007 г. Строителство: Тухла Етаж: 2-ри Брой етажи на сградата: 5 Последен етаж Отопление: Електричество Обзавеждане: Обзаведен Преход: Без преход ОПИСАНИЕ Обзаведен топъл апарт,https://www.olx.bg/d/ad/tristaen-obzaveden-apartament-CID368-ID9XT95.html?search_reason=search%7Corganic,https://frankfurt.apollo.olxcdn.com:443/v1/files/exoqgb4qi5sl-BG/image;s=216x152;q=50,10 май 2026 г.,NO
земеделска,"гр. Варна, Кайсиева градина",15,45,3.0,,"Подземно паркомясто под наем 88.01 лв. / 45 € По договаряне | Навигиране до основното съдържание Навигиране до долен колонтитул Чат Нотификации Нотификации Твоят профил Добави обява Търсене Назад Заглавна страницаНедвижими имотиНаемиГаражи, паркоместаГаражи, паркоместа - Област ВарнаГаражи, паркоместа - ВарнаГаражи, паркоместа - Кайсиева градина ПРОМОТИРАЙ ОБНОВИ Частна Цена на кв.м: 3 Квадратура: 15 кв.м Вода: Без вода Ток: С ток ОПИСАНИЕ Предлагам подземно паркомясто под наем, разположено на метри от Основното училище в Кайсиева градина в гр. Варна. Паркомястото е разположено в подземен парк",https://www.olx.bg/d/ad/podzemno-parkomyasto-pod-naem-CID368-IDa0Iqd.html?search_reason=search%7Corganic,/app/static/media/no_thumbnail.15f456ec5.svg,10 май 2026 г.,NO
гараж,"гр. Варна, Възраждане 3",15,15000,1000.0,,"Парко място Възраждане 3 Пчелина 29337.45 лв. / 15000 € По договаряне | Навигиране до основното съдържание Навигиране до долен колонтитул Чат Нотификации Нотификации Твоят профил Добави обява Търсене Назад Заглавна страницаНедвижими имотиНаемиГаражи, паркоместаГаражи, паркоместа - Област ВарнаГаражи, паркоместа - ВарнаГаражи, паркоместа - Възраждане 3 ПРОМОТИРАЙ ОБНОВИ Частна Цена на кв.м: 1000 Квадратура: 15 кв.м Вода: Без вода Ток: Без ток ОПИСАНИЕ Продавам парко място над ул. Поп Димитър Възраждане 3 ул.Сергей Антонов ID: 143585451 Докладвай Влез в своя OLX акаунт или създай нов, за да се с",https://www.olx.bg/d/ad/parko-myasto-vazrazhdane-3-pchelina-CID368-ID9It8n.html?search_reason=search%7Corganic,https://frankfurt.apollo.olxcdn.com:443/v1/files/et8nuh00cedn2-BG/image;s=216x152;q=50,09 май 2026 г.,NO
апартамент,"гр. Варна, Център",70,500,7.14,,Под наем двустаен център Мак драйв 977.92 лв. / 500 € | Навигиране до основното съдържание Навигиране до долен колонтитул Чат Нотификации Нотификации Твоят профил Добави обява Търсене Назад Заглавна страницаНедвижими имотиНаемиАпартаментиАпартаменти - Област ВарнаАпартаменти - ВарнаАпартаменти - Център ПРОМОТИРАЙ ОБНОВИ Частна Цена на кв.м: 7.14 Тип апартамент: 2 - стаен Квадратура: 70 кв.м Година на строителство: 2000 г. Строителство: Тухла Етаж: 1-ви Брой етажи на сградата: 4 Последен етаж Отопление: Електричество Обзавеждане: Обзаведен Преход: Без преход ОПИСАНИЕ Под наем Двустаен зад мак д,https://www.olx.bg/d/ad/pod-naem-dvustaen-tsentar-mak-drayv-CID368-IDa0I3g.html?search_reason=search%7Corganic,https://frankfurt.apollo.olxcdn.com:443/v1/files/li4p2zckbvpf-BG/image;s=216x152;q=50,09 май 2026 г.,NO
апартамент,"гр. Варна, Базар Левски",60,390,6.5,,Апартамент под наем 762.77 лв. / 390 € | Навигиране до основното съдържание Навигиране до долен колонтитул Чат Нотификации Нотификации Твоят профил Добави обява Търсене Назад Заглавна страницаНедвижими имотиНаемиАпартаментиАпартаменти - Област ВарнаАпартаменти - ВарнаАпартаменти - Базар Левски ПРОМОТИРАЙ ОБНОВИ Частна Цена на кв.м: 6.50 Тип апартамент: 2 - стаен Квадратура: 60 кв.м Година на строителство: 2005 г. Строителство: Тухла Етаж: 3-ти Брой етажи на сградата: 5 Последен етаж Отопление: Електричество Обзавеждане: Полуобзаведен Преход: Без преход Особености: асансьор ОПИСАНИЕ Давам под н,https://www.olx.bg/d/ad/apartament-pod-naem-CID368-IDa0HRb.html?search_reason=search%7Corganic,/app/static/media/no_thumbnail.15f456ec5.svg,09 май 2026 г.,NO
апартамент,"гр. Варна, Център",80,550,6.88,,Давам под наем тристаен апартамент във Варна. 1075.71 лв. / 550 € | Навигиране до основното съдържание Навигиране до долен колонтитул Чат Нотификации Нотификации Твоят профил Добави обява Търсене Назад Заглавна страницаНедвижими имотиНаемиАпартаментиАпартаменти - Област ВарнаАпартаменти - ВарнаАпартаменти - Център ПРОМОТИРАЙ ОБНОВИ Частна Цена на кв.м: 6.88 Тип апартамент: 3 - стаен Квадратура: 80 кв.м Година на строителство: 2020 г. Строителство: Тухла Етаж: 5-ти Брой етажи на сградата: 5 Последен етаж Отопление: Електричество Обзавеждане: Полуобзаведен Преход: Без преход Особености: асансьор,https://www.olx.bg/d/ad/davam-pod-naem-tristaen-apartament-vav-varna-CID368-ID9OrXA.html?search_reason=search%7Corganic,/app/static/media/no_thumbnail-x.44c616dc8.svg,09 май 2026 г.,NO
апартамент,"гр. Варна, Морска градина",60,790,13.17,,ТОП апартамент под наем Чаталджа. СОБСТВЕНИК 1545.11 лв. / 790 € | Навигиране до основното съдържание Навигиране до долен колонтитул Чат Нотификации Нотификации Твоят профил Добави обява Търсене Назад Заглавна страницаНедвижими имотиНаемиАпартаментиАпартаменти - Област ВарнаАпартаменти - ВарнаАпартаменти - Морска градина ПРОМОТИРАЙ ОБНОВИ Частна Цена на кв.м: 13.17 Тип апартамент: 2 - стаен Квадратура: 60 кв.м Година на строителство: 1980 г. Строителство: Тухла Етаж: 4-ти Брой етажи на сградата: 8 Последен етаж Отопление: Електричество Обзавеждане: Обзаведен Преход: Без преход Особености: асан,https://www.olx.bg/d/ad/top-apartament-pod-naem-chataldzha-sobstvenik-CID368-ID9Va5Z.html?search_reason=search%7Corganic,https://frankfurt.apollo.olxcdn.com:443/v1/files/whsbft04qr5z2-BG/image;s=216x152;q=50,09 май 2026 г.,NO
апартамент,"гр. Варна, м",84,279000,3321.43,,"ЛУКСОЗЕН ДИЗАЙНЕРСКИ АПАРТАМЕНТ ОТ СОБСТВЕНИК, Младост Варна 545676.57 лв. / 279000 € | Навигиране до основното съдържание Навигиране до долен колонтитул Чат Нотификации Нотификации Твоят профил Добави обява Търсене Назад Заглавна страницаНедвижими имотиПродажбиАпартаментиАпартаменти - Област ВарнаАпартаменти - ВарнаАпартаменти - м-т Пчелина ПРОМОТИРАЙ ОБНОВИ Частна Цена на кв.м: 3321.43 Тип апартамент: 3 - стаен Квадратура: 84 кв.м Година на строителство: 2025 г. Строителство: Тухла Етаж: 2-ри Брой етажи на сградата: 5 Последен етаж Отопление: Електричество Обзавеждане: Обзаведен Състояние на",https://www.olx.bg/d/ad/luksozen-dizaynerski-apartament-ot-sobstvenik-mladost-varna-CID368-ID9ZLaR.html?search_reason=search%7Corganic,https://frankfurt.apollo.olxcdn.com:443/v1/files/6o2fu0hdppsx2-BG/image;s=216x152;q=50,Обновено на 09 май 2026 г.,NO
друго,"гр. Варна, Чаталджа",,100,,,Маникюрист -под наем 100€ 195.58 лв. / 100 € | Навигиране до основното съдържание Навигиране до долен колонтитул Чат Нотификации Нотификации Твоят профил Добави обява Търсене Назад Заглавна страницаНедвижими имотиНаемиСалони за красотаСалони за красота - Област ВарнаСалони за красота - ВарнаСалони за красота - Чаталджа ПРОМОТИРАЙ ОБНОВИ Частна ОПИСАНИЕ Екип от Колеги сме и търсим маникюрист - за бюро под наем само за маникюр (без педикюр )в голям разработен салон на ул Ген. Колев 104 /зад кметство Приморски - хубав и слънчев салон. заповядайте на място дда разгледате... В салона има всички усл,https://www.olx.bg/d/ad/manikyurist-pod-naem-100-CID368-IDa0HJ4.html?search_reason=search%7Corganic,https://frankfurt.apollo.olxcdn.com:443/v1/files/rj7zlvoxbxpi-BG/image;s=216x152;q=50,09 май 2026 г.,NO
офис,"гр. Варна, Колхозен пазар",30,300,10.0,,Давам под наем пощение офис в района на Колхозен пазар 586.75 лв. / 300 € | Навигиране до основното съдържание Навигиране до долен колонтитул Чат Нотификации Нотификации Твоят профил Добави обява Търсене Назад Заглавна страницаНедвижими имотиНаемиОфисиОфиси - Област ВарнаОфиси - ВарнаОфиси - Колхозен пазар ПРОМОТИРАЙ ОБНОВИ Частна Цена на кв.м: 10 Квадратура: 30 кв.м Година на строителство: 2010 г. Строителство: Тухла Етаж: Партер Брой етажи на сградата: 6 Последен етаж Отопление: Електричество ОПИСАНИЕ Давам под наем помещение офис в района на Колхозен пазар ул.Христо Самсаров Основни характе,https://www.olx.bg/d/ad/davam-pod-naem-poschenie-ofis-v-rayona-na-kolhozen-pazar-CID368-IDa0Hv6.html?search_reason=search%7Corganic,https://frankfurt.apollo.olxcdn.com:443/v1/files/86hqi3bdo3i63-BG/image;s=216x152;q=50,09 май 2026 г.,NO
къща,"гр. Варна, Морска градина",600,1900000,3166.67,,"Вила к.к. Св.Св. Константин и Елена 3716077 лв. / 1900000 € | Навигиране до основното съдържание Навигиране до долен колонтитул Чат Нотификации Нотификации Твоят профил Добави обява Търсене Назад Заглавна страницаНедвижими имотиПродажбиКъщи, вилиКъщи, вили - Област ВарнаКъщи, вили - ВарнаКъщи, вили - Морска градина ПРОМОТИРАЙ ОБНОВИ Частна Цена на кв.м: 3166.67 Брой етажи на сградата: 4 Квадратура: 600 кв.м Квадратура на двора: 4200 кв.м Година на строителство: 2020 г. Строителство: Тухла Отопление: Електричество Състояние на сградата: Завършена Особености: СОТ, гараж, канализация, паркинг, ви",https://www.olx.bg/d/ad/vila-k-k-sv-sv-konstantin-i-elena-CID368-ID9PpTn.html?search_reason=search%7Corganic,https://frankfurt.apollo.olxcdn.com:443/v1/files/bkp3awqqrrr21-BG/image;s=216x152;q=50,09 май 2026 г.,NO
търговски,"гр. Варна, Генералите",19,360,18.95,,Помещение / Търговски обект / под наем - Червен площад Варна 704.10 лв. / 360 € | Навигиране до основното съдържание Навигиране до долен колонтитул Чат Нотификации Нотификации Твоят профил Добави обява Търсене Назад Заглавна страницаНедвижими имотиНаемиМагазиниМагазини - Област ВарнаМагазини - ВарнаМагазини - Генералите ПРОМОТИРАЙ ОБНОВИ Частна Цена на кв.м: 18.95 Местоположение: на търговска улица Квадратура: 19 кв.м Година на строителство: 2004 г. Строителство: Тухла Брой етажи на сградата: 1 Отопление: Електричество ОПИСАНИЕ Отдавам помещение под наем. Намира се в централната част на града,https://www.olx.bg/d/ad/pomeschenie-targovski-obekt-pod-naem-cherven-ploschad-varna-CID368-IDa0GX7.html?search_reason=search%7Corganic,https://frankfurt.apollo.olxcdn.com:443/v1/files/bnuof3k005qg2-BG/image;s=216x152;q=50,09 май 2026 г.,NO
парцел,"гр. Варна, м",791,69000,87.23,,"Парцел 791кв.м., Боровец Север, гр.Варна 134952.27 лв. / 69000 € | Навигиране до основното съдържание Навигиране до долен колонтитул Чат Нотификации Нотификации Твоят профил Добави обява Търсене Назад Заглавна страницаНедвижими имотиПродажбиПарцелиПарцели - Област ВарнаПарцели - ВарнаПарцели - м-т Боровец - север ПРОМОТИРАЙ ОБНОВИ Частна Цена на кв.м: 87.23 Квадратура: 791 кв.м Регулация: Извън регулация Вода: С вода Ток: С ток Особености: жил.строителство ОПИСАНИЕ Продвам парцел с площ 791кв.м. в с.о.Боровец Север на 150м от главния път в централната част на местноста. Имота е ъглов, равен, с",https://www.olx.bg/d/ad/partsel-791kv-m-borovets-sever-gr-varna-CID368-ID9SVMx.html?search_reason=search%7Corganic,https://frankfurt.apollo.olxcdn.com:443/v1/files/yog87bewp34o3-BG/image;s=216x152;q=50,Обновено на 09 май 2026 г.,NO
апартамент,"гр. Варна, Трошево",112,239000,2133.93,,ТРИСТАЕН АПАРТАМЕНТ ТРОШЕВО ЮЖЕН ОБЗАВЕДЕН 467443.37 лв. / 239000 € | Навигиране до основното съдържание Навигиране до долен колонтитул Чат Нотификации Нотификации Твоят профил Добави обява Търсене Назад Заглавна страницаНедвижими имотиПродажбиАпартаментиАпартаменти - Област ВарнаАпартаменти - ВарнаАпартаменти - Трошево ПРОМОТИРАЙ ОБНОВИ Частна Цена на кв.м: 2133.93 Тип апартамент: 3 - стаен Квадратура: 112 кв.м Година на строителство: 2006 г. Строителство: Тухла Етаж: 5-ти Брой етажи на сградата: 6 Отопление: Газ Обзавеждане: Обзаведен Състояние на сградата: Завършена Преход: Без преход Особе,https://www.olx.bg/d/ad/tristaen-apartament-troshevo-yuzhen-obzaveden-CID368-IDa0GNd.html?search_reason=search%7Corganic,https://frankfurt.apollo.olxcdn.com:443/v1/files/vh7s7nca3x0s-BG/image;s=216x152;q=50,09 май 2026 г.,NO
апартамент,"гр. Варна, Възраждане 1",89,650,7.3,,"Тристаен апартамент Възраждане 1 1271.29 лв. / 650 € | Навигиране до основното съдържание Навигиране до долен колонтитул Чат Нотификации Нотификации Твоят профил Добави обява Търсене Назад Заглавна страницаНедвижими имотиНаемиАпартаментиАпартаменти - Област ВарнаАпартаменти - ВарнаАпартаменти - Възраждане 1 ПРОМОТИРАЙ ОБНОВИ Частна Цена на кв.м: 7.30 Тип апартамент: 3 - стаен Квадратура: 89 кв.м Година на строителство: 2010 г. Строителство: Тухла Етаж: 2-ри Брой етажи на сградата: 6 Последен етаж Отопление: Електричество Обзавеждане: Обзаведен Преход: Без преход Особености: асансьор, готварска",https://www.olx.bg/d/ad/tristaen-apartament-vazrazhdane-1-CID368-ID9MfkO.html?search_reason=search%7Corganic,https://frankfurt.apollo.olxcdn.com:443/v1/files/2veqbbh9n3w92-BG/image;s=216x152;q=50,09 май 2026 г.,NO
гараж,"гр. Варна, Конфуто",11,118,10.73,,"Давам под наем подземно паркомясто 230.79 лв. / 118 € | Навигиране до основното съдържание Навигиране до долен колонтитул Чат Нотификации Нотификации Твоят профил Добави обява Търсене Назад Заглавна страницаНедвижими имотиНаемиГаражи, паркоместаГаражи, паркоместа - Област ВарнаГаражи, паркоместа - ВарнаГаражи, паркоместа - Конфуто ПРОМОТИРАЙ ОБНОВИ Частна Цена на кв.м: 10.73 Квадратура: 11 кв.м Вода: Без вода Ток: С ток ОПИСАНИЕ Давам под наем подземно паркомясто в района на Лятно кино Тракия- ул. Константин Величков 29. До паркомястото се стига посредством платформа. Изисква се депозит в разм",https://www.olx.bg/d/ad/davam-pod-naem-podzemno-parkomyasto-CID368-ID9Xxoh.html?search_reason=search%7Corganic,https://frankfurt.apollo.olxcdn.com:443/v1/files/w8jl1q8nw5fy-BG/image;s=216x152;q=50,09 май 2026 г.,NO
гараж,"гр. Варна, Генералите",6,80,13.33,,"Подземно паркомясто Чаталджа 156.47 лв. / 80 € | Навигиране до основното съдържание Навигиране до долен колонтитул Чат Нотификации Нотификации Твоят профил Добави обява Търсене Назад Заглавна страницаНедвижими имотиНаемиГаражи, паркоместаГаражи, паркоместа - Област ВарнаГаражи, паркоместа - ВарнаГаражи, паркоместа - Генералите ПРОМОТИРАЙ ОБНОВИ Частна Цена на кв.м: 13.33 Квадратура: 6 кв.м Вода: Без вода Ток: С ток ОПИСАНИЕ Паркомястото е с нормални размери, но колона стеснява входа. Подходящо за мотор или кола тип Смарт, Мини. Вариант е за автомобил за дългосрочен период, без да се изкарва вс",https://www.olx.bg/d/ad/podzemno-parkomyasto-chataldzha-CID368-ID9XBHM.html?search_reason=search%7Corganic,/app/static/media/no_thumbnail-x.44c616dc8.svg,09 май 2026 г.,NO
апартамент,"гр. Варна, м",72,119500,1659.72,,Двустаен Апартамент Младост-1 233721.69 лв. / 119500 € | Навигиране до основното съдържание Навигиране до долен колонтитул Чат Нотификации Нотификации Твоят профил Добави обява Търсене Назад Заглавна страницаНедвижими имотиПродажбиАпартаментиАпартаменти - Област ВарнаАпартаменти - ВарнаАпартаменти - м-т Сотира ПРОМОТИРАЙ ОБНОВИ Частна Цена на кв.м: 1659.72 Тип апартамент: 2 - стаен Квадратура: 72 кв.м Година на строителство: 2025 г. Строителство: Тухла Етаж: 12-ти Брой етажи на сградата: 18 Последен етаж Отопление: Електричество Обзавеждане: Необзаведен Състояние на сградата: В строеж Преход:,https://www.olx.bg/d/ad/dvustaen-apartament-mladost-1-CID368-ID9Y4En.html?search_reason=search%7Corganic,https://frankfurt.apollo.olxcdn.com:443/v1/files/6tm8cwd92sbs2-BG/image;s=216x152;q=50,09 май 2026 г.,NO
апартамент,"гр. Варна, м",96,165000,1718.75,,Апартамент 96 кв.м. с гледка към Варна 322711.95 лв. / 165000 € | Навигиране до основното съдържание Навигиране до долен колонтитул Чат Нотификации Нотификации Твоят профил Добави обява Търсене Назад Заглавна страницаНедвижими имотиПродажбиАпартаментиАпартаменти - Област ВарнаАпартаменти - ВарнаАпартаменти - м-т Зеленика ПРОМОТИРАЙ ОБНОВИ Частна Цена на кв.м: 1718.75 Тип апартамент: 2 - стаен Квадратура: 96 кв.м Година на строителство: 2014 г. Строителство: Тухла Етаж: 4-ти Брой етажи на сградата: 4 Последен етаж Отопление: Електричество Обзавеждане: Обзаведен Състояние на сградата: Завършена,https://www.olx.bg/d/ad/apartament-96-kv-m-s-gledka-kam-varna-CID368-IDa0GkF.html?search_reason=search%7Corganic,https://frankfurt.apollo.olxcdn.com:443/v1/files/plvt8gbj499z2-BG/image;s=216x152;q=50,09 май 2026 г.,NO
апартамент,"гр. Варна, Погреби",80,136900,1711.25,,"ПРОДАВАМ 3-стаен апартамент в гр. Варна, квартал Погреби 267753.13 лв. / 136900 € | Навигиране до основното съдържание Навигиране до долен колонтитул Чат Нотификации Нотификации Твоят профил Добави обява Търсене Назад Заглавна страницаНедвижими имотиПродажбиАпартаментиАпартаменти - Област ВарнаАпартаменти - ВарнаАпартаменти - Погреби ПРОМОТИРАЙ ОБНОВИ Частна Цена на кв.м: 1711.25 Тип апартамент: 3 - стаен Квадратура: 80 кв.м Година на строителство: 2000 г. Строителство: Тухла Етаж: 4-ти Брой етажи на сградата: 5 Отопление: Електричество Обзавеждане: Обзаведен Състояние на сградата: Завършена П",https://www.olx.bg/d/ad/prodavam-3-staen-apartament-v-gr-varna-kvartal-pogrebi-CID368-IDa0Gkq.html?search_reason=search%7Corganic,https://frankfurt.apollo.olxcdn.com:443/v1/files/ffdegkc26pi53-BG/image;s=216x152;q=50,09 май 2026 г.,NO
апартамент,"гр. Варна, Кайсиева градина",64,98500,1539.06,,"Двустаен апартамент с Морска панорама -Кайсиева градина 192649.26 лв. / 98500 € | Навигиране до основното съдържание Навигиране до долен колонтитул Чат Нотификации Нотификации Твоят профил Добави обява Търсене Назад Заглавна страницаНедвижими имотиПродажбиНово строителствоНово строителство - Област ВарнаНово строителство - ВарнаНово строителство - Кайсиева градина ПРОМОТИРАЙ ОБНОВИ Частна ОПИСАНИЕ Продава се двустаен апартамент с морска Панорама в Кайсиева градина гр. Варна Просторен и светъл двустаен апартамент с застроена площ от 63.56 кв.м, разположен на 8-ми етаж с чудесна южна гледка Лока",https://www.olx.bg/d/ad/dvustaen-apartament-s-morska-panorama-kaysieva-gradina-CID368-ID9NhHu.html?search_reason=search%7Corganic,https://frankfurt.apollo.olxcdn.com:443/v1/files/re3i4nrgw7m01-BG/image;s=216x152;q=50,09 май 2026 г.,NO
земеделска,"гр. Варна, Владислав Варненчик",23,380,16.52,,Офис под наем Кайсиева Градина 743.22 лв. / 380 € | Навигиране до основното съдържание Навигиране до долен колонтитул Чат Нотификации Нотификации Твоят профил Добави обява Търсене Назад Заглавна страницаНедвижими имотиНаемиОфисиОфиси - Област ВарнаОфиси - ВарнаОфиси - Владислав Варненчик ПРОМОТИРАЙ ОБНОВИ Частна Цена на кв.м: 16.52 Квадратура: 23 кв.м Година на строителство: 2024 г. Строителство: Тухла Етаж: Партер Брой етажи на сградата: 11 Последен етаж Отопление: Електричество ОПИСАНИЕ Давам офис под наем Кайсиева Градина зад Хипермаркет Алати! Нова сграда Гардън Резиденс. 23 кв За повече и,https://www.olx.bg/d/ad/ofis-pod-naem-kaysieva-gradina-CID368-ID9Z42g.html?search_reason=search%7Corganic,https://frankfurt.apollo.olxcdn.com:443/v1/files/82ijkgmfz1d3-BG/image;s=216x152;q=50,09 май 2026 г.,NO
друго,"гр. Варна, Виница",,380,,,"Дава се под найм 743.22 лв. / 380 € | Навигиране до основното съдържание Навигиране до долен колонтитул Чат Нотификации Нотификации Твоят профил Добави обява Търсене Назад Заглавна страницаНедвижими имотиСъквартирантиСъквартиранти - Област ВарнаСъквартиранти - ВарнаСъквартиранти - Виница ПРОМОТИРАЙ ОБНОВИ Частна ОПИСАНИЕ Студео, от собственик, обзаведен, след ремонт, първи наематели, с депозит ID: 147920923 Докладвай КОНТАКТ С ПРОДАВАЧА Александр В OLX от юли 2023 г. Последно онлайн 08 май 2026 г. Съобщение xxx xxx xxx Покажи Добавена 09 май 2026 г. Дава се под найм 743.22 лв. / 380 € ПОТРЕБИТ",https://www.olx.bg/d/ad/dava-se-pod-naym-CID368-IDa0EZl.html?search_reason=search%7Corganic,https://frankfurt.apollo.olxcdn.com:443/v1/files/k3v4muq4xhve2-BG/image;s=216x152;q=50,09 май 2026 г.,NO
апартамент,"гр. Варна, Генералите",85,800,9.41,,Лукс Тристаен Апартамент luxury с Гараж Паркомясто Генералите Окръжна болница Медицински университет Икономически университ Община варна Червен площад 1564.66 лв. / 800 € | Навигиране до основното съдържание Навигиране до долен колонтитул Чат Нотификации Нотификации Твоят профил Добави обява Търсене Назад Заглавна страницаНедвижими имотиНаемиАпартаментиАпартаменти - Област ВарнаАпартаменти - ВарнаАпартаменти - Генералите ПРОМОТИРАЙ ОБНОВИ Частна Цена на кв.м: 9.41 Тип апартамент: 3 - стаен Квадратура: 85 кв.м Година на строителство: 2011 г. Строителство: Тухла Етаж: 2-ри Брой етажи на сградата,https://www.olx.bg/d/ad/luks-tristaen-apartament-luxury-s-garazh-parkomyasto-generalite-okrazhna-bolnitsa-meditsinski-universitet-ikonomicheski-universit-obschina-varna-cherven-ploschad-CID368-ID9PPwP.html?search_reason=search%7Corganic,https://frankfurt.apollo.olxcdn.com:443/v1/files/sb24u02cbb1y1-BG/image;s=216x152;q=50,09 май 2026 г.,NO
апартамент,"гр. Варна, Възраждане 1",50,450,9.0,,Без посредник! Двустаен апартамент с паркомясто 880.12 лв. / 450 € | Навигиране до основното съдържание Навигиране до долен колонтитул Чат Нотификации Нотификации Твоят профил Добави обява Търсене Назад Заглавна страницаНедвижими имотиНаемиАпартаментиАпартаменти - Област ВарнаАпартаменти - ВарнаАпартаменти - Възраждане 1 ПРОМОТИРАЙ ОБНОВИ Частна Цена на кв.м: 9 Тип апартамент: 2 - стаен Квадратура: 50 кв.м Година на строителство: 2023 г. Строителство: Тухла Етаж: 2-ри Брой етажи на сградата: 6 Последен етаж Отопление: Електричество Обзавеждане: Обзаведен Преход: Без преход ОПИСАНИЕ Отдавам под,https://www.olx.bg/d/ad/bez-posrednik-dvustaen-apartament-s-parkomyasto-CID368-ID9Wxme.html?search_reason=search%7Corganic,https://frankfurt.apollo.olxcdn.com:443/v1/files/7h0ncs4t7isp3-BG/image;s=216x152;q=50,09 май 2026 г.,NO
парцел,"гр. Варна, Гранд Мол Варна",864,49999,57.87,,"Парцел в гр.Бяла на централната улица 97789.54 лв. / 49999 € | Навигиране до основното съдържание Навигиране до долен колонтитул Чат Нотификации Нотификации Твоят профил Добави обява Търсене Назад Заглавна страницаНедвижими имотиПродажбиПарцелиПарцели - Област ВарнаПарцели - ВарнаПарцели - Гранд Мол Варна ПРОМОТИРАЙ ОБНОВИ Частна Цена на кв.м: 57.87 Квадратура: 864 кв.м Регулация: В регулация Вода: С вода Ток: С ток Особености: бартер, канализация, пром.строителство, виза, жил.строителство ОПИСАНИЕ 864 кв.м, Център, Регулация, Ток, Вода, Парцел (УПИ) с лице на главната улица в гр.Бяла на 50мет",https://www.olx.bg/d/ad/partsel-v-gr-byala-na-tsentralnata-ulitsa-CID368-ID9iW7T.html?search_reason=search%7Corganic,https://frankfurt.apollo.olxcdn.com:443/v1/files/wlzwf8n4mei8-BG/image;s=216x152;q=50,08 май 2026 г.,NO
гараж,"гр. Варна, Аспарухово",5,5500,1100.0,,"Място за мотор в подземен гараж 10757.07 лв. / 5500 € | Навигиране до основното съдържание Навигиране до долен колонтитул Чат Нотификации Нотификации Твоят профил Добави обява Търсене Назад Заглавна страницаНедвижими имотиНаемиГаражи, паркоместаГаражи, паркоместа - Област ВарнаГаражи, паркоместа - ВарнаГаражи, паркоместа - Аспарухово ПРОМОТИРАЙ ОБНОВИ Частна Цена на кв.м: 1100 Квадратура: 5 кв.м Вода: Без вода Ток: С ток ОПИСАНИЕ Продава се имот със статут на паркомясто. Подходящо за мотор, велосипед или за ползване като складова площ. ID: 147923465 Преглеждания: 8 Докладвай КОНТАКТ С ПРОДАВАЧ",https://www.olx.bg/d/ad/myasto-za-motor-v-podzemen-garazh-CID368-IDa0FEl.html?search_reason=search%7Corganic,/app/static/media/no_thumbnail.15f456ec5.svg,08 май 2026 г.,NO
парцел,"гр. Варна, м",969,14500,14.96,,"Продавам парцел в местност Малкия хълм гр.Разград 28359.54 лв. / 14500 € По договаряне | Навигиране до основното съдържание Навигиране до долен колонтитул Чат Нотификации Нотификации Твоят профил Добави обява Търсене Назад Заглавна страницаНедвижими имотиПродажбиПарцелиПарцели - Област ВарнаПарцели - ВарнаПарцели - м-т Пчелина ПРОМОТИРАЙ ОБНОВИ Частна Цена на кв.м: 14.96 Квадратура: 969 кв.м Регулация: Извън регулация Вода: С вода Ток: Без ток ОПИСАНИЕ Продавам парцел 969 кв.м. в местност Малкия хълм, гр.Разград подходящ за вилно строителство.Парцелът е на 225м.от главния път за Русе.В мястото",https://www.olx.bg/d/ad/prodavam-partsel-v-mestnost-malkiya-halm-gr-razgrad-CID368-ID9weo3.html?search_reason=search%7Corganic,https://frankfurt.apollo.olxcdn.com:443/v1/files/r929jmmzl5zz-BG/image;s=216x152;q=50,08 май 2026 г.,NO
гараж,"гр. Варна, Възраждане 3",12,77,6.42,,"Паркоместа под наем ж.к.Възраждане 3 150 лв. / 76.69 € | Навигиране до основното съдържание Навигиране до долен колонтитул Чат Нотификации Нотификации Твоят профил Добави обява Търсене Назад Заглавна страницаНедвижими имотиНаемиГаражи, паркоместаГаражи, паркоместа - Област ВарнаГаражи, паркоместа - ВарнаГаражи, паркоместа - Възраждане 3 ПРОМОТИРАЙ ОБНОВИ Частна Цена на кв.м: 12.50 Квадратура: 12 кв.м Вода: Без вода Ток: Без ток ОПИСАНИЕ Отдавам под наем закрити паркоместа в гр.Варна ж.к. Възраждане 3 на ул. Поп Димитър 7 ID: 144216203 Докладвай Влез в своя OLX акаунт или създай нов, за да се с",https://www.olx.bg/d/ad/parkomesta-pod-naem-zh-k-vazrazhdane-3-CID368-ID9L7dN.html?search_reason=search%7Corganic,https://frankfurt.apollo.olxcdn.com:443/v1/files/lo0rcgqsevr3-BG/image;s=216x152;q=50,08 май 2026 г.,NO
гараж,"гр. Варна, Христо Ботев",16,40000,2500.0,,"Гараж - паркомясто 78233.20 лв. / 40000 € По договаряне | Навигиране до основното съдържание Навигиране до долен колонтитул Чат Нотификации Нотификации Твоят профил Добави обява Търсене Назад Заглавна страницаНедвижими имотиПродажбиГаражи, паркоместаГаражи, паркоместа - Област ВарнаГаражи, паркоместа - ВарнаГаражи, паркоместа - Христо Ботев ПРОМОТИРАЙ ОБНОВИ Частна Цена на кв.м: 2500 Квадратура: 16 кв.м Вода: С вода Ток: С ток ОПИСАНИЕ Академик методи Попов 28 С вход от вътрешен двор Застроена площ 16.46 кв.м Ток и вода ID: 147909986 Докладвай Влез в своя OLX акаунт или създай нов, за да се св",https://www.olx.bg/d/ad/garazh-parkomyasto-CID368-IDa0C8V.html?search_reason=search%7Corganic,https://frankfurt.apollo.olxcdn.com:443/v1/files/93hvbgsuv5u8-BG/image;s=216x152;q=50,08 май 2026 г.,NO
парцел,"гр. Варна, Планова промишлена зона",3000,80000,26.67,,земеделска земя местност Боровец кантара 156466.40 лв. / 80000 € | Навигиране до основното съдържание Навигиране до долен колонтитул Чат Нотификации Нотификации Твоят профил Добави обява Търсене Назад Заглавна страницаНедвижими имотиПродажбиПарцелиПарцели - Област ВарнаПарцели - ВарнаПарцели - Планова промишлена зона ПРОМОТИРАЙ ОБНОВИ Частна Цена на кв.м: 26.67 Квадратура: 3000 кв.м Регулация: Извън регулация Вода: С вода Ток: Без ток ОПИСАНИЕ земеделска земя местност Боровец кантара 3000kv до регулация местност поряза има опция да се вкара в регулация кладенец и овощни дървета ID: 146934377 Д,https://www.olx.bg/d/ad/zemedelska-zemya-mestnost-borovets-kantara-CID368-ID9Vvlj.html?search_reason=search%7Corganic,https://frankfurt.apollo.olxcdn.com:443/v1/files/aweu8ltdvghx1-BG/image;s=216x152;q=50,08 май 2026 г.,NO
парцел,"гр. Варна, Галата",1700,205000,120.59,,"Продавам парцел 1700 кв.в 400945.15 лв. / 205000 € | Навигиране до основното съдържание Навигиране до долен колонтитул Чат Нотификации Нотификации Твоят профил Добави обява Търсене Назад Заглавна страницаНедвижими имотиПродажбиПарцелиПарцели - Област ВарнаПарцели - ВарнаПарцели - Галата ПРОМОТИРАЙ ОБНОВИ Частна Цена на кв.м: 120.59 Квадратура: 1700 кв.м Регулация: Извън регулация Вода: Без вода Ток: Без ток ОПИСАНИЕ Парцел с морска панорама – Патрабана, Варна 1 700 кв.м | 120 €/кв.м Защо да го изберете: Невероятна гледка към морето 80 м от главен път – удобен достъп и висока видимост Идеален з",https://www.olx.bg/d/ad/prodavam-partsel-1700-kv-v-CID368-ID9ZiKh.html?search_reason=search%7Corganic,https://frankfurt.apollo.olxcdn.com:443/v1/files/y54rhpkmq2ri2-BG/image;s=216x152;q=50,08 май 2026 г.,NO
апартамент,"гр. Варна, ХЕИ",100,500,5.0,,"Пет стаен апартамент под наем в квартал Чайка 977.92 лв. / 500 € | Навигиране до основното съдържание Навигиране до долен колонтитул Чат Нотификации Нотификации Твоят профил Добави обява Търсене Назад Заглавна страницаНедвижими имотиНаемиАпартаментиАпартаменти - Област ВарнаАпартаменти - ВарнаАпартаменти - ХЕИ ПРОМОТИРАЙ ОБНОВИ Частна Цена на кв.м: 5 Тип апартамент: многостаен Квадратура: 100 кв.м Година на строителство: 1975 г. Строителство: Тухла Етаж: 2-ри Брой етажи на сградата: 8 Последен етаж Отопление: Електричество Обзавеждане: Обзаведен Преход: Без преход Особености: асансьор, готварс",https://www.olx.bg/d/ad/pet-staen-apartament-pod-naem-v-kvartal-chayka-CID368-IDa0F8z.html?search_reason=search%7Corganic,https://frankfurt.apollo.olxcdn.com:443/v1/files/r6e9f5ny20l23-BG/image;s=216x152;q=50,08 май 2026 г.,NO
апартамент,"гр. Варна, Базар Левски",50,450,9.0,,"Апартамент нов,2-стаен,Каксиева градина 880.12 лв. / 450 € | Навигиране до основното съдържание Навигиране до долен колонтитул Чат Нотификации Нотификации Твоят профил Добави обява Търсене Назад Заглавна страницаНедвижими имотиПродажбиАпартаментиАпартаменти - Област ВарнаАпартаменти - ВарнаАпартаменти - Базар Левски ПРОМОТИРАЙ ОБНОВИ Частна Цена на кв.м: 9 Тип апартамент: 2 - стаен Квадратура: 50 кв.м Година на строителство: 2026 г. Строителство: Тухла Етаж: 2-ри Брой етажи на сградата: 5 Последен етаж Отопление: Електричество Обзавеждане: Обзаведен Състояние на сградата: Завършена Преход: Без",https://www.olx.bg/d/ad/apartament-nov-2-staen-kaksieva-gradina-CID368-ID9ZjgA.html?search_reason=search%7Corganic,https://frankfurt.apollo.olxcdn.com:443/v1/files/sscsyxsuonv7-BG/image;s=216x152;q=50,08 май 2026 г.,NO
апартамент,"гр. Варна, Цветен квартал",61,169900,2785.25,,Просторен двустаен-три големи стаи. След основен ремонт. От собственик 332295.52 лв. / 169900 € | Навигиране до основното съдържание Навигиране до долен колонтитул Чат Нотификации Нотификации Твоят профил Добави обява Търсене Назад Заглавна страницаНедвижими имотиПродажбиАпартаментиАпартаменти - Област ВарнаАпартаменти - ВарнаАпартаменти - Цветен квартал ПРОМОТИРАЙ ОБНОВИ Частна Цена на кв.м: 2785.25 Тип апартамент: 2 - стаен Квадратура: 61 кв.м Година на строителство: 1972 г. Строителство: Панел Етаж: 1-ви Брой етажи на сградата: 8 Последен етаж Отопление: Електричество Обзавеждане: Полуобзав,https://www.olx.bg/d/ad/prostoren-dvustaen-tri-golemi-stai-sled-osnoven-remont-ot-sobstvenik-CID368-ID9Zjz7.html?search_reason=search%7Corganic,https://frankfurt.apollo.olxcdn.com:443/v1/files/ie5epurcdjku-BG/image;s=216x152;q=50,08 май 2026 г.,NO
апартамент,"гр. Варна, Възраждане 1",49,250,5.1,,"Едностаен апартамент 488.96 лв. / 250 € По договаряне | Навигиране до основното съдържание Навигиране до долен колонтитул Чат Нотификации Нотификации Твоят профил Добави обява Търсене Назад Заглавна страницаНедвижими имотиНаемиАпартаментиАпартаменти - Област ВарнаАпартаменти - ВарнаАпартаменти - Възраждане 1 ПРОМОТИРАЙ ОБНОВИ Частна Цена на кв.м: 5.10 Тип апартамент: 1 - стаен Квадратура: 49 кв.м Година на строителство: 1980 г. Строителство: Панел Етаж: 3-ти Брой етажи на сградата: 7 Последен етаж Отопление: Електричество Обзавеждане: Обзаведен Преход: Без преход Особености: асансьор, хладилни",https://www.olx.bg/d/ad/ednostaen-apartament-CID368-IDa0EPq.html?search_reason=search%7Corganic,https://frankfurt.apollo.olxcdn.com:443/v1/files/7d0hmo62dwll-BG/image;s=216x152;q=50,08 май 2026 г.,NO
апартамент,"гр. Варна, ХЕИ",85,155000,1823.53,,Продавам апартамент 303153.65 лв. / 155000 € По договаряне | Навигиране до основното съдържание Навигиране до долен колонтитул Чат Нотификации Нотификации Твоят профил Добави обява Търсене Назад Заглавна страницаНедвижими имотиПродажбиАпартаментиАпартаменти - Област ВарнаАпартаменти - ВарнаАпартаменти - ХЕИ ПРОМОТИРАЙ ОБНОВИ Частна Цена на кв.м: 1823.53 Тип апартамент: 3 - стаен Квадратура: 85 кв.м Година на строителство: 2025 г. Строителство: Тухла Етаж: 4-ти Брой етажи на сградата: 1 Последен етаж Отопление: Електричество Обзавеждане: Необзаведен Състояние на сградата: Завършена Преход: Без,https://www.olx.bg/d/ad/prodavam-apartament-CID368-ID9VBHq.html?search_reason=search%7Corganic,https://frankfurt.apollo.olxcdn.com:443/v1/files/2szytl56ygii3-BG/image;s=216x152;q=50,08 май 2026 г.,NO
къща,"гр. Варна, Колхозен пазар",40,95000,2375.0,,"Продавам къща -Колхозен пазар 185803.85 лв. / 95000 € По договаряне | Навигиране до основното съдържание Навигиране до долен колонтитул Чат Нотификации Нотификации Твоят профил Добави обява Търсене Назад Заглавна страницаНедвижими имотиПродажбиКъщи, вилиКъщи, вили - Област ВарнаКъщи, вили - ВарнаКъщи, вили - Колхозен пазар ПРОМОТИРАЙ ОБНОВИ Частна Цена на кв.м: 2375 Брой етажи на сградата: 1 Квадратура: 40 кв.м Квадратура на двора: 69 кв.м Година на строителство: 1979 г. Строителство: Тухла Отопление: Електричество Състояние на сградата: Завършена ОПИСАНИЕ Продавам къща с площ 23 кв. И 17 кв с",https://www.olx.bg/d/ad/prodavam-kascha-kolhozen-pazar-CID368-ID8Nr7M.html?search_reason=search%7Corganic,/app/static/media/no_thumbnail.15f456ec5.svg,08 май 2026 г.,NO
апартамент,"гр. Варна, Възраждане 1",69,118000,1710.14,,Двустаен апартамент 69.42кв.м. Гр.Варна Възраждане 1 до КАТ 230787.94 лв. / 118000 € | Навигиране до основното съдържание Навигиране до долен колонтитул Чат Нотификации Нотификации Твоят профил Добави обява Търсене Назад Заглавна страницаНедвижими имотиПродажбиАпартаментиАпартаменти - Област ВарнаАпартаменти - ВарнаАпартаменти - Възраждане 1 ПРОМОТИРАЙ ОБНОВИ Частна Цена на кв.м: 1685.71 Тип апартамент: 2 - стаен Квадратура: 70 кв.м Година на строителство: 2028 г. Строителство: Тухла Етаж: 4-ти Брой етажи на сградата: 8 Последен етаж Отопление: Електричество Обзавеждане: Необзаведен Състояние,https://www.olx.bg/d/ad/dvustaen-apartament-69-42kv-m-gr-varna-vazrazhdane-1-do-kat-CID368-IDa0Enu.html?search_reason=search%7Corganic,/app/static/media/no_thumbnail.15f456ec5.svg,08 май 2026 г.,NO
гараж,"гр. Варна, Бриз",11,15000,1363.64,,"Подземно паркомясто в кв. Бриз 29337.45 лв. / 15000 € | Навигиране до основното съдържание Навигиране до долен колонтитул Чат Нотификации Нотификации Твоят профил Добави обява Търсене Назад Заглавна страницаНедвижими имотиПродажбиГаражи, паркоместаГаражи, паркоместа - Област ВарнаГаражи, паркоместа - ВарнаГаражи, паркоместа - Бриз ПРОМОТИРАЙ ОБНОВИ Частна Цена на кв.м: 1363.64 Квадратура: 11 кв.м Вода: Без вода Ток: С ток ОПИСАНИЕ Продавам подземно паркомясто в комплекс Металекс кв. Бриз, бул. Васил Левски 68. Денонощна охрана с ограничен достъп. Паркомястото е подходящо за малка кола или мото",https://www.olx.bg/d/ad/podzemno-parkomyasto-v-kv-briz-CID368-ID9LJFX.html?search_reason=search%7Corganic,/app/static/media/no_thumbnail.15f456ec5.svg,Обновено на 08 май 2026 г.,NO
апартамент,"гр. Варна, Възраждане 2",45,330,7.33,,"Апартамент намиращ се в кв.""Владиславово"" гр.Варна се отдава под наем. 645.42 лв. / 330 € | Навигиране до основното съдържание Навигиране до долен колонтитул Чат Нотификации Нотификации Твоят профил Добави обява Търсене Назад Заглавна страницаНедвижими имотиНаемиАпартаментиАпартаменти - Област ВарнаАпартаменти - ВарнаАпартаменти - Възраждане 2 ПРОМОТИРАЙ ОБНОВИ Частна Цена на кв.м: 7.33 Тип апартамент: 2 - стаен Квадратура: 45 кв.м Година на строителство: 1988 г. Строителство: Панел Етаж: 1-ви Брой етажи на сградата: 5 Последен етаж Отопление: Електричество Обзавеждане: Обзаведен Преход: Без п",https://www.olx.bg/d/ad/apartament-namirasch-se-v-kv-vladislavovo-gr-varna-se-otdava-pod-naem-CID368-ID9TVmK.html?search_reason=search%7Corganic,/app/static/media/no_thumbnail.15f456ec5.svg,08 май 2026 г.,NO
апартамент,"гр. Варна, Център",118,235,1.99,,"От собственик! 235€ ! Панорамна гледка море 459.62 лв. / 235 € | Навигиране до основното съдържание Навигиране до долен колонтитул Чат Нотификации Нотификации Твоят профил Добави обява Търсене Назад Заглавна страницаНедвижими имотиНаемиАпартаментиАпартаменти - Област ВарнаАпартаменти - ВарнаАпартаменти - Център ПРОМОТИРАЙ ОБНОВИ Частна Цена на кв.м: 1.99 Тип апартамент: 4 - стаен Квадратура: 118 кв.м Година на строителство: 1992 г. Строителство: Панел Етаж: 8-ми Брой етажи на сградата: 9 Отопление: Електричество Обзавеждане: Обзаведен Преход: Без преход Особености: асансьор, готварска печка, х",https://www.olx.bg/d/ad/ot-sobstvenik-235-panoramna-gledka-more-CID368-IDa0DGa.html?search_reason=search%7Corganic,/app/static/media/no_thumbnail.15f456ec5.svg,08 май 2026 г.,NO
апартамент,"гр. Варна, Възраждане 1",55,430,7.82,,Отдавам двустаен апартавент под наем Възраждане 1 841.01 лв. / 430 € | Навигиране до основното съдържание Навигиране до долен колонтитул Чат Нотификации Нотификации Твоят профил Добави обява Търсене Назад Заглавна страницаНедвижими имотиНаемиАпартаментиАпартаменти - Област ВарнаАпартаменти - ВарнаАпартаменти - Възраждане 1 ПРОМОТИРАЙ ОБНОВИ Частна Цена на кв.м: 7.82 Тип апартамент: 2 - стаен Квадратура: 55 кв.м Година на строителство: 2007 г. Строителство: Тухла Етаж: 3-ти Брой етажи на сградата: 7 Последен етаж Отопление: Електричество Обзавеждане: Обзаведен Преход: Без преход Особености: аса,https://www.olx.bg/d/ad/otdavam-dvustaen-apartavent-pod-naem-vazrazhdane-1-CID368-IDa0DHS.html?search_reason=search%7Corganic,/app/static/media/no_thumbnail.15f456ec5.svg,08 май 2026 г.,NO
друго,"гр. Варна, Автогара",650,101747,156.53,,Промишлена сграда 199000 лв. / 101747.08 € | Навигиране до основното съдържание Навигиране до долен колонтитул Чат Нотификации Нотификации Твоят профил Добави обява Търсене Назад Заглавна страницаНедвижими имотиПродажбиПромишлени сградиПромишлени сгради - Област ВарнаПромишлени сгради - ВарнаПромишлени сгради - Автогара ПРОМОТИРАЙ ОБНОВИ Частна Цена на кв.м: 306.15 Квадратура: 650 кв.м Година на строителство: 1980 г. Строителство: Тухла Брой етажи на сградата: 1 Отопление: Локално ОПИСАНИЕ Сграда с история в региона и запазила хубавите спомени на населението. Тази и автентичност несъмнено ще д,https://www.olx.bg/d/ad/promishlena-sgrada-CID368-ID9nJtg.html?search_reason=search%7Corganic,/app/static/media/no_thumbnail.15f456ec5.svg,08 май 2026 г.,NO
гараж,"гр. Варна, Общината",15,130,8.67,,"Партерен Гараж под Наем на ул. ПОП ХАРИТОН 83 254.26 лв. / 130 € | Навигиране до основното съдържание Навигиране до долен колонтитул Чат Нотификации Нотификации Твоят профил Добави обява Търсене Назад Заглавна страницаНедвижими имотиНаемиГаражи, паркоместаГаражи, паркоместа - Област ВарнаГаражи, паркоместа - ВарнаГаражи, паркоместа - Общината ПРОМОТИРАЙ ОБНОВИ Частна Цена на кв.м: 8.67 Квадратура: 15 кв.м Вода: С вода Ток: С ток ОПИСАНИЕ ПАРТЕРЕН ГАРАЖ ПОД НАЕМ | УЛ. ПОП ХАРИТОН 83 | 130 евро НА МЕСЕЦ | ТЕЛ. 08******63 Собственик отдава под наем ПАРТЕРЕН ГАРАЖ на ул. Поп Харитон 83 за 130 евро",https://www.olx.bg/d/ad/parteren-garazh-pod-naem-na-ul-pop-hariton-83-CID368-ID9Wu8q.html?search_reason=search%7Corganic,/app/static/media/no_thumbnail.15f456ec5.svg,08 май 2026 г.,NO
гараж,"гр. Варна, ХЕИ",18,70,3.89,,"Давам парко място под наем 136.91 лв. / 70 € | Навигиране до основното съдържание Навигиране до долен колонтитул Чат Нотификации Нотификации Твоят профил Добави обява Търсене Назад Заглавна страницаНедвижими имотиНаемиГаражи, паркоместаГаражи, паркоместа - Област ВарнаГаражи, паркоместа - ВарнаГаражи, паркоместа - ХЕИ ПРОМОТИРАЙ ОБНОВИ Частна Цена на кв.м: 3.89 Квадратура: 18 кв.м Вода: Без вода Ток: Без ток ОПИСАНИЕ Давам под наем паркомясто 18 к.Цветен квартал град Варна в нова кооперация ID: 147006988 Преглеждания: 163 Докладвай Влез в своя OLX акаунт или създай нов, за да се свържеш с този",https://www.olx.bg/d/ad/davam-parko-myasto-pod-naem-CID368-ID9VPes.html?search_reason=search%7Corganic,,07 май 2026 г.,NO
парцел,"гр. Варна, м",685,33000,48.18,,"Парцел Боровец юг 685кв.м. ПУП 64542.39 лв. / 33000 € | Навигиране до основното съдържание Навигиране до долен колонтитул Чат Нотификации Нотификации Твоят профил Добави обява Търсене Назад Заглавна страницаНедвижими имотиПродажбиПарцелиПарцели - Област ВарнаПарцели - ВарнаПарцели - м-т Боровец - юг ПРОМОТИРАЙ ОБНОВИ Частна Цена на кв.м: 48.18 Квадратура: 685 кв.м Регулация: В регулация Вода: Без вода Ток: Без ток Особености: жил.строителство ОПИСАНИЕ Предлагам за продажба урегулиран поземлен имот в селищно образование ""Боровец юг"" с площ 685 кв.м. Имота е с правилна правоъгълна форма, има лек",https://www.olx.bg/d/ad/partsel-borovets-yug-685kv-m-pup-CID368-ID9Pn0S.html?search_reason=search%7Corganic,https://frankfurt.apollo.olxcdn.com:443/v1/files/fivg86d165v31-BG/image;s=216x152;q=50,07 май 2026 г.,NO
гараж,"гр. Варна, Гранд Мол Варна",18,80,4.44,,"Парко място под наем ул Ак Ал Сахаров 19 156.47 лв. / 80 € | Навигиране до основното съдържание Навигиране до долен колонтитул Чат Нотификации Нотификации Твоят профил Добави обява Търсене Назад Заглавна страницаНедвижими имотиНаемиГаражи, паркоместаГаражи, паркоместа - Област ВарнаГаражи, паркоместа - ВарнаГаражи, паркоместа - Гранд Мол Варна ПРОМОТИРАЙ ОБНОВИ Частна Цена на кв.м: 4.44 Квадратура: 18 кв.м Вода: Без вода Ток: С ток ОПИСАНИЕ Парко мястото е много просторно и чисто с перфектен достъп осветено и без никакви колони и пречки за паркиране,автомобилат който е паркирал до момента е S-",https://www.olx.bg/d/ad/parko-myasto-pod-naem-ul-ak-al-saharov-19-CID368-ID9SZvg.html?search_reason=search%7Corganic,https://frankfurt.apollo.olxcdn.com:443/v1/files/dkm76hrlh6ai3-BG/image;s=216x152;q=50,07 май 2026 г.,NO
гараж,"гр. Варна, Зимно кино Тракия",23,255,11.09,,"Давам под наем офис/магазин 498.74 лв. / 255 € | Навигиране до основното съдържание Навигиране до долен колонтитул Чат Нотификации Нотификации Твоят профил Добави обява Търсене Назад Заглавна страницаНедвижими имотиНаемиОфисиОфиси - Област ВарнаОфиси - ВарнаОфиси - Зимно кино Тракия ПРОМОТИРАЙ ОБНОВИ Частна Цена на кв.м: 11.09 Квадратура: 23 кв.м Година на строителство: 2000 г. Строителство: Тухла Етаж: Партер Брой етажи на сградата: 5 Последен етаж Отопление: Електричество Особености: СОТ, паркинг ОПИСАНИЕ Давам под наем офис/магазин 23кв/м. Помещението има складова част и тоалетна. Отопление",https://www.olx.bg/d/ad/davam-pod-naem-ofis-magazin-CID368-ID9W7X0.html?search_reason=search%7Corganic,https://frankfurt.apollo.olxcdn.com:443/v1/files/4bmvkr2kxh171-BG/image;s=216x152;q=50,07 май 2026 г.,NO
апартамент,"гр. Варна, Лятно кино Тракия",70,450,6.43,,"Тристаен апартамент под наем в кв. Победа, Варна 880.12 лв. / 450 € | Навигиране до основното съдържание Навигиране до долен колонтитул Чат Нотификации Нотификации Твоят профил Добави обява Търсене Назад Заглавна страницаНедвижими имотиНаемиАпартаментиАпартаменти - Област ВарнаАпартаменти - ВарнаАпартаменти - Лятно кино Тракия ПРОМОТИРАЙ ОБНОВИ Частна Цена на кв.м: 6.43 Тип апартамент: 3 - стаен Квадратура: 70 кв.м Година на строителство: 1980 г. Строителство: Панел Етаж: 3-ти Брой етажи на сградата: 5 Последен етаж Отопление: Електричество Обзавеждане: Обзаведен Преход: Без преход Особености:",https://www.olx.bg/d/ad/tristaen-apartament-pod-naem-v-kv-pobeda-varna-CID368-IDa0CIa.html?search_reason=search%7Corganic,https://frankfurt.apollo.olxcdn.com:443/v1/files/fxyh5w8yprqi2-BG/image;s=216x152;q=50,07 май 2026 г.,NO
търговски,"гр. Варна, Център",,20,,,"Мазе във блок ново строителство 39.12 лв. / 20 € | Навигиране до основното съдържание Навигиране до долен колонтитул Чат Нотификации Нотификации Твоят профил Добави обява Търсене Назад Заглавна страницаНедвижими имотиНаемиСкладовеСкладове - Област ВарнаСкладове - ВарнаСкладове - Център ПРОМОТИРАЙ ОБНОВИ Частна Цена на кв.м: 5 Квадратура: 4 кв.м Година на строителство: 2016 г. Строителство: Тухла Отопление: Без отопление Особености: асфалтиран път ОПИСАНИЕ Мазе почти 4 кв.м. във блок ново строителство. Център на град Варна, улица Тодор Шишков. Мазето се заключва с желязната врата, която се вижд",https://www.olx.bg/d/ad/maze-vav-blok-novo-stroitelstvo-CID368-ID9RU88.html?search_reason=search%7Corganic,https://frankfurt.apollo.olxcdn.com:443/v1/files/wbs8i6egmw84-BG/image;s=216x152;q=50,07 май 2026 г.,NO
парцел,"гр. Варна, Чайка",1370,24500,17.88,,"Продавам дворно място с.Левски обл.Варна 47917.84 лв. / 24500 € | Навигиране до основното съдържание Навигиране до долен колонтитул Чат Нотификации Нотификации Твоят профил Добави обява Търсене Назад Заглавна страницаНедвижими имотиПродажбиПарцелиПарцели - Област ВарнаПарцели - ВарнаПарцели - Чайка ПРОМОТИРАЙ ОБНОВИ Частна Цена на кв.м: 17.88 Квадратура: 1370 кв.м Регулация: В регулация Вода: Без вода Ток: Без ток ОПИСАНИЕ Собственик продава дворно място 1370кв.м в с.Левски на 25км от гр.Варна изцяло българско село. Има фургон на колела и малко складче,в половината място има овошки около 30-35",https://www.olx.bg/d/ad/prodavam-dvorno-myasto-s-levski-obl-varna-CID368-IDa0CtM.html?search_reason=search%7Corganic,https://frankfurt.apollo.olxcdn.com:443/v1/files/7gh8qmkj7s9w-BG/image;s=216x152;q=50,07 май 2026 г.,NO
търговски,"гр. Варна, Център",24,400,16.67,,Отдавам под наем търговско помещение идеален център в близост до хотел Черно море 782.33 лв. / 400 € | Навигиране до основното съдържание Навигиране до долен колонтитул Чат Нотификации Нотификации Твоят профил Добави обява Търсене Назад Заглавна страницаНедвижими имотиНаемиМагазиниМагазини - Област ВарнаМагазини - ВарнаМагазини - Център ПРОМОТИРАЙ ОБНОВИ Частна Цена на кв.м: 16.67 Местоположение: на търговска улица Квадратура: 24 кв.м Година на строителство: 2002 г. Строителство: Панел Брой етажи на сградата: 1 Отопление: Електричество ОПИСАНИЕ Собственик отдава под наем търговско помещение ид,https://www.olx.bg/d/ad/otdavam-pod-naem-targovsko-pomeschenie-idealen-tsentar-v-blizost-do-hotel-cherno-more-CID368-IDa0CaK.html?search_reason=search%7Corganic,https://frankfurt.apollo.olxcdn.com:443/v1/files/h3csd52an75h3-BG/image;s=216x152;q=50,07 май 2026 г.,NO
апартамент,"гр. Варна, Колхозен пазар",60,140000,2333.33,,Продавам двустаен апартамент колхозен пазар 273816.20 лв. / 140000 € | Навигиране до основното съдържание Навигиране до долен колонтитул Чат Нотификации Нотификации Твоят профил Добави обява Търсене Назад Заглавна страницаНедвижими имотиПродажбиАпартаментиАпартаменти - Област ВарнаАпартаменти - ВарнаАпартаменти - Колхозен пазар ПРОМОТИРАЙ ОБНОВИ Частна Цена на кв.м: 2333.33 Тип апартамент: 2 - стаен Квадратура: 60 кв.м Година на строителство: 2012 г. Строителство: Тухла Етаж: 2-ри Брой етажи на сградата: 5 Последен етаж Отопление: Електричество Обзавеждане: Обзаведен Състояние на сградата: Зав,https://www.olx.bg/d/ad/prodavam-dvustaen-apartament-kolhozen-pazar-CID368-IDa0Cak.html?search_reason=search%7Corganic,https://frankfurt.apollo.olxcdn.com:443/v1/files/v3jquous6d8s3-BG/image;s=216x152;q=50,07 май 2026 г.,NO
апартамент,"гр. Варна, Трошево",85,169000,1988.24,,От собственик Двустаен апартамент колхозен пазар 330535.27 лв. / 169000 € | Навигиране до основното съдържание Навигиране до долен колонтитул Чат Нотификации Нотификации Твоят профил Добави обява Търсене Назад Заглавна страницаНедвижими имотиПродажбиАпартаментиАпартаменти - Област ВарнаАпартаменти - ВарнаАпартаменти - Трошево ПРОМОТИРАЙ ОБНОВИ Частна Цена на кв.м: 1988.24 Тип апартамент: 2 - стаен Квадратура: 85 кв.м Година на строителство: 2001 г. Строителство: Тухла Етаж: 5-ти Брой етажи на сградата: 5 Последен етаж Отопление: Електричество Обзавеждане: Обзаведен Състояние на сградата: Завър,https://www.olx.bg/d/ad/ot-sobstvenik-dvustaen-apartament-kolhozen-pazar-CID368-ID9RFoo.html?search_reason=search%7Corganic,https://frankfurt.apollo.olxcdn.com:443/v1/files/9m10m2br78853-BG/image;s=216x152;q=50,07 май 2026 г.,NO
апартамент,"гр. Варна, Кайсиева градина",80,189000,2362.5,,ПРОМО ОФЕРТА!!! Тристаен апартамент в Кайсиева градина от собственик с паркомясто 369651.87 лв. / 189000 € | Навигиране до основното съдържание Навигиране до долен колонтитул Чат Нотификации Нотификации Твоят профил Добави обява Търсене Назад Заглавна страницаНедвижими имотиПродажбиАпартаментиАпартаменти - Област ВарнаАпартаменти - ВарнаАпартаменти - Кайсиева градина ПРОМОТИРАЙ ОБНОВИ Частна Цена на кв.м: 2362.50 Тип апартамент: 3 - стаен Квадратура: 80 кв.м Година на строителство: 2020 г. Строителство: Тухла Етаж: 6-ти Брой етажи на сградата: 6 Последен етаж Отопление: Електричество Обзавежда,https://www.olx.bg/d/ad/promo-oferta-tristaen-apartament-v-kaysieva-gradina-ot-sobstvenik-s-parkomyasto-CID368-ID9X2Mz.html?search_reason=search%7Corganic,https://frankfurt.apollo.olxcdn.com:443/v1/files/59jpcj8eltp5-BG/image;s=216x152;q=50,Обновено на 07 май 2026 г.,NO
къща,"гр. Варна, Виница",25,102,4.08,,"Паркомясто в двора на къща. 200 лв. / 102.26 € | Навигиране до основното съдържание Навигиране до долен колонтитул Чат Нотификации Нотификации Твоят профил Добави обява Търсене Назад Заглавна страницаНедвижими имотиНаемиГаражи, паркоместаГаражи, паркоместа - Област ВарнаГаражи, паркоместа - ВарнаГаражи, паркоместа - Виница ПРОМОТИРАЙ ОБНОВИ Частна Цена на кв.м: 8 Квадратура: 25 кв.м Вода: Без вода Ток: Без ток ОПИСАНИЕ Паркомясто в двора на къща,100 евро на месец.Или 10 евро за 24 часа. ID: 142375326 Докладвай КОНТАКТ С ПРОДАВАЧА Драго В OLX от декември 2020 г. Последно онлайн 07 май 2026 г. С",https://www.olx.bg/d/ad/parkomyasto-v-dvora-na-kascha-CID368-ID9Doke.html?search_reason=search%7Corganic,https://frankfurt.apollo.olxcdn.com:443/v1/files/abkaotto8ino3-BG/image;s=216x152;q=50,07 май 2026 г.,NO
парцел,"гр. Варна, Бриз",7000,126000,18.0,,"Парцел , 7000 кв.м.,от Варна на 10 км. 246434.58 лв. / 126000 € По договаряне | Навигиране до основното съдържание Навигиране до долен колонтитул Чат Нотификации Нотификации Твоят профил Добави обява Търсене Назад Заглавна страницаНедвижими имотиПродажбиПарцелиПарцели - Област ВарнаПарцели - ВарнаПарцели - Бриз ПРОМОТИРАЙ ОБНОВИ Частна Цена на кв.м: 18 Квадратура: 7000 кв.�� Регулация: В регулация Вода: Без вода Ток: Без ток Особености: бартер, пром.строителство, жил.строителство ОПИСАНИЕ Продава се парцел на отлично място за промишлено или жилищно строителство. Много близо до селата Кичево и",https://www.olx.bg/d/ad/partsel-7000-kv-m-ot-varna-na-10-km-CID368-ID9ZgPC.html?search_reason=search%7Corganic,https://frankfurt.apollo.olxcdn.com:443/v1/files/0m1amyyo3fl4-BG/image;s=216x152;q=50,07 май 2026 г.,NO
апартамент,"гр. Варна, Аспарухово",60,850,14.17,,Двустанен апартамент под наем с паркомясто и морска гледка. 1662.46 лв. / 850 € | Навигиране до основното съдържание Навигиране до долен колонтитул Чат Нотификации Нотификации Твоят профил Добави обява Търсене Назад Заглавна страницаНедвижими имотиНаемиАпартаментиАпартаменти - Област ВарнаАпартаменти - ВарнаАпартаменти - Аспарухово ПРОМОТИРАЙ ОБНОВИ Частна Цена на кв.м: 14.17 Тип апартамент: 2 - стаен Квадратура: 60 кв.м Година на строителство: 2021 г. Строителство: Тухла Етаж: 10-ти Брой етажи на сградата: 10 Последен етаж Отопление: Електричество Обзавеждане: Обзаведен Преход: С преход Особе,https://www.olx.bg/d/ad/dvustanen-apartament-pod-naem-s-parkomyasto-i-morska-gledka-CID368-ID9Z0By.html?search_reason=search%7Corganic,https://frankfurt.apollo.olxcdn.com:443/v1/files/da4bu8exca3s1-BG/image;s=216x152;q=50,07 май 2026 г.,NO
апартамент,"гр. Варна, Чаталджа",70,650,9.29,,"ТРИСТАЕН апартамент -ЧАТАЛДЖА-от 01.07.26г. 1271.29 лв. / 650 € | Навигиране до основното съдържание Навигиране до долен колонтитул Чат Нотификации Нотификации Твоят профил Добави обява Търсене Назад Заглавна страницаНедвижими имотиНаемиАпартаментиАпартаменти - Област ВарнаАпартаменти - ВарнаАпартаменти - Чаталджа ПРОМОТИРАЙ ОБНОВИ Частна Цена на кв.м: 9.29 Тип апартамент: 3 - стаен Квадратура: 70 кв.м Година на строителство: 1986 г. Строителство: Тухла Етаж: 4-ти Брой етажи на сградата: 6 Последен етаж Отопление: Електричество Обзавеждане: Обзаведен Преход: Без преход Особености: асансьор, го",https://www.olx.bg/d/ad/tristaen-apartament-chataldzha-ot-01-07-26g-CID368-ID9R1qZ.html?search_reason=search%7Corganic,https://frankfurt.apollo.olxcdn.com:443/v1/files/vcvp2msb4foj-BG/image;s=216x152;q=50,07 май 2026 г.,NO
гараж,"гр. Варна, Колхозен пазар",50,250,5.0,,"Давам под наем голям надземен гараж- подходящ за две коли 488.96 лв. / 250 € | Навигиране до основното съдържание Навигиране до долен колонтитул Чат Нотификации Нотификации Твоят профил Добави обява Търсене Назад Заглавна страницаНедвижими имотиНаемиГаражи, паркоместаГаражи, паркоместа - Област ВарнаГаражи, паркоместа - ВарнаГаражи, паркоместа - Колхозен пазар ПРОМОТИРАЙ ОБНОВИ Частна Цена на кв.м: 5 Квадратура: 50 кв.м Вода: С вода Ток: С ток ОПИСАНИЕ Давам под наем голям надземен гараж с директен подход от улицата, подходящ за два автомобила. Намира се на ул.""Радецки"", Колхозен пазар. Размер",https://www.olx.bg/d/ad/davam-pod-naem-golyam-nadzemen-garazh-podhodyasch-za-dve-koli-CID368-ID9V7zS.html?search_reason=search%7Corganic,https://frankfurt.apollo.olxcdn.com:443/v1/files/vyqis3ahe3tc2-BG/image;s=216x152;q=50,07 май 2026 г.,NO
апартамент,"гр. Варна, Възраждане 2",97,650,6.7,,"Апартамент под наем Лятно кино Тракия 1271.29 лв. / 650 € | Навигиране до основното съдържание Навигиране до долен колонтитул Чат Нотификации Нотификации Твоят профил Добави обява Търсене Назад Заглавна страницаНедвижими имотиНаемиАпартаментиАпартаменти - Област ВарнаАпартаменти - ВарнаАпартаменти - Възраждане 2 ПРОМОТИРАЙ ОБНОВИ Частна Цена на кв.м: 6.70 Тип апартамент: 4 - стаен Квадратура: 97 кв.м Година на строителство: 1988 г. Строителство: Панел Етаж: 8-ми Брой етажи на сградата: 9 Отопление: Електричество Обзавеждане: Обзаведен Преход: Без преход Особености: асансьор, готварска печка, х",https://www.olx.bg/d/ad/apartament-pod-naem-lyatno-kino-trakiya-CID368-ID9Y3ba.html?search_reason=search%7Corganic,https://frankfurt.apollo.olxcdn.com:443/v1/files/0rc1gigt8q6m3-BG/image;s=216x152;q=50,07 май 2026 г.,NO
друго,"гр. Варна, м",,120,,,"давам под наем зала за партита и забавления 234.70 лв. / 120 € | Навигиране до основното съдържание Навигиране до долен колонтитул Чат Нотификации Нотификации Твоят профил Добави обява Търсене Назад Заглавна страницаНедвижими имотиНаемиЗали за танци, събитияЗали за танци, събития - Област ВарнаЗали за танци, събития - ВарнаЗали за танци, събития - м-т Ментешето ПРОМОТИРАЙ ОБНОВИ Частна Вид: Спорт, забавления Цена: на ден ОПИСАНИЕ Предлагам зала/механа за забавления, партита, рожденни и именни дни. На самообслужване. Разполага с хладилна витрина, посуда, кариоке, санитарен възел. Може да се пол",https://www.olx.bg/d/ad/davam-pod-naem-zala-za-partita-i-zabavleniya-CID368-ID9aKIV.html?search_reason=search%7Corganic,/app/static/media/no_thumbnail.15f456ec5.svg,07 май 2026 г.,NO
апартамент,"гр. Варна, Спортна зала",78,640,8.21,,"3-стаен апартамент Спортна зала, Чаталджа 1251.73 лв. / 640 € | Навигиране до основното съдържание Навигиране до долен колонтитул Чат Нотификации Нотификации Твоят профил Добави обява Търсене Назад Заглавна страницаНедвижими имотиНаемиАпартаментиАпартаменти - Област ВарнаАпартаменти - ВарнаАпартаменти - Спортна зала ПРОМОТИРАЙ ОБНОВИ Частна Цена на кв.м: 8.21 Тип апартамент: 3 - стаен Квадратура: 78 кв.м Година на строителство: 2000 г. Строителство: Тухла Етаж: 5-ти Брой етажи на сградата: 6 Отопление: Електричество Обзавеждане: Обзаведен Преход: Без преход Особености: готварска печка, хладилн",https://www.olx.bg/d/ad/3-staen-apartament-sportna-zala-chataldzha-CID368-ID8R2gY.html?search_reason=search%7Corganic,/app/static/media/no_thumbnail.15f456ec5.svg,07 май 2026 г.,NO
апартамент,"гр. Варна, Чайка",90,269000,2988.89,,Тристаен нова сграда в кв.Чайка 90 кв.м до морската 526118.27 лв. / 269000 € | Навигиране до основното съдържание Навигиране до долен колонтитул Чат Нотификации Нотификации Твоят профил Добави обява Търсене Назад Заглавна страницаНедвижими имотиПродажбиАпартаментиАпартаменти - Област ВарнаАпартаменти - ВарнаАпартаменти - Чайка ПРОМОТИРАЙ ОБНОВИ Частна Цена на кв.м: 2988.89 Тип апартамент: 3 - стаен Квадратура: 90 кв.м Година на строителство: 2026 г. Строителство: Тухла Етаж: 4-ти Брой етажи на сградата: 17 Последен етаж Отопление: Електричество Обзавеждане: Необзаведен Състояние на сградата: В,https://www.olx.bg/d/ad/tristaen-nova-sgrada-v-kv-chayka-90-kv-m-do-morskata-CID368-ID9XLl9.html?search_reason=search%7Corganic,/app/static/media/no_thumbnail.15f456ec5.svg,06 май 2026 г.,NO
апартамент,"гр. Варна, Лятно кино Тракия",60,670,11.17,,Отдавам кокетно тристайно жилище срещу Здравна Каса 1310.41 лв. / 670 € | Навигиране до основното съдържание Навигиране до долен колонтитул Чат Нотификации Нотификации Твоят профил Добави обява Търсене Назад Заглавна страницаНедвижими имотиНаемиАпартаментиАпартаменти - Област ВарнаАпартаменти - ВарнаАпартаменти - Лятно кино Тракия ПРОМОТИРАЙ ОБНОВИ Частна Цена на кв.м: 11.17 Тип апартамент: 3 - стаен Квадратура: 60 кв.м Година на строителство: 2008 г. Строителство: Тухла Етаж: 6-ти Брой етажи на сградата: 7 Отопление: Електричество Обзавеждане: Обзаведен Преход: Без преход Особености: асансьор,https://www.olx.bg/d/ad/otdavam-koketno-tristayno-zhilische-sreschu-zdravna-kasa-CID368-ID9Z49x.html?search_reason=search%7Corganic,https://frankfurt.apollo.olxcdn.com:443/v1/files/7bqtn32d8jwr-BG/image;s=216x152;q=50,06 май 2026 г.,NO
друго,"гр. Варна, Бриз",,205,,,"Работно място под наем за фризьор 400.95 лв. / 205 € | Навигиране до основното съдържание Навигиране до долен колонтитул Чат Нотификации Нотификации Твоят профил Добави обява Търсене Назад Заглавна страницаНедвижими имотиНаемиСалони за красотаСалони за красота - Област ВарнаСалони за красота - ВарнаСалони за красота - Бриз ПРОМОТИРАЙ ОБНОВИ Частна ОПИСАНИЕ гр. Варна, кв. Бриз Салон за красота Natalia Zotova отдава под наем едно работно място за фризьор — Удобна транспортна достъпност за клиенти — Няма „синя зона“ (платено паркиране) — Голяма клиентска база За допълнителна информация: 08******8",https://www.olx.bg/d/ad/rabotno-myasto-pod-naem-za-frizor-CID368-ID9VLHn.html?search_reason=search%7Corganic,https://frankfurt.apollo.olxcdn.com:443/v1/files/07dd6v7u1f8z2-BG/image;s=216x152;q=50,06 май 2026 г.,NO
апартамент,"гр. Варна, Владислав Варненчик",80,350,4.38,,Тристаен апартамент във Владиславово 684.54 лв. / 350 € | Навигиране до основното съдържание Навигиране до долен колонтитул Чат Нотификации Нотификации Твоят профил Добави обява Търсене Назад Заглавна страницаНедвижими имотиНаемиАпартаментиАпартаменти - Област ВарнаАпартаменти - ВарнаАпартаменти - Владислав Варненчик ПРОМОТИРАЙ ОБНОВИ Частна Цена на кв.м: 4.38 Тип апартамент: многостаен Квадратура: 80 кв.м Година на строителство: 1999 г. Строителство: Тухла Етаж: 9-ти Брой етажи на сградата: 9 Последен етаж Отопление: Електричество Обзавеждане: Обзаведен Преход: Без преход Особености: асансьор,https://www.olx.bg/d/ad/tristaen-apartament-vav-vladislavovo-CID368-ID9Z8L6.html?search_reason=search%7Corganic,https://frankfurt.apollo.olxcdn.com:443/v1/files/jdjvksoiggia1-BG/image;s=216x152;q=50,06 май 2026 г.,NO
апартамент,"гр. Варна, м",80,500,6.25,,"Тристаен апартамент под наем 977.92 лв. / 500 € | Навигиране до основното съдържание Навигиране до долен колонтитул Чат Нотификации Нотификации Твоят профил Добави обява Търсене Назад Заглавна страницаНедвижими имотиНаемиАпартаментиАпартаменти - Област ВарнаАпартаменти - ВарнаАпартаменти - м-т Сотира ПРОМОТИРАЙ ОБНОВИ Частна Цена на кв.м: 6.25 Тип апартамент: 3 - стаен Квадратура: 80 кв.м Година на строителство: 2000 г. Строителство: Панел Етаж: 3-ти Брой етажи на сградата: 5 Последен етаж Отопление: Електричество Обзавеждане: Полуобзаведен Преход: Без преход Особености: асансьор, паркинг, сан",https://www.olx.bg/d/ad/tristaen-apartament-pod-naem-CID368-ID9Z1Sv.html?search_reason=search%7Corganic,https://frankfurt.apollo.olxcdn.com:443/v1/files/avbkshluvm4u3-BG/image;s=216x152;q=50,06 май 2026 г.,NO
апартамент,"гр. Варна, Цветен квартал",84,550,6.55,,"2-стаен апартамент под наем-Цветен квартал,84кв.м. 1075.71 лв. / 550 € | Навигиране до основното съдържание Навигиране до долен колонтитул Чат Нотификации Нотификации Твоят профил Добави обява Търсене Назад Заглавна страницаНедвижими имотиНаемиАпартаментиАпартаменти - Област ВарнаАпартаменти - ВарнаАпартаменти - Цветен квартал ПРОМОТИРАЙ ОБНОВИ Частна Цена на кв.м: 6.55 Тип апартамент: 2 - стаен Квадратура: 84 кв.м Година на строителство: 2011 г. Строителство: Тухла Етаж: 3-ти Брой етажи на сградата: 5 Последен етаж Отопление: Електричество Обзавеждане: Обзаведен Преход: Без преход Особености:",https://www.olx.bg/d/ad/2-staen-apartament-pod-naem-tsveten-kvartal-84kv-m-CID368-IDa0yuK.html?search_reason=search%7Corganic,https://frankfurt.apollo.olxcdn.com:443/v1/files/vkhjgxa8htgc1-BG/image;s=216x152;q=50,06 май 2026 г.,NO
парцел,"гр. Варна, Аспарухово",1421,70000,49.26,,"Продавам парцел в с.Звездица 136908.10 лв. / 70000 € | Навигиране до основното съдържание Навигиране до долен колонтитул Чат Нотификации Нотификации Твоят профил Добави обява Търсене Назад Заглавна страницаНедвижими имотиПродажбиПарцелиПарцели - Област ВарнаПарцели - ВарнаПарцели - Аспарухово ПРОМОТИРАЙ ОБНОВИ Частна Цена на кв.м: 49.26 Квадратура: 1421 кв.м Регулация: Извън регулация Вода: Без вода Ток: Без ток ОПИСАНИЕ Близо до асфалт,ток и вода,целогодишно живеещи съседи.Хубав парцел на хубаво място.От собственик с готови документи,с.Звездица -м.Под село. ID: 146325068 Докладвай Влез в своя",https://www.olx.bg/d/ad/prodavam-partsel-v-s-zvezditsa-CID368-ID9TXPK.html?search_reason=search%7Corganic,https://frankfurt.apollo.olxcdn.com:443/v1/files/13qvjnsm24a13-BG/image;s=216x152;q=50,Обновено на 06 май 2026 г.,NO
апартамент,"гр. Варна, Бриз",105,255000,2428.57,,Апартамент в бриз с панорамна гледка на море 498736.65 лв. / 255000 € | Навигиране до основното съдържание Навигиране до долен колонтитул Чат Нотификации Нотификации Твоят профил Добави обява Търсене Назад Заглавна страницаНедвижими имотиПродажбиАпартаментиАпартаменти - Област ВарнаАпартаменти - ВарнаАпартаменти - Бриз ПРОМОТИРАЙ ОБНОВИ Частна Цена на кв.м: 2428.57 Тип апартамент: 3 - стаен Квадратура: 105 кв.м Година на строителство: 2006 г. Строителство: Тухла Етаж: 6-ти Брой етажи на сградата: 6 Последен етаж Отопление: Електричество Обзавеждане: Обзаведен Състояние на сградата: Завършена П,https://www.olx.bg/d/ad/apartament-v-briz-s-panoramna-gledka-na-more-CID368-IDa0xAt.html?search_reason=search%7Corganic,https://frankfurt.apollo.olxcdn.com:443/v1/files/tz9gurcddooh2-BG/image;s=216x152;q=50,06 май 2026 г.,NO
друго,"гр. Варна, Колхозен пазар",30,650,21.67,,Отдава се Под наем 1271.29 лв. / 650 € | Навигиране до основното съдържание Навигиране до долен колонтитул Чат Нотификации Нотификации Твоят профил Добави обява Търсене Назад Заглавна страницаНедвижими имотиНаемиЗаведенияЗаведения - Област ВарнаЗаведения - ВарнаЗаведения - Колхозен пазар ПРОМОТИРАЙ ОБНОВИ Частна Цена на кв.м: 21.67 Квадратура: 30 кв.м Година на строителство: 2026 г. Строителство: Тухла Отопление: Електричество Особености: действащ бизнес ОПИСАНИЕ Обектът се намира до училище Елин Пелин ул.Тодор Влайков. Месечен нарм 650€ За повече информация моля позвънете на посочения номер.,https://www.olx.bg/d/ad/otdava-se-pod-naem-CID368-IDa0x2s.html?search_reason=search%7Corganic,https://frankfurt.apollo.olxcdn.com:443/v1/files/se28i9nl5pj83-BG/image;s=216x152;q=50,06 май 2026 г.,NO
апартамент,"гр. Варна, Бриз",79,850,10.76,,"давам под наем двустаен обзаведен апартамент с паркоместо,може и краткосрочно 1662.46 лв. / 850 € | Навигиране до основното съдържание Навигиране до долен колонтитул Чат Нотификации Нотификации Твоят профил Добави обява Търсене Назад Заглавна страницаНедвижими имотиНаемиАпартаментиАпартаменти - Област ВарнаАпартаменти - ВарнаАпартаменти - Бриз ПРОМОТИРАЙ ОБНОВИ Частна Цена на кв.м: 10.76 Тип апартамент: 2 - стаен Квадратура: 79 кв.м Година на строителство: 2015 г. Строителство: Тухла Етаж: 2-ри Брой етажи на сградата: 5 Последен етаж Отопление: Електричество Обзавеждане: Обзаведен Преход: Без",https://www.olx.bg/d/ad/davam-pod-naem-dvustaen-obzaveden-apartament-s-parkomesto-mozhe-i-kratkosrochno-CID368-ID9ZeWM.html?search_reason=search%7Corganic,https://frankfurt.apollo.olxcdn.com:443/v1/files/wezadsb64xd6-BG/image;s=216x152;q=50,05 май 2026 г.,NO
парцел,"гр. Варна, Летище",3513,25000,7.12,,"Продавам имот до летище варна 48895.75 лв. / 25000 € По договаряне | Навигиране до основното съдържание Навигиране до долен колонтитул Чат Нотификации Нотификации Твоят профил Добави обява Търсене Назад Заглавна страницаНедвижими имотиПродажбиПарцелиПарцели - Област ВарнаПарцели - ВарнаПарцели - Летище ПРОМОТИРАЙ ОБНОВИ Частна Цена на кв.м: 7.12 Квадратура: 3513 кв.м Регулация: Извън регулация Вода: С вода Ток: Без ток Особености: бартер, канализация, обезщетение, пром.строителство, виза ОПИСАНИЕ Продавам имот в землището на Игнатиево. Граничещ с летището, комуникации, достъпа е по асфалтов пъ",https://www.olx.bg/d/ad/prodavam-imot-do-letische-varna-CID368-ID9okHE.html?search_reason=search%7Corganic,https://frankfurt.apollo.olxcdn.com:443/v1/files/n5ydmcxmg1eu2-BG/image;s=216x152;q=50,05 май 2026 г.,NO
апартамент,"гр. Варна, Левски",30,1,0.03,,"Боксониера под наем 1 лв. / 0.51 € | Навигиране до основното съдържание Навигиране до долен колонтитул Чат Нотификации Нотификации Твоят профил Добави обява Търсене Назад Заглавна страницаНедвижими имотиНаемиАпартаментиАпартаменти - Област ВарнаАпартаменти - ВарнаАпартаменти - Левски ПРОМОТИРАЙ ОБНОВИ Частна Цена на кв.м: 0.03 Тип апартамент: 1 - стаен Квадратура: 30 кв.м Година на строителство: 1980 г. Строителство: Панел Етаж: 2-ри Брой етажи на сградата: 5 Последен етаж Отопление: Електричество Обзавеждане: Полуобзаведен Преход: Без преход Особености: хладилник, пералня ОПИСАНИЕ Давам под н",https://www.olx.bg/d/ad/boksoniera-pod-naem-CID368-ID9R6fz.html?search_reason=search%7Corganic,/app/static/media/no_thumbnail.15f456ec5.svg,05 май 2026 г.,NO
офис,"гр. Варна, Бриз",25,290,11.6,,"Офис под наем, Севастопол 567.19 лв. / 290 € | Навигиране до основното съдържание Навигиране до долен колонтитул Чат Нотификации Нотификации Твоят профил Добави обява Търсене Назад Заглавна страницаНедвижими имотиНаемиОфисиОфиси - Област ВарнаОфиси - ВарнаОфиси - Бриз ПРОМОТИРАЙ ОБНОВИ Частна Цена на кв.м: 11.60 Квадратура: 25 кв.м Година на строителство: 2000 г. Строителство: Тухла Етаж: Партер Брой етажи на сградата: 7 Последен етаж Отопление: Електричество Особености: СОТ ОПИСАНИЕ Собственик отдава под наем помещение 25кв.м. в търговски комплекс Атриум на ул. ""Братя Миладинови "" 24. Офисът",https://www.olx.bg/d/ad/ofis-pod-naem-sevastopol-CID368-ID9jgbi.html?search_reason=search%7Corganic,https://frankfurt.apollo.olxcdn.com:443/v1/files/s76z9a3d2uj63-BG/image;s=216x152;q=50,Обновено на 05 май 2026 г.,NO
друго,"гр. Варна, Младост 1",250,25000,100.0,,"Ново белгийско метално хале Фризомат 48895.75 лв. / 25000 € | Навигиране до основното съдържание Навигиране до долен колонтитул Чат Нотификации Нотификации Твоят профил Добави обява Търсене Назад Заглавна страницаНедвижими имотиПродажбиПромишлени сградиПромишлени сгради - Област ВарнаПромишлени сгради - ВарнаПромишлени сгради - Младост 1 ПРОМОТИРАЙ ОБНОВИ Частна Цена на кв.м: 100 Квадратура: 250 кв.м Година на строителство: 2018 г. Строителство: Друго Брой етажи на сградата: 3 Отопление: Без отопление ОПИСАНИЕ Ново белгийско метално хале Фризомат,заедно с всички необходими елементи включително",https://www.olx.bg/d/ad/novo-belgiysko-metalno-hale-frizomat-CID368-ID9wbC9.html?search_reason=search%7Corganic,https://frankfurt.apollo.olxcdn.com:443/v1/files/vc3kqiwtkp0q2-BG/image;s=216x152;q=50,05 май 2026 г.,NO
друго,"гр. Варна, Генералите",,230,,,"Стая и голяма тераса до Медицински Институт - 230 € 449.84 лв. / 230 € | Навигиране до основното съдържание Навигиране до долен колонтитул Чат Нотификации Нотификации Твоят профил Добави обява Търсене Назад Заглавна страницаНедвижими имотиСъквартирантиСъквартиранти - Област ВарнаСъквартиранти - ВарнаСъквартиранти - Генералите ПРОМОТИРАЙ ОБНОВИ Частна ОПИСАНИЕ Давам под наем до Медицински институт самостоятелна обзаведена стая и тераса, без хазяи със съквартиранти, наем 230 € плюс депозит 230 € Към стаята има отделен електромер, телевизия и високоскоростен интернет. При настаняване за период от",https://www.olx.bg/d/ad/staya-i-golyama-terasa-do-meditsinski-institut-230-CID368-ID8vmIJ.html?search_reason=search%7Corganic,/app/static/media/no_thumbnail.15f456ec5.svg,05 май 2026 г.,NO
апартамент,"гр. Варна, Базар Левски",79,590,7.47,,"3-стаен под наем 1153.94 лв. / 590 € | Навигиране до основното съдържание Навигиране до долен колонтитул Чат Нотификации Нотификации Твоят профил Добави обява Търсене Назад Заглавна страницаНедвижими имотиНаемиАпартаментиАпартаменти - Област ВарнаАпартаменти - ВарнаАпартаменти - Базар Левски ПРОМОТИРАЙ ОБНОВИ Частна Цена на кв.м: 7.47 Тип апартамент: 3 - стаен Квадратура: 79 кв.м Година на строителство: 2008 г. Строителство: Тухла Етаж: 6-ти Брой етажи на сградата: 8 Последен етаж Отопление: Електричество Обзавеждане: Обзаведен Преход: С преход Особености: асансьор, готварска печка, хладилник,",https://www.olx.bg/d/ad/3-staen-pod-naem-CID368-IDa0x3W.html?search_reason=search%7Corganic,,05 май 2026 г.,NO
къща,"гр. Варна, м",40,115000,2875.0,,"Продавам къща в квартал Аспарухово 224920.45 лв. / 115000 € По договаряне | Навигиране до основното съдържание Навигиране до долен колонтитул Чат Нотификации Нотификации Твоят профил Добави обява Търсене Назад Заглавна страницаНедвижими имотиПродажбиКъщи, вилиКъщи, вили - Област ВарнаКъщи, вили - ВарнаКъщи, вили - м-т Боровец - север ПРОМОТИРАЙ ОБНОВИ Частна Цена на кв.м: 2875 Брой етажи на сградата: 3 Квадратура: 40 кв.м Квадратура на двора: 737 кв.м Година на строителство: 2008 г. Строителство: Тухла Отопление: Електричество Състояние на сградата: Завършена ОПИСАНИЕ Продавам поземлен имот в",https://www.olx.bg/d/ad/prodavam-kascha-v-kvartal-asparuhovo-CID368-IDa0uVx.html?search_reason=search%7Corganic,/app/static/media/no_thumbnail.15f456ec5.svg,05 май 2026 г.,NO
апартамент,"гр. Варна, Цветен квартал",63,600,9.52,,"Апартамент под наем Варна 1173.50 лв. / 600 € | Навигиране до основното съдържание Навигиране до долен колонтитул Чат Нотификации Нотификации Твоят профил Добави обява Търсене Назад Заглавна страницаНедвижими имотиНаемиАпартаментиАпартаменти - Област ВарнаАпартаменти - ВарнаАпартаменти - Цветен квартал ПРОМОТИРАЙ ОБНОВИ Частна Цена на кв.м: 9.52 Тип апартамент: 3 - стаен Квадратура: 63 кв.м Година на строителство: 1986 г. Строителство: Панел Етаж: 7-ми Брой етажи на сградата: 8 Отопление: Електричество Обзавеждане: Обзаведен Преход: Без преход Особености: асансьор, паркинг, хладилник, пералня,",https://www.olx.bg/d/ad/apartament-pod-naem-varna-CID368-IDa0vWD.html?search_reason=search%7Corganic,https://frankfurt.apollo.olxcdn.com:443/v1/files/um8qj2hsmnqw-BG/image;s=216x152;q=50,05 май 2026 г.,NO
къща,"гр. Варна, Автогара",400,312000,780.0,,"Продавам триетажна къща,широк център 610218.96 лв. / 312000 € | Навигиране до основното съдържание Навигиране до долен колонтитул Чат Нотификации Нотификации Твоят профил Добави обява Търсене Назад Заглавна страницаНедвижими имотиПродажбиКъщи, вилиКъщи, вили - Област ВарнаКъщи, вили - ВарнаКъщи, вили - Автогара ПРОМОТИРАЙ ОБНОВИ Частна Цена на кв.м: 780 Брой етажи на сградата: 4 Квадратура: 400 кв.м Квадратура на двора: 100 кв.м Година на строителство: 1990 г. Строителство: Тухла Отопление: Електричество Състояние на сградата: Завършена Особености: гараж, канализация, санирана, видеонаблюдение",https://www.olx.bg/d/ad/prodavam-trietazhna-kascha-shirok-tsentar-CID368-ID9NxdA.html?search_reason=search%7Corganic,https://frankfurt.apollo.olxcdn.com:443/v1/files/spc8x8a5l97n1-BG/image;s=216x152;q=50,05 май 2026 г.,NO
гараж,"гр. Варна, Владислав Варненчик",12,51,4.25,,"Под наем паркомясто Варна кв. Владиславово 100 лв. / 51.13 € | Навигиране до основното съдържание Навигиране до долен колонтитул Чат Нотификации Нотификации Твоят профил Добави обява Търсене Назад Заглавна страницаНедвижими имотиНаемиГаражи, паркоместаГаражи, паркоместа - Област ВарнаГаражи, паркоместа - ВарнаГаражи, паркоместа - Владислав Варненчик ПРОМОТИРАЙ ОБНОВИ Частна Цена на кв.м: 8.33 Квадратура: 12 кв.м Вода: Без вода Ток: Без ток ОПИСАНИЕ Паркомясто в кв. Владислав Варненчик до Кметството. Паркоместо е осветено позиционирано в двора на нов ограден комплекс с бариера,на ул.Янко Мустак",https://www.olx.bg/d/ad/pod-naem-parkomyasto-varna-kv-vladislavovo-CID368-ID9Prq4.html?search_reason=search%7Corganic,https://frankfurt.apollo.olxcdn.com:443/v1/files/olglbnc3rhl61-BG/image;s=216x152;q=50,05 май 2026 г.,NO
гараж,"гр. Варна, Център",19,36500,1921.05,,"Продавам Гараж в гр. Варна жк Възраждане 4 71387.80 лв. / 36500 € | Навигиране до основното съдържание Навигиране до долен колонтитул Чат Нотификации Нотификации Твоят профил Добави обява Търсене Назад Заглавна страницаНедвижими имотиПродажбиГаражи, паркоместаГаражи, паркоместа - Област ВарнаГаражи, паркоместа - ВарнаГаражи, паркоместа - Център ПРОМОТИРАЙ ОБНОВИ Частна Цена на кв.м: 1921.05 Квадратура: 19 кв.м Вода: С вода Ток: С ток ОПИСАНИЕ Продавам гараж в жк Възраждане 4. Гаража е панелно строителство с ток,вода и мръсен канал. Квадратурата е 19 квадрата. Помещението разполага и с канал за",https://www.olx.bg/d/ad/prodavam-garazh-v-gr-varna-zhk-vazrazhdane-4-CID368-IDa0vh3.html?search_reason=search%7Corganic,/app/static/media/no_thumbnail.15f456ec5.svg,05 май 2026 г.,NO
къща,"гр. Варна, Център",254,240000,944.88,,"Вилна сграда и магазин за строителни материали 469399.20 лв. / 240000 € | Навигиране до основното съдържание Навигиране до долен колонтитул Чат Нотификации Нотификации Твоят профил Добави обява Търсене Назад Заглавна страницаНедвижими имотиПродажбиКъщи, вилиКъщи, вили - Област ВарнаКъщи, вили - ВарнаКъщи, вили - Център ПРОМОТИРАЙ ОБНОВИ Частна Цена на кв.м: 944.88 Брой етажи на сградата: 3 Квадратура: 254 кв.м Квадратура на двора: 333 кв.м Година на строителство: 2000 г. Строителство: Тухла Отопление: Локално Състояние на сградата: Завършена ОПИСАНИЕ Продава се вила с нескриваема морска панора",https://www.olx.bg/d/ad/vilna-sgrada-i-magazin-za-stroitelni-materiali-CID368-ID9GEVk.html?search_reason=search%7Corganic,https://frankfurt.apollo.olxcdn.com:443/v1/files/plk6uwe73oou2-BG/image;s=216x152;q=50,05 май 2026 г.,NO
гараж,"гр. Варна, ХЕИ",400,40,0.1,,"Парко място под наем Варна, Левски 78.23 лв. / 40 € | Навигиране до основното съдържание Навигиране до долен колонтитул Чат Нотификации Нотификации Твоят профил Добави обява Търсене Назад Заглавна страницаНедвижими имотиНаемиГаражи, паркоместаГаражи, паркоместа - Област ВарнаГаражи, паркоместа - ВарнаГаражи, паркоместа - ХЕИ ПРОМОТИРАЙ ОБНОВИ Частна Цена на кв.м: 0.10 Квадратура: 400 кв.м Вода: Без вода Ток: Без ток ОПИСАНИЕ Парко места под наем в гр. Варна кв. Левско до билата на ул. Подвис ID: 147329820 Докладвай Влез в своя OLX акаунт или създай нов, за да се свържеш с този продавач Влез ил",https://www.olx.bg/d/ad/parko-myasto-pod-naem-varna-levski-CID368-ID9Ybdq.html?search_reason=search%7Corganic,https://frankfurt.apollo.olxcdn.com:443/v1/files/36v84negpzpe-BG/image;s=216x152;q=50,05 май 2026 г.,NO
апартамент,"гр. Варна, Кайсиева градина",78,420,5.38,,"Апартамент под наем 821.45 лв. / 420 € | Навигиране до основното съдържание Навигиране до долен колонтитул Чат Нотификации Нотификации Твоят профил Добави обява Търсене Назад Заглавна страницаНедвижими имотиНаемиАпартаментиАпартаменти - Област ВарнаАпартаменти - ВарнаАпартаменти - Кайсиева градина ПРОМОТИРАЙ ОБНОВИ Частна Цена на кв.м: 5.38 Тип апартамент: 3 - стаен Квадратура: 78 кв.м Година на строителство: 1985 г. Строителство: Панел Етаж: 5-ти Брой етажи на сградата: 8 Последен етаж Отопление: Без отопление Обзавеждане: Полуобзаведен Преход: Без преход Особености: готварска печка, хладилни",https://www.olx.bg/d/ad/apartament-pod-naem-CID368-IDa0vb7.html?search_reason=search%7Corganic,https://frankfurt.apollo.olxcdn.com:443/v1/files/o4duo8k3z58h2-BG/image;s=216x152;q=50,05 май 2026 г.,NO
земеделска,"гр. Варна, Център",70,385,5.5,,"Помещение под наем -70 кв.метра 752.99 лв. / 385 € | Навигиране до основното съдържание Навигиране до долен колонтитул Чат Нотификации Нотификации Твоят профил Добави обява Търсене Назад Заглавна страницаНедвижими имотиНаемиЗаведенияЗаведения - Област ВарнаЗаведения - ВарнаЗаведения - Център ПРОМОТИРАЙ ОБНОВИ Частна Цена на кв.м: 5.50 Квадратура: 70 кв.м Година на строителство: 1978 г. Строителство: Друго Отопление: Електричество ОПИСАНИЕ Помещение -70 кв.метра За кафене,сладкарница,пицария,храна за разнос ,занималня,аптека,магазин ID: 147886723 Докладвай Влез в своя OLX акаунт или създай нов,",https://www.olx.bg/d/ad/pomeschenie-pod-naem-70-kv-metra-CID368-IDa0v5J.html?search_reason=search%7Corganic,https://frankfurt.apollo.olxcdn.com:443/v1/files/wuu5l3byhcx32-BG/image;s=216x152;q=50,05 май 2026 г.,NO
апартамент,"гр. Варна, Цветен квартал",94,194900,2073.4,,Тристаен апартамент Варна Цеетен квартал 381191.27 лв. / 194900 € | Навигиране до основното съдържание Навигиране до долен колонтитул Чат Нотификации Нотификации Твоят профил Добави обява Търсене Назад Заглавна страницаНедвижими имотиПродажбиАпартаментиАпартаменти - Област ВарнаАпартаменти - ВарнаАпартаменти - Цветен квартал ПРОМОТИРАЙ ОБНОВИ Частна Цена на кв.м: 2073.40 Тип апартамент: 3 - стаен Квадратура: 94 кв.м Година на строителство: 1980 г. Строителство: Тухла Етаж: 5-ти Брой етажи на сградата: 5 Последен етаж Отопление: Електричество Обзавеждане: Обзаведен Състояние на сградата: Завърш,https://www.olx.bg/d/ad/tristaen-apartament-varna-tseeten-kvartal-CID368-IDa0v6Y.html?search_reason=search%7Corganic,https://frankfurt.apollo.olxcdn.com:443/v1/files/saqhywtnhbgu1-BG/image;s=216x152;q=50,05 май 2026 г.,NO
апартамент,"гр. Варна, Левски",60,650,10.83,,"Давам апартамент с парко място под наем 1271.29 лв. / 650 € | Навигиране до основното съдържание Навигиране до долен колонтитул Чат Нотификации Нотификации Твоят профил Добави обява Търсене Назад Заглавна страницаНедвижими имотиНаемиАпартаментиАпартаменти - Област ВарнаАпартаменти - ВарнаАпартаменти - Левски ПРОМОТИРАЙ ОБНОВИ Частна Цена на кв.м: 10.83 Тип апартамент: 2 - стаен Квадратура: 60 кв.м Година на строителство: 2021 г. Строителство: Тухла Етаж: 2-ри Брой етажи на сградата: 5 Последен етаж Отопление: Електричество Обзавеждане: Обзаведен Преход: Без преход Особености: асансьор, готварс",https://www.olx.bg/d/ad/davam-apartament-s-parko-myasto-pod-naem-CID368-IDa0v5L.html?search_reason=search%7Corganic,/app/static/media/no_thumbnail.15f456ec5.svg,05 май 2026 г.,NO
апартамент,"гр. Варна, Аспарухово",100,725,7.25,,"Голям луксозен тристаен апартамент 1417.98 лв. / 725 € | Навигиране до основното съдържание Навигиране до долен колонтитул Чат Нотификации Нотификации Твоят профил Добави обява Търсене Назад Заглавна страницаНедвижими имотиНаемиАпартаментиАпартаменти - Област ВарнаАпартаменти - ВарнаАпартаменти - Аспарухово ПРОМОТИРАЙ ОБНОВИ Частна Цена на кв.м: 7.25 Тип апартамент: 3 - стаен Квадратура: 100 кв.м Година на строителство: 1990 г. Строителство: Панел Етаж: 5-ти Брой етажи на сградата: 8 Последен етаж Отопление: Електричество Обзавеждане: Обзаведен Преход: Без преход Особености: асансьор, готварск",https://www.olx.bg/d/ad/golyam-luksozen-tristaen-apartament-CID368-ID9XCiH.html?search_reason=search%7Corganic,/app/static/media/no_thumbnail.15f456ec5.svg,05 май 2026 г.,NO
парцел,"гр. Варна, Възраждане 1",1300,25000,19.23,,"продавам парцел м-ст Планова Варна 48895.75 лв. / 25000 € По договаряне | Навигиране до основното съдържание Навигиране до долен колонтитул Чат Нотификации Нотификации Твоят профил Добави обява Търсене Назад Заглавна страницаНедвижими имотиПродажбиПарцелиПарцели - Област ВарнаПарцели - ВарнаПарцели - Възраждане 1 ПРОМОТИРАЙ ОБНОВИ Частна Цена на кв.м: 19.23 Квадратура: 1300 кв.м Регулация: В регулация Вода: Без вода Ток: С ток ОПИСАНИЕ Продавам супер панорамен парцел в м- ст Планова, Варна, над КООП търговия с площ 1300 кв.м. Парцелът е ъглов , на два пътя и възможност за разделяне на два имот",https://www.olx.bg/d/ad/prodavam-partsel-m-st-planova-varna-CID368-IDa0wSq.html?search_reason=search%7Corganic,,05 май 2026 г.,NO
парцел,"гр. Варна, Погреби",1964,50000,25.46,,"Продавам парцел на брега на яз.Цонево 97791.50 лв. / 50000 € По договаряне | Навигиране до основното съдържание Навигиране до долен колонтитул Чат Нотификации Нотификации Твоят профил Добави обява Търсене Назад Заглавна страницаНедвижими имотиПродажбиПарцелиПарцели - Област ВарнаПарцели - ВарнаПарцели - Погреби ПРОМОТИРАЙ ОБНОВИ Частна Цена на кв.м: 25.46 Квадратура: 1964 кв.м Регулация: Извън регулация Вода: Без вода Ток: Без ток ОПИСАНИЕ Продавам парцел около два декара на брега на язовир Цонево. Парцела е на първа линия на брега на язовира,ограден с ограда и портал... ID: 145130166 Докладва",https://www.olx.bg/d/ad/prodavam-partsel-na-brega-na-yaz-tsonevo-CID368-ID9OVZ8.html?search_reason=search%7Corganic,/app/static/media/no_thumbnail.15f456ec5.svg,05 май 2026 г.,NO
парцел,"гр. Варна, Автогара",,1017,,,"Продавам земеделска земя нива област Варна 100 лв рента 1990 лв. / 1017.47 € | Навигиране до основното съдържание Навигиране до долен колонтитул Чат Нотификации Нотификации Твоят профил Добави обява Търсене Назад Заглавна страницаНедвижими имотиПродажбиЗемеделски имотиЗемеделски имоти - Област ВарнаЗемеделски имоти - ВарнаЗемеделски имоти - Автогара ПРОМОТИРАЙ ОБНОВИ Частна Цена на декар: 1990 Площ в декари: 1 дка Тип: Нива Категория земя: 3 Аренден договор: С аренден договор ОПИСАНИЕ Продавам земеделска земя / нива в област Варна , 1 декар, но предлагам и по-големи площи. Цена 1990 лв/дка. 10",https://www.olx.bg/d/ad/prodavam-zemedelska-zemya-niva-oblast-varna-100-lv-renta-CID368-IDa0i6A.html?search_reason=search%7Corganic,/app/static/media/no_thumbnail.15f456ec5.svg,05 май 2026 г.,NO
парцел,"гр. Варна, Летище",2035,20000,9.83,,"Имот в с. Стефан Караджа, Варна 39116.60 лв. / 20000 € | Навигиране до основното съдържание Навигиране до долен колонтитул Чат Нотификации Нотификации Твоят профил Добави обява Търсене Назад Заглавна страницаНедвижими имотиПродажбиПарцелиПарцели - Област ВарнаПарцели - ВарнаПарцели - Летище ПРОМОТИРАЙ ОБНОВИ Частна Цена на кв.м: 9.83 Квадратура: 2035 кв.м Регулация: В регулация Вода: С вода Ток: С ток ОПИСАНИЕ Дворно място от 2035кв.м. в застроената част на с. Стефан Караджа, на 70км. от гр. Варна, на 40км. от гр. Шумен и на 50 км. от гр. Добрич.Парцела е равен, без денивелация, с отлична лока",https://www.olx.bg/d/ad/imot-v-s-stefan-karadzha-varna-CID368-ID9G8gI.html?search_reason=search%7Corganic,/app/static/media/no_thumbnail.15f456ec5.svg,05 май 2026 г.,NO
парцел,"гр. Варна, Възраждане 1",1331,150000,112.7,,"Парцел в к.к. Кранево 293374.50 лв. / 150000 € | Навигиране до основното съдържание Навигиране до долен колонтитул Чат Нотификации Нотификации Твоят профил Добави обява Търсене Назад Заглавна страницаНедвижими имотиПродажбиПарцелиПарцели - Област ВарнаПарцели - ВарнаПарцели - Възраждане 1 ПРОМОТИРАЙ ОБНОВИ Частна Цена на кв.м: 112.70 Квадратура: 1331 кв.м Регулация: В регулация Вода: С вода Ток: С ток Особености: канализация, пром.строителство, жил.строителство ОПИСАНИЕ Имота се намира в центъра на курортното селище с квадратура 1331 кв. м. с лице към главна улица,в парцела има една сграда , с",https://www.olx.bg/d/ad/partsel-v-k-k-kranevo-CID368-ID9Np05.html?search_reason=search%7Corganic,/app/static/media/no_thumbnail.15f456ec5.svg,05 май 2026 г.,NO
къща,"гр. Варна, Христо Ботев",134,50000,373.13,,"Къща с двор за ремонт с. Аврен 97791.50 лв. / 50000 € | Навигиране до основното съдържание Навигиране до долен колонтитул Чат Нотификации Нотификации Твоят профил Добави обява Търсене Назад Заглавна страницаНедвижими имотиПродажбиКъщи, вилиКъщи, вили - Област ВарнаКъщи, вили - ВарнаКъщи, вили - Христо Ботев ПРОМОТИРАЙ ОБНОВИ Частна Цена на кв.м: 373.13 Брой етажи на сградата: 2 Квадратура: 134 кв.м Квадратура на двора: 2300 кв.м Година на строителство: 1980 г. Строителство: Тухла Отопление: Печка, камина Състояние на сградата: В строеж ОПИСАНИЕ Къщата е подготвена за ремонт . По нотариален акт",https://www.olx.bg/d/ad/kascha-s-dvor-za-remont-s-avren-CID368-ID9Ur2Y.html?search_reason=search%7Corganic,/app/static/media/no_thumbnail.15f456ec5.svg,05 май 2026 г.,NO
парцел,"гр. Варна, Левски",852,34000,39.91,,"Парцел с.Болярци 66498.22 лв. / 34000 € | Навигиране до основното съдържание Навигиране до долен колонтитул Чат Нотификации Нотификации Твоят профил Добави обява Търсене Назад Заглавна страницаНедвижими имотиПродажбиПарцелиПарцели - Област ВарнаПарцели - ВарнаПарцели - Левски ПРОМОТИРАЙ ОБНОВИ Частна Цена на кв.м: 39.91 Квадратура: 852 кв.м Регулация: В регулация Вода: С вода Ток: С ток ОПИСАНИЕ Място 852кв.м. Ток и вода с партиди. Двама собственици. Или 1/2идеална част. ID: 147882904 Докладвай Влез в своя OLX акаунт или създай нов, за да се свържеш с този продавач Влез или се регистрирай КОНТ",https://www.olx.bg/d/ad/partsel-s-bolyartsi-CID368-IDa0w68.html?search_reason=search%7Corganic,/app/static/media/no_thumbnail.15f456ec5.svg,05 май 2026 г.,NO
къща,"гр. Варна, Чаталджа",71,45000,633.8,,"Къща с двор в с.Солник Варненско 88012.35 лв. / 45000 € | Навигиране до основното съдържание Навигиране до долен колонтитул Чат Нотификации Нотификации Твоят профил Добави обява Търсене Назад Заглавна страницаНедвижими имотиПродажбиКъщи, вилиКъщи, вили - Област ВарнаКъщи, вили - ВарнаКъщи, вили - Чаталджа ПРОМОТИРАЙ ОБНОВИ Частна Цена на кв.м: 633.80 Брой етажи на сградата: 1 Квадратура: 71 кв.м Квадратура на двора: 1955 кв.м Година на строителство: 1930 г. Строителство: Гредоред Отопление: Печка, камина Състояние на сградата: Завършена Особености: паркинг ОПИСАНИЕ Имот в центъра на с.Солник н",https://www.olx.bg/d/ad/kascha-s-dvor-v-s-solnik-varnensko-CID368-IDa0w4n.html?search_reason=search%7Corganic,/app/static/media/no_thumbnail.15f456ec5.svg,05 май 2026 г.,NO
земеделска,"гр. Варна, Кайсиева градина",15,50,3.33,,"Паркомясто в Кайсиева градина бл. 250 97.79 лв. / 50 € | Навигиране до основното съдържание Навигиране до долен колонтитул Чат Нотификации Нотификации Твоят профил Добави обява Търсене Назад Заглавна страницаНедвижими имотиНаемиГаражи, паркоместаГаражи, паркоместа - Област ВарнаГаражи, паркоместа - ВарнаГаражи, паркоместа - Кайсиева градина ПРОМОТИРАЙ ОБНОВИ Частна Цена на кв.м: 3.33 Квадратура: 15 кв.м Вода: Без вода Ток: Без ток ОПИСАНИЕ Отдавам паркомясто в Кайсиева градина блок 250. Място 28. 50 евро месечно. ID: 147880861 Преглеждания: 11 Докладвай Влез в своя OLX акаунт или създай нов, з",https://www.olx.bg/d/ad/parkomyasto-v-kaysieva-gradina-bl-250-CID368-IDa0uzb.html?search_reason=search%7Corganic,,04 май 2026 г.,NO
апартамент,"гр. Варна, Владислав Варненчик",73,130000,1780.82,,Продавам 3-стаен апартамент в гр. Варна 254257.90 лв. / 130000 € | Навигиране до основното съдържание Навигиране до долен колонтитул Чат Нотификации Нотификации Твоят профил Добави обява Търсене Назад Заглавна страницаНедвижими имотиПродажбиАпартаментиАпартаменти - Област ВарнаАпартаменти - ВарнаАпартаменти - Владислав Варненчик ПРОМОТИРАЙ ОБНОВИ Частна Цена на кв.м: 1780.82 Тип апартамент: 3 - стаен Квадратура: 73 кв.м Година на строителство: 2010 г. Строителство: Тухла Етаж: 4-ти Брой етажи на сградата: 4 Последен етаж Отопление: Електричество Обзавеждане: Обзаведен Състояние на сградата: За,https://www.olx.bg/d/ad/prodavam-3-staen-apartament-v-gr-varna-CID368-IDa0uqk.html?search_reason=search%7Corganic,/app/static/media/no_thumbnail.15f456ec5.svg,04 май 2026 г.,NO
апартамент,"гр. Варна, Базар Левски",60,450,7.5,,"Дава под наем 2-СТАЕН ВАРНА БАЗАР ЛЕВСКИ 880.12 лв. / 450 € | Навигиране до основното съдържание Навигиране до долен колонтитул Чат Нотификации Нотификации Твоят профил Добави обява Търсене Назад Заглавна страницаНедвижими имотиНаемиАпартаментиАпартаменти - Област ВарнаАпартаменти - ВарнаАпартаменти - Базар Левски ПРОМОТИРАЙ ОБНОВИ Частна Цена на кв.м: 7.50 Тип апартамент: 2 - стаен Квадратура: 60 кв.м Година на строителство: 2010 г. Строителство: Тухла Етаж: 5-ти Брой етажи на сградата: 5 Последен етаж Отопление: Електричество Обзавеждане: Обзаведен Преход: Без преход Особености: асансьор, го",https://www.olx.bg/d/ad/dava-pod-naem-2-staen-varna-bazar-levski-CID368-IDa01Xa.html?search_reason=search%7Corganic,/app/static/media/no_thumbnail.15f456ec5.svg,Обновено на 04 май 2026 г.,NO
апартамент,"гр. Варна, Център",70,550,7.86,,Отдавам двустаен апартамент с 2 тераси в затворен комплекс на златни пясъци. 1075.71 лв. / 550 € | Навигиране до основното съдържание Навигиране до долен колонтитул Чат Нотификации Нотификации Твоят профил Добави обява Търсене Назад Заглавна страницаНедвижими имотиНаемиАпартаментиАпартаменти - Област ВарнаАпартаменти - ВарнаАпартаменти - Център ПРОМОТИРАЙ ОБНОВИ Частна Цена на кв.м: 7.86 Тип апартамент: 2 - стаен Квадратура: 70 кв.м Година на строителство: 2007 г. Строителство: Тухла Етаж: 4-ти Брой етажи на сградата: 6 Последен етаж Отопление: Електричество Обзавеждане: Обзаведен Преход: С пр,https://www.olx.bg/d/ad/otdavam-dvustaen-apartament-s-2-terasi-v-zatvoren-kompleks-na-zlatni-pyasatsi-CID368-IDa0umz.html?search_reason=search%7Corganic,/app/static/media/no_thumbnail.15f456ec5.svg,04 май 2026 г.,NO
офис,"гр. Варна, Базар Левски",15,15,1.0,,"Споделен кабинет Левски 29.34 лв. / 15 € По договаряне | Навигиране до основното съдържание Навигиране до долен колонтитул Чат Нотификации Нотификации Твоят профил Добави обява Търсене Назад Заглавна страницаНедвижими имотиНаемиОфисиОфиси - Област ВарнаОфиси - ВарнаОфиси - Базар Левски ПРОМОТИРАЙ ОБНОВИ Частна Цена на кв.м: 1 Квадратура: 15 кв.м Година на строителство: 2000 г. Строителство: Панел Етаж: 1-ви Брой етажи на сградата: 7 Последен етаж Отопление: Електричество ОПИСАНИЕ Споделено помещение подходящо за логопед, учител. Помещението може да се използва понеделник, сряда , петък и събот",https://www.olx.bg/d/ad/spodelen-kabinet-levski-CID368-IDa0tMU.html?search_reason=search%7Corganic,https://frankfurt.apollo.olxcdn.com:443/v1/files/aa3jev59c3ov2-BG/image;s=216x152;q=50,04 май 2026 г.,NO
къща,"гр. Варна, Автогара",71,60000,845.07,,"Къща в сърцето на град Силистра 117349.80 лв. / 60000 € | Навигиране до основното съдържание Навигиране до долен колонтитул Чат Нотификации Нотификации Твоят профил Добави обява Търсене Назад Заглавна страницаНедвижими имотиПродажбиКъщи, вилиКъщи, вили - Област ВарнаКъщи, вили - ВарнаКъщи, вили - Автогара ПРОМОТИРАЙ ОБНОВИ Частна Цена на кв.м: 845.07 Брой етажи на сградата: 1 Квадратура: 71 кв.м Квадратура на двора: 5 кв.м Година на строителство: 1980 г. Строителство: Тухла Отопление: Електричество Състояние на сградата: Завършена Особености: санирана ОПИСАНИЕ КЪЩА С ПОТЕНЦИАЛ В ГР. СИЛИСТРА –",https://www.olx.bg/d/ad/kascha-v-sartseto-na-grad-silistra-CID368-IDa0tSr.html?search_reason=search%7Corganic,https://frankfurt.apollo.olxcdn.com:443/v1/files/zvas3d746irn2-BG/image;s=216x152;q=50,04 май 2026 г.,NO
апартамент,"гр. Варна, Център",80,600,7.5,,"Двустаен обзаведен център 1173.50 лв. / 600 € | Навигиране до основното съдържание Навигиране до долен колонтитул Чат Нотификации Нотификации Твоят профил Добави обява Търсене Назад Заглавна страницаНедвижими имотиНаемиАпартаментиАпартаменти - Област ВарнаАпартаменти - ВарнаАпартаменти - Център ПРОМОТИРАЙ ОБНОВИ Частна Цена на кв.м: 7.50 Тип апартамент: 2 - стаен Квадратура: 80 кв.м Година на строителство: 2010 г. Строителство: Тухла Етаж: 2-ри Брой етажи на сградата: 6 Последен етаж Отопление: Електричество Обзавеждане: Обзаведен Преход: Без преход Особености: асансьор, готварска печка, хлади",https://www.olx.bg/d/ad/dvustaen-obzaveden-tsentar-CID368-ID9KLlv.html?search_reason=search%7Corganic,https://frankfurt.apollo.olxcdn.com:443/v1/files/ju0gko1bat3f-BG/image;s=216x152;q=50,04 май 2026 г.,NO
гараж,"гр. Варна, Младост 1",20,160,8.0,,"Гараж под наем в синя зона 312.93 лв. / 160 € | Навигиране до основното съдържание Навигиране до долен колонтитул Чат Нотификации Нотификации Твоят профил Добави обява Търсене Назад Заглавна страницаНедвижими имотиНаемиГаражи, паркоместаГаражи, паркоместа - Област ВарнаГаражи, паркоместа - ВарнаГаражи, паркоместа - Младост 1 ПРОМОТИРАЙ ОБНОВИ Частна Цена на кв.м: 8 Квадратура: 20 кв.м Вода: С вода Ток: С ток ОПИСАНИЕ Отдавам гараж под наем зад градска болница на ул "" Панайот Волов"". Гаражът е около 20 квадрата,има партиди за ток и вода. За връзка тел : 08******72 ID: 147876543 Докладвай Влез в",https://www.olx.bg/d/ad/garazh-pod-naem-v-sinya-zona-CID368-IDa0trx.html?search_reason=search%7Corganic,https://frankfurt.apollo.olxcdn.com:443/v1/files/tjpscgjscx2h-BG/image;s=216x152;q=50,04 май 2026 г.,NO
апартамент,"гр. Варна, ВИНС",75,560,7.47,,Собственик отдава под наем тристаен апартамент 1095.26 лв. / 560 € | Навигиране до основното съдържание Навигиране до долен колонтитул Чат Нотификации Нотификации Твоят профил Добави обява Търсене Назад Заглавна страницаНедвижими имотиНаемиАпартаментиАпартаменти - Област ВарнаАпартаменти - ВарнаАпартаменти - ВИНС ПРОМОТИРАЙ ОБНОВИ Частна Цена на кв.м: 7.47 Тип апартамент: 3 - стаен Квадратура: 75 кв.м Година на строителство: 1975 г. Строителство: Тухла Етаж: 3-ти Брой етажи на сградата: 5 Последен етаж Отопление: Електричество Обзавеждане: Обзаведен Преход: Без преход Особености: готварска печ,https://www.olx.bg/d/ad/sobstvenik-otdava-pod-naem-tristaen-apartament-CID368-ID9ZBcH.html?search_reason=search%7Corganic,https://frankfurt.apollo.olxcdn.com:443/v1/files/tciyt08ht0d6-BG/image;s=216x152;q=50,04 май 2026 г.,NO
парцел,"гр. Варна, м",1200,80000,66.67,,"Имот в Варна Акчелар панорамен 156466.40 лв. / 80000 € | Навигиране до основното съдържание Навигиране до долен колонтитул Чат Нотификации Нотификации Твоят профил Добави обява Търсене Назад Заглавна страницаНедвижими имотиПродажбиПарцелиПарцели - Област ВарнаПарцели - ВарнаПарцели - м-т Акчелар ПРОМОТИРАЙ ОБНОВИ Частна Цена на кв.м: 66.67 Квадратура: 1200 кв.м Регулация: В регулация Вода: Без вода Ток: Без ток ОПИСАНИЕ Парцела е в регулация с ток на границата,нескриваема панорама към Варненския залив.Изрядни документи с платен данък.Целогодишни живеещи съседи.Имота е 1200кв.м.Отпред има дере",https://www.olx.bg/d/ad/imot-v-varna-akchelar-panoramen-CID368-ID9usZE.html?search_reason=search%7Corganic,https://frankfurt.apollo.olxcdn.com:443/v1/files/2eqqzjck7mz43-BG/image;s=216x152;q=50,04 май 2026 г.,NO
апартамент,"гр. Варна, Автогара",60,550,9.17,,Луксозен апартамент в затворен комплекс с морска гледка! 1075.71 лв. / 550 € | Навигиране до основното съдържание Навигиране до долен колонтитул Чат Нотификации Нотификации Твоят профил Добави обява Търсене Назад Заглавна страницаНедвижими имотиНаемиАпартаментиАпартаменти - Област ВарнаАпартаменти - ВарнаАпартаменти - Автогара ПРОМОТИРАЙ ОБНОВИ Частна Цена на кв.м: 9.17 Тип апартамент: 1 - стаен Квадратура: 60 кв.м Година на строителство: 2025 г. Строителство: Тухла Етаж: 3-ти Брой етажи на сградата: 6 Последен етаж Отопление: Електричество Обзавеждане: Обзаведен Преход: Без преход Особености:,https://www.olx.bg/d/ad/luksozen-apartament-v-zatvoren-kompleks-s-morska-gledka-CID368-IDa0dth.html?search_reason=search%7Corganic,https://frankfurt.apollo.olxcdn.com:443/v1/files/qy0atoq5wz83-BG/image;s=216x152;q=50,04 май 2026 г.,NO
апартамент,"гр. Варна, Център",88,600,6.82,,"Давам под наем луксозно обзаведен тристаен апартамент в кв. Левски, гр. Варна 1173.50 лв. / 600 € | Навигиране до основното съдържание Навигиране до долен колонтитул Чат Нотификации Нотификации Твоят профил Добави обява Търсене Назад Заглавна страницаНедвижими имотиНаемиАпартаментиАпартаменти - Област ВарнаАпартаменти - ВарнаАпартаменти - Център ПРОМОТИРАЙ ОБНОВИ Частна Цена на кв.м: 6.82 Тип апартамент: 3 - стаен Квадратура: 88 кв.м Година на строителство: 1977 г. Строителство: Панел Етаж: 3-ти Брой етажи на сградата: 8 Последен етаж Отопление: Електричество Обзавеждане: Обзаведен Преход: Без",https://www.olx.bg/d/ad/davam-pod-naem-luksozno-obzaveden-tristaen-apartament-v-kv-levski-gr-varna-CID368-IDa0sDT.html?search_reason=search%7Corganic,https://frankfurt.apollo.olxcdn.com:443/v1/files/qajve696wz791-BG/image;s=216x152;q=50,04 май 2026 г.,NO
търговски,"гр. Варна, Център",45,480,10.67,,ОТДАВАМ МАГАЗИН ПОД НАЕМ 938.80 лв. / 480 € | Навигиране до основното съдържание Навигиране до долен колонтитул Чат Нотификации Нотификации Твоят профил Добави обява Търсене Назад Заглавна страницаНедвижими имотиНаемиМагазиниМагазини - Област ВарнаМагазини - ВарнаМагазини - Център ПРОМОТИРАЙ ОБНОВИ Частна Цена на кв.м: 10.67 Местоположение: на търговска улица Квадратура: 45 кв.м Година на строителство: 2000 г. Строителство: Тухла Брой етажи на сградата: 5 Отопление: Електричество Особености: СОТ ОПИСАНИЕ Магазина е след основен ремонт и се намира на ул .Дебър 34. Изключително подходящ за фризь,https://www.olx.bg/d/ad/otdavam-magazin-pod-naem-CID368-IDa0svX.html?search_reason=search%7Corganic,/app/static/media/no_thumbnail.15f456ec5.svg,04 май 2026 г.,NO
гараж,"гр. Варна, Левски",14,100,7.14,,"Паркомясто под наем, Левски, Варна 195.58 лв. / 100 € | Навигиране до основното съдържание Навигиране до долен колонтитул Чат Нотификации Нотификации Твоят профил Добави обява Търсене Назад Заглавна страницаНедвижими имотиНаемиГаражи, паркоместаГаражи, паркоместа - Област ВарнаГаражи, паркоместа - ВарнаГаражи, паркоместа - Левски ПРОМОТИРАЙ ОБНОВИ Частна Цена на кв.м: 7.14 Квадратура: 14 кв.м Вода: Без вода Ток: Без ток ОПИСАНИЕ Подземно паркомясто до 10-ти Пощенски клон - кв. Левски. ID: 146983145 Докладвай Влез в своя OLX акаунт или създай нов, за да се свържеш с този продавач Влез или се ре",https://www.olx.bg/d/ad/parkomyasto-pod-naem-levski-varna-CID368-ID9VJ1T.html?search_reason=search%7Corganic,/app/static/media/no_thumbnail.15f456ec5.svg,04 май 2026 г.,NO
апартамент,"гр. Варна, Кайсиева градина",68,104999,1544.1,,"Просторен апартамент 67,5 кв.м. в ж.к. 'Владислав Варненчик' 205360.19 лв. / 104999 € | Навигиране до основното съдържание Навигиране до долен колонтитул Чат Нотификации Нотификации Твоят профил Добави обява Търсене Назад Заглавна страницаНедвижими имотиПродажбиОфисиОфиси - Област ВарнаОфиси - ВарнаОфиси - Кайсиева градина ПРОМОТИРАЙ ОБНОВИ Частна Цена на кв.м: 1544.10 Квадратура: 68 кв.м Година на строителство: 2026 г. Строителство: Тухла Етаж: 7-ми Брой етажи на сградата: 8 Отопление: Електричество Особености: асансьор ОПИСАНИЕ ДИРЕКТНО ОТ ИНВЕСТИТОРА: Просторен двустаен апартамент в нова, м",https://www.olx.bg/d/ad/prostoren-apartament-67-5-kv-m-v-zh-k-vladislav-varnenchik-CID368-ID9WxMO.html?search_reason=search%7Corganic,/app/static/media/no_thumbnail.15f456ec5.svg,04 май 2026 г.,NO
парцел,"гр. Варна, Кайсиева градина",471,37000,78.56,,"Парцел Боровец Юг 72365.71 лв. / 37000 € | Навигиране до основното съдържание Навигиране до долен колонтитул Чат Нотификации Нотификации Твоят профил Добави обява Търсене Назад Заглавна страницаНедвижими имотиПродажбиПарцелиПарцели - Област ВарнаПарцели - ВарнаПарцели - Кайсиева градина ПРОМОТИРАЙ ОБНОВИ Частна Цена на кв.м: 78.56 Квадратура: 471 кв.м Регулация: В регулация Вода: Без вода Ток: Без ток ОПИСАНИЕ Собственик продава урегулиран поземлен имот в селищно образование ""Боровец юг"" с площ 471 кв.м. Имота е с правилна правоъгълна форма, има лека денивелация, няма открита партида за ток, е",https://www.olx.bg/d/ad/partsel-borovets-yug-CID368-ID9XFXy.html?search_reason=search%7Corganic,/app/static/media/no_thumbnail.15f456ec5.svg,04 май 2026 г.,NO
апартамент,"гр. Варна, Базар Левски",28,280,10.0,,Давам под наем обзаведена партерна боксониера 547.63 лв. / 280 € | Навигиране до основното съдържание Навигиране до долен колонтитул Чат Нотификации Нотификации Твоят профил Добави обява Търсене Назад Заглавна страницаНедвижими имотиНаемиАпартаментиАпартаменти - Област ВарнаАпартаменти - ВарнаАпартаменти - Базар Левски ПРОМОТИРАЙ ОБНОВИ Частна Цена на кв.м: 10 Тип апартамент: 1 - стаен Квадратура: 28 кв.м Година на строителство: 2009 г. Строителство: Тухла Етаж: Партер Брой етажи на сградата: 6 Последен етаж Отопление: Локално Обзавеждане: Обзаведен Преход: Без преход Особености: готварска печ,https://www.olx.bg/d/ad/davam-pod-naem-obzavedena-parterna-boksoniera-CID368-ID9XDhw.html?search_reason=search%7Corganic,/app/static/media/no_thumbnail.15f456ec5.svg,04 май 2026 г.,NO
парцел,"гр. Варна, Кайсиева градина",817,11248,13.77,,"Продавам дворно място 817 кв.м. на няколко км от Варна 22000 лв. / 11248.42 € По договаряне | Навигиране до основното съдържание Навигиране до долен колонтитул Чат Нотификации Нотификации Твоят профил Добави обява Търсене Назад Заглавна страницаНедвижими имотиПродажбиЗемеделски имотиЗемеделски имоти - Област ВарнаЗемеделски имоти - ВарнаЗемеделски имоти - Кайсиева градина ПРОМОТИРАЙ ОБНОВИ Частна Цена на декар: 22000 Площ в декари: 1 дка Тип: Лозе Категория земя: 4 Аренден договор: Без аренден договор ОПИСАНИЕ • Продавам лозе 817 кв.метра. Намира се близо до с. Езерово, община Белослав. • В им",https://www.olx.bg/d/ad/prodavam-dvorno-myasto-817-kv-m-na-nyakolko-km-ot-varna-CID368-ID9wmXO.html?search_reason=search%7Corganic,/app/static/media/no_thumbnail.15f456ec5.svg,03 май 2026 г.,NO
офис,"гр. Варна, Колхозен пазар",43,260,6.05,,"Давам под наем Ателие + складово помещение 508.52 лв. / 260 € | Навигиране до основното съдържание Навигиране до долен колонтитул Чат Нотификации Нотификации Твоят профил Добави обява Търсене Назад Заглавна страницаНедвижими имотиНаемиОфисиОфиси - Област ВарнаОфиси - ВарнаОфиси - Колхозен пазар ПРОМОТИРАЙ ОБНОВИ Частна Цена на кв.м: 6.05 Квадратура: 43 кв.м Година на строителство: 2006 г. Строителство: Тухла Етаж: Партер Брой етажи на сградата: 5 Последен етаж Отопление: Електричество Особености: СОТ, интернет, окабеляване ОПИСАНИЕ Давам под наем ателие 19 кв.м. /партер/ + складово помещение 2",https://www.olx.bg/d/ad/davam-pod-naem-atelie-skladovo-pomeschenie-CID368-ID9Wk8p.html?search_reason=search%7Corganic,/app/static/media/no_thumbnail.15f456ec5.svg,03 май 2026 г.,NO
земеделска,"гр. Варна, Чайка",890,5100,5.73,,"Отдавам под наем Хотел 9974.73 лв. / 5100 € | Навигиране до основното съдържание Навигиране до долен колонтитул Чат Нотификации Нотификации Твоят профил Добави обява Търсене Назад Заглавна страницаНедвижими имотиНаемиХотелиХотели - Област ВарнаХотели - ВарнаХотели - Чайка ПРОМОТИРАЙ ОБНОВИ Частна Цена на кв.м: 5.73 Квадратура: 890 кв.м Година на строителство: 2000 г. Строителство: Тухла Брой етажи на сградата: 5 Отопление: Локално ОПИСАНИЕ Под наем Хотел в района на м.Свети Никола,общо 23стай,ресторант 80места сезонен басейн,паркинг,частична гледка море. ID: 147561882 Докладвай Влез в своя OLX",https://www.olx.bg/d/ad/otdavam-pod-naem-hotel-CID368-ID9Z9Am.html?search_reason=search%7Corganic,/app/static/media/no_thumbnail.15f456ec5.svg,03 май 2026 г.,NO
апартамент,"гр. Варна, Център",25,350,14.0,,"Едностаен център Варна ЕТ. 2 684.54 лв. / 350 € | Навигиране до основното съдържание Навигиране до долен колонтитул Чат Нотификации Нотификации Твоят профил Добави обява Търсене Назад Заглавна страницаНедвижими имотиНаемиАпартаментиАпартаменти - Област ВарнаАпартаменти - ВарнаАпартаменти - Център ПРОМОТИРАЙ ОБНОВИ Частна Цена на кв.м: 14 Тип апартамент: 1 - стаен Квадратура: 25 кв.м Година на строителство: 1950 г. Строителство: Тухла Етаж: 2-ри Брой етажи на сградата: 2 Последен етаж Отопление: Електричество Обзавеждане: Обзаведен Преход: Без преход Особености: хладилник, климатик, пералня, те",https://www.olx.bg/d/ad/ednostaen-tsentar-varna-et-2-CID368-IDa0rQL.html?search_reason=search%7Corganic,/app/static/media/no_thumbnail.15f456ec5.svg,03 май 2026 г.,NO
апартамент,"гр. Варна, Автогара",42,106900,2545.24,,Собственик продава двустаен апартамент 209078.23 лв. / 106900 € | Навигиране до основното съдържание Навигиране до долен колонтитул Чат Нотификации Нотификации Твоят профил Добави обява Търсене Назад Заглавна страницаНедвижими имотиПродажбиАпартаментиАпартаменти - Област ВарнаАпартаменти - ВарнаАпартаменти - Автогара ПРОМОТИРАЙ ОБНОВИ Частна Цена на кв.м: 2545.24 Тип апартамент: 2 - стаен Квадратура: 42 кв.м Година на строителство: 2015 г. Строителство: Тухла Етаж: 5-ти Брой етажи на сградата: 6 Отопление: Електричество Обзавеждане: Обзаведен Състояние на сградата: Завършена Преход: Без преход,https://www.olx.bg/d/ad/sobstvenik-prodava-dvustaen-apartament-CID368-IDa01QR.html?search_reason=search%7Corganic,/app/static/media/no_thumbnail.15f456ec5.svg,Обновено на 03 май 2026 г.,NO
гараж,"гр. Варна, Победа",21,125,5.95,,"бул. Цар Освободител, до Campus90, подземно паркомясто с видеонаблюден 244.48 лв. / 125 € | Навигиране до основното съдържание Навигиране до долен колонтитул Чат Нотификации Нотификации Твоят профил Добави обява Търсене Назад Заглавна страницаНедвижими имотиНаемиГаражи, паркоместаГаражи, паркоместа - Област ВарнаГаражи, паркоместа - ВарнаГаражи, паркоместа - Победа ПРОМОТИРАЙ ОБНОВИ Частна Цена на кв.м: 5.95 Квадратура: 21 кв.м Вода: Без вода Ток: С ток ОПИСАНИЕ Подземен паркинг в зелената зона на бул. Цар Освободител, в района на Campus 90. Паркингът разполага с 2 бр. рампи, като всяка една м",https://www.olx.bg/d/ad/bul-tsar-osvoboditel-do-campus90-podzemno-parkomyasto-s-videonablyuden-CID368-ID9Xw1V.html?search_reason=search%7Corganic,/app/static/media/no_thumbnail.15f456ec5.svg,03 май 2026 г.,NO
гараж,"гр. Варна, Възраждане 2",12,80,6.67,,"Подземно паркомясто 156.47 лв. / 80 € По договаряне | Навигиране до основното съдържание Навигиране до долен колонтитул Чат Нотификации Нотификации Твоят профил Добави обява Търсене Назад Заглавна страницаНедвижими имотиНаемиГаражи, паркоместаГаражи, паркоместа - Област ВарнаГаражи, паркоместа - ВарнаГаражи, паркоместа - Възраждане 2 ПРОМОТИРАЙ ОБНОВИ Частна Цена на кв.м: 6.67 Квадратура: 12 кв.м Вода: Без вода Ток: Без ток ОПИСАНИЕ Давам подземно паркомясто под наем 12.5кв м. ул. Вяра 5 ID: 147551037 Докладвай Влез в своя OLX акаунт или създай нов, за да се свържеш с този продавач Влез или се",https://www.olx.bg/d/ad/podzemno-parkomyasto-CID368-ID9Z6Lr.html?search_reason=search%7Corganic,/app/static/media/no_thumbnail.15f456ec5.svg,03 май 2026 г.,NO
гараж,"гр. Варна, Окръжна болница",,4,,,"Зала за бокс Варна - почасово наемане 7 лв. / 3.58 € | Навигиране до основното съдържание Навигиране до долен колонтитул Чат Нотификации Нотификации Твоят профил Добави обява Търсене Назад Заглавна страницаНедвижими имотиНаемиЗали за танци, събитияЗали за танци, събития - Област ВарнаЗали за танци, събития - ВарнаЗали за танци, събития - Окръжна болница ПРОМОТИРАЙ ОБНОВИ Частна Вид: Спорт, забавления Цена: на ден ОПИСАНИЕ Отдавам почасово зала за бокс с ринг и круши. До окръжна болница. С паркинг. Цени от 3.00 евро за ученици и жени и 3.50 евро за мъже. ID: 147223995 Докладвай КОНТАКТ С ПРОДАВ",https://www.olx.bg/d/ad/zala-za-boks-varna-pochasovo-naemane-CID368-ID9XJGz.html?search_reason=search%7Corganic,/app/static/media/no_thumbnail.15f456ec5.svg,03 май 2026 г.,NO
